paciente_id|cnh_cd|fechaadmision_dt|fechaalta_dt|tipoalta_cd|circ_cont_cd|servicio_cd|tipo_contacto_cd|fechainicio_qx_dt|d1_cd|d2_cd|d3_cd|d4_cd|d5_cd|d6_cd|d7_cd|d8_cd|d9_cd|d10_cd|d11_cd|d12_cd|d13_cd|d14_cd|d15_cd|d16_cd|d17_cd|d18_cd|d19_cd|d20_cd|proc1_cd|proc2_cd|proc3_cd|proc4_cd|proc5_cd|proc6_cd|proc7_cd|proc8_cd|proc9_cd|proc10_cd|proc11_cd|proc12_cd|proc13_cd|proc14_cd|proc15_cd|proc16_cd|proc17_cd|proc18_cd|proc19_cd|proc20_cd|m1_cd|m2_cd|m3_cd|m4_cd|m5_cd|m6_cd
saepe|territo|2024-07-05 16:58:30|2020-07-11 02:58:40|trans|angelus|sortitus|tempora|2017-01-20 02:56:59|vallum|tamisium|victoria|acerbitas|deinde|aliqua|cognatus|acsi|contra|cena|aurum|conatus|avarus|crudelis|cumque|beneficium|terror|thesis|considero|absum|corpus|corpus|decretum|tenuis|tametsi|claudeo|culpa|vulnero|ex|minima|sequi|decretum|omnis|conforto|tergum|speculum|creber|vulgaris|tabesco|aspicio|deduco|voluptatem|distinctio|compono|audacia|amicitia
valetudo|alioqui|2021-05-21 22:19:56|2023-10-25 19:33:26|aut|acquiro|deserunt|animus|2019-01-11 10:23:49|deputo|vindico|cavus|pecco|causa|quasi|admitto|venio|terra|ullam|aestas|bestia|tutamen|vapulus|voluptas|placeat|iure|amor|adaugeo|summa|tricesimus|unus|atqui|vulgo|deduco|sollers|cernuus|utrimque|universe|aedificium|incidunt|voluptate|optio|temporibus|accendo|demitto|est|solus|valde|vinco|adflicto|pariatur|amicitia|timor|antepono|vitae
libero|vinculum|2019-05-14 07:57:00|2018-07-13 05:08:26|debeo|ipsam|ocer|caste|2020-02-18 20:19:38|totus|fugit|cibo|depraedor|summisse|caelum|timidus|vulticulus|laboriosam|alienus|officiis|ustulo|solvo|tergo|corrupti|vero|inventore|casso|delibero|cursus|vivo|abduco|architecto|repudiandae|compono|concedo|aperio|ratione|beatus|bellum|temperantia|compono|voro|coadunatio|benigne|congregatio|cultellus|currus|urbanus|utrum|ustilo|corporis|tui|dapifer|conservo|thermae
torqueo|uter|2017-03-27 19:14:49|2023-11-21 19:47:05|communis|ascit|vulgaris|ambitus|2019-07-11 13:49:58|alo|ceno|verecundia|truculenter|caput|atrox|compello|vulpes|nisi|timor|valetudo|fuga|quaerat|advenio|coaegresco|voluptatum|vitae|via|odio|conturbo|similique|quam|ultra|pariatur|curso|ara|vita|verumtamen|audeo|eligendi|accedo|civitas|conscendo|curriculum|strues|curo|adsum|timidus|pauci|viscus|tenuis|comes|terra|rerum|ut|adnuo
alii|vulgivagus|2018-07-29 00:45:40|2019-01-02 03:44:15|circumvenio|attero|approbo|conspergo|2025-03-06 23:59:02|ager|virga|appositus|cohaero|claro|cras|tollo|tamisium|arcus|eligendi|vitium|asper|derelinquo|canonicus|suppono|vapulus|valens|caries|doloribus|harum|debitis|solio|candidus|amita|adeptio|verto|consequuntur|volaticus|concido|est|reiciendis|ubi|vesper|supellex|adulescens|patrocinor|aliqua|cenaculum|cum|demulceo|summopere|creber|derelinquo|defluo|tener|quae
demum|tribuo|2026-03-02 07:00:13|2025-11-17 07:09:52|adversus|commemoro|tubineus|admoveo|2024-01-16 12:46:42|ustulo|temperantia|ullus|aspernatur|dedico|similique|aliqua|optio|claustrum|carbo|victoria|argumentum|nulla|temporibus|totidem|casso|quia|truculenter|aedificium|aperte|accendo|carpo|totam|aeger|tonsor|speculum|cruentus|nesciunt|coaegresco|eos|totus|maxime|solus|contra|perspiciatis|tabula|vociferor|canto|subito|totidem|adsidue|crepusculum|carmen|cui|expedita|abutor
nisi|modi|2021-10-12 05:07:31|2020-08-17 13:23:51|aegre|cupressus|vulgivagus|conicio|2018-12-14 14:53:42|volutabrum|pecco|cognomen|currus|ullus|audio|ulciscor|cogo|dignissimos|amicitia|quis|demo|thesis|conitor|dapifer|articulus|custodia|decipio|cura|adversus|possimus|acidus|vulnero|aduro|vinum|ascit|suscipit|thorax|vox|delectus|nulla|supplanto|aestivus|utique|eligendi|civitas|approbo|deficio|facere|utilis|via|curis|aequus|casus|territo|dapifer
succedo|et|2026-01-05 08:02:58|2023-10-21 08:55:04|cernuus|accommodo|annus|quae|2020-03-13 21:45:28|dolores|tergum|adeo|condico|vado|texo|tantum|repellendus|timor|spiculum|vicissitudo|corrumpo|conventus|natus|vacuus|eius|odio|veritas|admoneo|terminatio|tres|ulterius|aptus|colligo|acceptus|ea|solitudo|triumphus|adiuvo|aeger|solutio|amita|officiis|thymbra|suadeo|vomito|quibusdam|conor|thalassinus|tristis|quas|depromo|pel|ventito|decens|uterque
verto|vereor|2024-07-16 22:08:47|2025-08-10 22:21:37|coruscus|turba|volva|color|2025-05-23 23:36:30|tibi|autem|defero|clam|ullus|cognatus|baiulus|advoco|aetas|cibus|apostolus|tersus|explicabo|derideo|teneo|studio|fuga|degenero|calculus|tondeo|crapula|veritas|desino|sonitus|demergo|cogito|deficio|derideo|dolorum|altus|comprehendo|desolo|urbs|vulnus|bibo|speculum|capitulus|suscipit|patior|acidus|utilis|voluptate|considero|venia|caveo|arcesso
dolor|arbitro|2025-02-04 01:05:09|2020-06-19 06:56:05|victoria|illo|laudantium|vivo|2018-08-07 15:49:20|reprehenderit|usus|acquiro|accusamus|odio|tenuis|inventore|damnatio|sollers|caute|animadverto|unus|surgo|vae|copiose|blanditiis|ascisco|utroque|adhuc|victoria|concedo|uterque|deputo|combibo|aegrotatio|blanditiis|minus|apto|arma|possimus|via|labore|vulticulus|carpo|vociferor|admoveo|anser|absque|careo|taedium|tamisium|volaticus|triduana|eum|defleo|atrox
vinculum|abscido|2018-04-13 08:18:57|2018-12-09 05:43:12|totam|cognatus|eum|vestigium|2025-08-30 14:28:31|conicio|bellicus|odit|aperte|decumbo|delectus|vinculum|addo|vobis|laudantium|delicate|collum|cultura|illo|callide|aeger|compono|credo|aegre|synagoga|ipsum|ullus|amissio|condico|sursum|tenax|soleo|auctor|comparo|ventus|temporibus|certe|tyrannus|venio|conventus|utilis|vado|ciminatio|aer|bellum|solium|charisma|deficio|versus|magnam|carcer
dapifer|thema|2017-12-14 17:06:23|2023-02-08 20:24:18|adfero|adhaero|comparo|sequi|2022-01-01 02:23:14|ver|pectus|cavus|tersus|tribuo|brevis|cursus|velit|consectetur|curvo|absconditus|caelum|subiungo|civis|cognomen|thalassinus|sonitus|vomito|aliquam|titulus|pecco|provident|sollers|crustulum|timidus|incidunt|patria|velit|calamitas|aeternus|cohibeo|ustilo|cultellus|vesper|caveo|synagoga|vester|cubicularis|damnatio|calco|demens|quisquam|coma|tabula|voluptas|capto
voluptates|amet|2017-12-29 05:25:29|2017-07-27 18:20:40|corrigo|accusator|blandior|aedificium|2019-10-16 01:56:45|condico|vestigium|claustrum|delectatio|aspernatur|beatae|solum|laboriosam|spiritus|comprehendo|qui|cupressus|creber|verus|super|votum|stultus|architecto|audax|curso|incidunt|sodalitas|creptio|temeritas|deporto|amissio|vigor|antea|nostrum|quod|cicuta|conicio|cogo|cohibeo|tenuis|pel|apto|aestivus|quas|coruscus|tergeo|votum|thorax|terga|appono|nesciunt
voveo|deserunt|2018-08-13 07:58:27|2022-02-04 13:55:18|tamquam|via|strenuus|trucido|2021-07-13 17:38:43|beatus|canonicus|trado|voluptatem|aveho|temperantia|attollo|decumbo|iusto|vacuus|careo|patruus|beatae|templum|temperantia|deserunt|textor|celer|tondeo|teres|sum|conduco|caelestis|amor|universe|barba|tego|sollicito|vindico|cum|conventus|barba|atqui|colligo|verbum|vero|dolor|curo|assumenda|astrum|trucido|atavus|assentator|inventore|sulum|thema
celebrer|canto|2020-02-24 14:14:21|2024-09-29 17:47:29|talio|assumenda|vicissitudo|vita|2020-08-24 10:35:42|valde|vestigium|spargo|aggero|spero|undique|eius|ipsum|cohibeo|tollo|appello|ventus|adeptio|aegre|cetera|confido|defleo|ullam|delibero|cultura|audentia|tabesco|viriliter|vulgo|accommodo|vix|voluntarius|valeo|artificiose|consuasor|aestus|tres|certe|beatae|angulus|vos|vociferor|autus|cumque|undique|trado|vilis|absorbeo|autem|tunc|carbo
amaritudo|arma|2020-06-19 20:30:31|2025-05-13 22:18:32|adfero|patria|tempora|similique|2026-04-13 03:53:37|paens|tertius|ipsa|modi|tendo|pax|cuius|condico|uberrime|adaugeo|adsum|sunt|crustulum|casso|velociter|voluptas|decet|blandior|patrocinor|comedo|defaeco|corrupti|tabernus|vereor|umerus|sophismata|vado|cursim|cursus|curriculum|creator|advoco|aranea|degusto|constans|aperte|debeo|placeat|summisse|adsidue|campana|celo|vinitor|barba|thymum|incidunt
urbs|aegre|2024-04-25 19:29:17|2020-08-12 06:13:08|triumphus|tribuo|tergo|baiulus|2023-08-11 04:01:34|sumptus|ipsa|cuppedia|censura|summopere|vestigium|careo|virga|tabernus|tubineus|solium|thymum|supellex|adeptio|vester|commodi|brevis|alienus|odio|quidem|cornu|ut|subiungo|ager|sequi|thema|ter|corporis|aperiam|caries|fuga|tactus|ustilo|atavus|autem|placeat|tabesco|vae|architecto|baiulus|alius|triumphus|quasi|comis|terreo|cicuta
suscipit|color|2022-04-07 15:18:50|2020-02-17 07:26:42|appello|desparatus|ipsum|curatio|2024-08-22 16:47:32|coadunatio|ventosus|xiphias|nostrum|curo|xiphias|amor|tabella|desidero|repellat|tondeo|beneficium|quos|suppono|spoliatio|subvenio|nemo|tendo|vulariter|subnecto|amoveo|ubi|carcer|ait|templum|damnatio|concedo|adversus|autem|tergiversatio|ater|amicitia|ademptio|vulticulus|verbera|optio|ipsum|consectetur|beneficium|defendo|curia|super|suffoco|magni|uberrime|una
crur|aegrus|2020-12-10 10:45:19|2026-08-03 19:28:10|aspicio|tui|voluptate|textus|2021-03-21 15:12:38|comptus|maxime|cubitum|confido|valens|verbum|utrum|comedo|adficio|ustilo|tero|convoco|aequus|vallum|una|demens|alo|fugiat|talis|convoco|verus|balbus|aduro|ipsa|succurro|abeo|sol|curiositas|tempore|ambulo|astrum|ascisco|trans|conatus|debilito|claustrum|strenuus|subiungo|curriculum|custodia|bos|terga|tristis|barba|contra|aegrus
vallum|decor|2025-05-11 15:29:22|2016-10-14 10:09:50|vulgo|caries|adimpleo|crur|2017-02-17 06:03:20|decipio|demergo|quibusdam|suasoria|consequuntur|ipsa|venia|cibo|aperio|minima|repudiandae|caput|tantum|ratione|maxime|ademptio|vesica|argentum|defaeco|conservo|degusto|sequi|ipsum|in|quia|aeneus|curtus|ipsam|canonicus|demitto|trans|ullus|aperte|desino|nemo|accusantium|vicissitudo|tamisium|abutor|calcar|cotidie|concedo|aduro|claudeo|sunt|appello
eum|thorax|2023-04-19 07:06:44|2024-01-03 07:44:37|turba|appello|appello|eveniet|2019-07-29 06:15:08|advenio|tepesco|maxime|acies|vix|ex|cariosus|harum|templum|vomer|socius|tonsor|temptatio|neque|abeo|decipio|vigilo|temperantia|sufficio|artificiose|viridis|corrupti|thymbra|sequi|magni|vindico|attonbitus|cupiditate|arcesso|terra|adsum|coruscus|harum|turpis|vir|utpote|carus|sapiente|volaticus|usitas|cimentarius|sophismata|cometes|accommodo|copia|tamen
cupio|stipes|2024-02-25 10:14:55|2020-11-04 15:20:29|varietas|nostrum|thalassinus|usus|2018-07-19 17:25:22|demens|laudantium|administratio|arguo|virtus|confido|absque|ater|coruscus|minima|tactus|desipio|minus|vesica|addo|natus|stella|defessus|vigilo|bellum|eum|ex|cognatus|comminor|suasoria|colligo|adfectus|ex|dolorum|decet|stips|occaecati|tergeo|adhuc|aestus|acceptus|volup|defessus|voluptate|turpis|titulus|defungo|adnuo|coniuratio|sopor|astrum
canis|vestigium|2022-11-15 04:43:22|2022-01-04 19:17:09|curatio|subvenio|viduo|vesper|2022-05-01 19:12:09|veritatis|ager|fugiat|tollo|vulnero|comitatus|autus|magnam|crinis|carmen|officiis|brevis|eum|trado|vorax|arx|conspergo|patria|occaecati|celer|tamdiu|vetus|aeger|cognatus|amitto|placeat|artificiose|vallum|aer|denique|utroque|terebro|coerceo|brevis|caterva|suasoria|comis|causa|neque|beatus|labore|venustas|maxime|suppellex|apto|antiquus
esse|traho|2017-12-13 12:28:34|2024-07-07 16:05:00|viscus|valeo|antea|casus|2021-02-27 08:47:55|adiuvo|voro|tempus|cohibeo|paulatim|contra|facere|alter|deputo|pariatur|conitor|tutamen|arbor|animi|audacia|deprimo|acsi|ullam|vulgivagus|id|acerbitas|asperiores|creator|dolorum|colo|cognomen|colo|universe|veniam|baiulus|vulgaris|cupiditate|varietas|appello|tenax|vox|carus|vilicus|comburo|spiculum|tenus|natus|delectus|cultellus|surgo|conicio
despecto|accusamus|2021-10-29 20:40:28|2020-08-10 10:41:12|avarus|error|vulgivagus|alioqui|2017-10-25 10:20:20|templum|conforto|ex|varietas|desino|bonus|decipio|commodi|apud|venia|cinis|distinctio|laudantium|votum|ademptio|volaticus|creber|vigor|vito|teres|tumultus|adnuo|defungo|officia|sto|degero|thymbra|arbor|catena|cresco|soluta|conscendo|basium|vix|volutabrum|caelestis|vomica|adipisci|eligendi|patior|sonitus|demum|turbo|suscipio|voluptatum|denuo
possimus|summa|2026-04-22 02:22:49|2020-06-07 20:32:27|supra|atrox|asper|urbs|2019-01-19 13:32:50|termes|volaticus|amita|cribro|appello|adversus|creber|quia|talus|cohaero|valetudo|apparatus|cumque|patior|temperantia|ciminatio|conspergo|tot|vomica|spiculum|adaugeo|clarus|caries|defungo|tabula|cubitum|calcar|beneficium|crur|consequuntur|desolo|clamo|ascit|vae|doloremque|verbera|acies|coaegresco|cinis|crebro|ab|apto|demitto|timidus|sum|campana
audeo|una|2017-07-17 23:22:40|2023-09-30 11:31:46|admoveo|admiratio|cumque|astrum|2018-12-03 05:12:50|territo|crinis|subiungo|comis|odit|quam|cur|arto|amplexus|velociter|subnecto|reiciendis|annus|caste|statim|audio|succedo|xiphias|animus|tego|aedificium|crinis|contabesco|aqua|sol|amicitia|aegrotatio|cognatus|aliquam|eos|titulus|demum|arto|bellicus|acer|taedium|vinculum|crur|reiciendis|caries|cedo|vero|sint|stipes|adopto|vergo
deserunt|super|2023-08-28 14:14:11|2020-10-28 12:50:55|vester|spiritus|calculus|nihil|2020-11-06 16:42:16|civitas|conturbo|allatus|sodalitas|amaritudo|agnosco|ago|curriculum|adflicto|alienus|delicate|id|valeo|cuppedia|sapiente|defetiscor|tum|absum|commemoro|succurro|stabilis|distinctio|adimpleo|corpus|demulceo|cumque|demonstro|amissio|comprehendo|territo|ars|substantia|vulariter|ventosus|thesaurus|thorax|attonbitus|cometes|absorbeo|aveho|urbanus|concido|asperiores|colo|studio|taedium
calamitas|utilis|2023-01-26 08:46:38|2022-11-30 06:30:57|suscipio|numquam|aequus|conduco|2025-11-25 23:40:52|quo|tener|baiulus|debitis|vetus|compono|defendo|trado|confero|voluntarius|impedit|vinitor|quasi|adsidue|avaritia|aestas|tepidus|vinco|ante|pecco|calamitas|coepi|turpis|adduco|ullus|tremo|copia|aspernatur|eaque|a|arbustum|creber|dolor|iure|cerno|aestas|cornu|stillicidium|talio|ultio|clamo|perferendis|tener|aedificium|alter|aegrus
ager|molestias|2024-06-12 02:25:32|2018-07-18 19:31:36|suppellex|cito|amissio|subnecto|2022-10-02 02:22:00|unde|aiunt|suppellex|voco|vita|claro|mollitia|cursim|celo|consectetur|spero|timor|sol|uter|accendo|caveo|adhaero|attonbitus|volva|vitiosus|varius|virtus|vulnus|timor|aedificium|derideo|ventito|conitor|tergum|vespillo|confero|depromo|tunc|caelum|vehemens|deleniti|depraedor|adipisci|comis|bellum|alo|deludo|delectatio|auxilium|aiunt|vix
cenaculum|aliqua|2022-07-25 01:34:07|2021-05-07 01:10:37|compello|viriliter|cresco|accusantium|2020-06-29 08:03:56|auctor|suffoco|praesentium|eum|creta|articulus|quos|veritas|necessitatibus|id|vigilo|defero|perferendis|natus|deludo|incidunt|acies|adhaero|bibo|coniuratio|xiphias|eveniet|deduco|depraedor|ter|abstergo|denique|aliqua|similique|saepe|comptus|vivo|decens|ducimus|super|cohibeo|auxilium|crux|centum|aggredior|civis|curto|ipsam|crebro|degero|cogo
vox|possimus|2020-07-25 12:18:29|2024-02-08 09:16:03|utor|temperantia|nesciunt|tener|2024-08-03 21:21:30|adduco|tenuis|auditor|defetiscor|viscus|tripudio|thymum|virtus|sublime|ascisco|celebrer|in|absconditus|brevis|abeo|suppellex|appello|vestigium|aestas|fuga|cunctatio|claustrum|laboriosam|clam|adnuo|adipiscor|claro|approbo|tutamen|voluptatem|esse|celebrer|arma|tabernus|aduro|defetiscor|acquiro|sollicito|dolorem|occaecati|vita|creo|decet|verus|triduana|ager
cur|theca|2018-02-11 03:09:16|2024-11-08 23:05:29|atrox|coaegresco|tui|ullam|2026-08-21 12:08:46|appono|voluptatum|timidus|vinitor|paens|nulla|viridis|provident|utpote|vilis|necessitatibus|altus|natus|conicio|audax|tondeo|tribuo|doloremque|cogo|cohors|totus|arca|ars|aeger|callide|spero|defendo|urbanus|vita|vesco|laudantium|tergeo|aeger|somniculosus|tristis|debilito|vitiosus|officia|ut|tenetur|vulnero|solitudo|curto|ultra|cultura|admoveo
sulum|abundans|2017-01-09 03:58:57|2023-02-20 21:04:28|tertius|valetudo|placeat|coma|2017-09-16 17:02:35|suppono|totam|vigor|socius|sollers|dolores|tendo|quo|decumbo|somniculosus|aperiam|maiores|delicate|viridis|torqueo|at|ad|patrocinor|asper|quidem|ver|denique|spes|illum|annus|caput|surgo|deorsum|aestus|benevolentia|beatae|vespillo|cras|verumtamen|ad|circumvenio|autem|amiculum|cur|numquam|valeo|quo|angulus|aureus|ea|nam
summisse|vesco|2021-07-27 22:30:49|2026-09-08 08:13:58|attollo|debitis|depulso|vapulus|2017-03-02 04:53:23|ab|complectus|asporto|possimus|illum|tempus|cum|carus|sono|audeo|cubo|undique|eveniet|depraedor|pax|votum|defero|una|debitis|utor|decretum|cruentus|ultio|tyrannus|pecto|tricesimus|conduco|aeternus|claustrum|creator|turpis|minus|defluo|crastinus|cruciamentum|vitiosus|demitto|abundans|adipisci|adversus|adeo|sollicito|dolore|sursum|thymbra|crux
allatus|admoneo|2021-09-05 23:56:29|2025-11-06 18:11:50|stabilis|optio|currus|suasoria|2022-03-22 22:58:27|absorbeo|suus|tergeo|conspergo|delectatio|copiose|assentator|voro|auxilium|tepesco|theca|vulpes|labore|adhuc|deludo|tristis|ut|amicitia|uredo|adversus|audax|decens|caecus|admiratio|utrimque|acceptus|quasi|viscus|considero|natus|quasi|alveus|adhuc|statim|circumvenio|dapifer|avarus|eveniet|colo|vinitor|amor|ater|peccatus|officiis|vilitas|quo
solum|aperio|2018-03-26 08:53:37|2017-03-07 18:17:12|cibo|tero|copiose|apparatus|2026-03-12 16:34:27|colligo|truculenter|bardus|trepide|omnis|ustilo|clarus|esse|vos|dolor|virtus|thalassinus|cruentus|quaerat|cohors|harum|sum|soleo|terebro|doloribus|collum|aeger|ustilo|decimus|debitis|vinco|aedificium|stultus|blandior|campana|ait|cur|aiunt|texo|debilito|caput|vel|speculum|adimpleo|cicuta|praesentium|pauper|super|averto|amiculum|ara
inflammatio|tripudio|2025-05-31 22:16:59|2026-07-08 18:08:38|coaegresco|venio|caterva|beneficium|2021-11-08 21:18:00|absorbeo|sub|charisma|sumptus|iusto|copia|arto|urbs|conventus|spiculum|degenero|avaritia|auxilium|deleniti|deserunt|nostrum|bestia|curis|defaeco|crapula|thesis|universe|acer|desolo|vulgaris|carus|tabesco|thymum|qui|calco|angelus|tres|ter|tredecim|arbitro|solitudo|adaugeo|acies|sub|eius|ancilla|paens|voluntarius|sumptus|triduana|sollers
odit|averto|2022-09-07 22:08:41|2017-12-31 10:24:09|arca|ventito|vinculum|apparatus|2023-08-05 16:41:37|patruus|depopulo|suscipio|amitto|curia|crustulum|coadunatio|paulatim|pax|cattus|color|ipsum|coerceo|tergeo|abduco|infit|sopor|debeo|victoria|argentum|utroque|ceno|vado|vomer|amita|ambulo|defungo|vehemens|adstringo|adflicto|strenuus|tumultus|pauci|absorbeo|calcar|nihil|aegrus|tamquam|ea|thalassinus|uberrime|error|attollo|somnus|corrupti|bellicus
cognatus|cubicularis|2020-01-17 18:33:49|2022-03-18 05:32:30|sollicito|stipes|conor|arbustum|2024-11-30 16:38:15|cavus|varietas|audeo|vomito|demergo|undique|adeptio|supra|tondeo|vicinus|sto|animi|mollitia|alter|deleniti|aveho|somnus|templum|aggero|possimus|vobis|triduana|verecundia|talis|truculenter|centum|tabella|careo|advenio|ante|nihil|causa|crebro|subseco|cras|viduo|vita|sodalitas|tonsor|facere|denuo|voluptatum|ceno|delicate|demoror|conduco
tergum|stillicidium|2024-06-20 17:40:34|2026-08-28 09:00:19|vigor|victus|tenuis|temporibus|2019-09-27 12:19:33|coepi|vinum|accusator|temptatio|ab|sono|adeptio|vilitas|abbas|ter|autem|arcesso|tabula|aqua|adstringo|sophismata|artificiose|amita|vulnero|circumvenio|curtus|tero|aeneus|tergum|alius|adeo|at|tubineus|undique|cavus|concido|verbera|amet|astrum|ascisco|ultra|curis|rem|circumvenio|desparatus|tantillus|ademptio|verbum|cariosus|stabilis|tabella
omnis|cupiditate|2026-05-02 09:47:10|2026-03-20 04:22:10|tui|nemo|barba|clam|2020-02-06 17:05:50|thalassinus|calcar|careo|urbanus|tum|validus|speciosus|amplitudo|comedo|utor|vigilo|strenuus|canis|cenaculum|defluo|varius|centum|coniecto|officia|blandior|urbs|commodo|cohors|certus|comis|textilis|voluntarius|creptio|victus|calco|laudantium|clamo|vigilo|strues|colo|compono|doloremque|aspicio|urbanus|tutis|desparatus|solum|aureus|aegrotatio|curatio|vir
combibo|asporto|2021-12-11 11:05:51|2025-12-18 10:34:11|tametsi|arbor|tamquam|voco|2025-05-03 03:20:44|pecus|minima|numquam|volup|nisi|dens|odit|amaritudo|convoco|ubi|undique|canis|tametsi|amoveo|aufero|cogito|cito|quae|thesis|creo|sto|clibanus|at|assumenda|maiores|curia|vox|audentia|arceo|bos|casus|aperio|sophismata|civis|terebro|aranea|coma|vilicus|vinculum|vergo|defendo|avaritia|cui|apostolus|ocer|numquam
acidus|cometes|2018-07-30 20:33:15|2019-10-19 02:08:35|confido|tenetur|celebrer|capto|2017-10-04 04:57:48|laboriosam|taedium|arbitro|acer|volutabrum|corrigo|vulticulus|vinum|tum|pauper|acceptus|vel|torrens|crastinus|tenuis|usitas|accusamus|sed|acerbitas|terra|quaerat|clementia|dedecor|utroque|consequatur|sum|tonsor|atqui|comitatus|advenio|succurro|virgo|calamitas|hic|cumque|vita|depopulo|tenuis|advenio|quibusdam|demonstro|vivo|casso|consuasor|centum|traho
artificiose|denego|2021-05-10 19:29:05|2020-07-13 13:17:21|cuppedia|antepono|versus|pel|2019-07-22 15:59:21|vigilo|catena|incidunt|decens|conspergo|auditor|adversus|sol|depromo|una|absconditus|sulum|thalassinus|claro|magnam|consequuntur|tenetur|tamisium|desparatus|varietas|tabgo|timor|vitium|talus|veritatis|toties|venia|abstergo|facilis|porro|uredo|cado|perspiciatis|cupiditas|aggero|spargo|atque|aequitas|adficio|pariatur|creator|antiquus|clementia|calamitas|carpo|tener
comitatus|comptus|2016-11-10 22:36:35|2022-10-03 14:18:46|circumvenio|saepe|concedo|vitiosus|2019-11-27 14:32:40|audacia|curriculum|vita|nisi|antea|solitudo|circumvenio|praesentium|claustrum|est|aureus|tunc|odio|distinctio|vero|audentia|illo|sonitus|thesaurus|voco|crepusculum|turbo|calamitas|tonsor|auctus|admoneo|ab|cibo|calco|caritas|color|spero|aureus|conforto|admiratio|callide|virtus|decipio|velit|soleo|sollicito|villa|id|perspiciatis|verecundia|tergum
altus|solus|2019-12-05 19:32:23|2026-03-21 03:57:16|caecus|alioqui|sortitus|occaecati|2025-01-01 20:43:32|aptus|cariosus|creber|sub|tristis|despecto|attollo|tollo|vindico|officiis|approbo|voco|conitor|cattus|viduo|consequuntur|temporibus|tergiversatio|corrigo|candidus|comptus|solium|suscipit|demum|pecto|adipiscor|commodi|enim|corrigo|considero|cariosus|tabgo|expedita|ambitus|delibero|territo|ago|caritas|deduco|triumphus|natus|vetus|possimus|traho|caterva|audio
totam|ambitus|2026-04-21 11:13:21|2025-02-22 13:55:58|cum|callide|articulus|adulescens|2018-11-12 01:42:14|adipisci|comedo|desolo|demoror|paens|strenuus|stabilis|iusto|coaegresco|stips|amet|quia|quos|sed|chirographum|curo|turbo|quis|averto|vulnero|advoco|antepono|color|artificiose|doloremque|delego|spoliatio|coma|carus|impedit|denego|vilicus|nihil|volutabrum|vulgus|terminatio|veritas|tabgo|verus|causa|adopto|quas|via|auctus|careo|et
combibo|via|2019-02-06 05:31:56|2025-04-25 19:10:08|suffoco|subvenio|viridis|delego|2019-06-25 22:41:02|denuo|rem|non|stella|attonbitus|tergeo|curto|vulgivagus|ustulo|sodalitas|laboriosam|acies|utique|delicate|ante|officiis|deprimo|angustus|velum|ubi|uberrime|ascisco|somniculosus|ventito|campana|cohibeo|vis|abundans|compono|contabesco|statua|condico|aqua|constans|canto|tersus|attonbitus|in|ventito|caelum|facere|subito|cetera|ex|ascisco|itaque
carus|degusto|2021-06-03 08:19:48|2022-04-06 06:14:42|culpo|statim|adulatio|cena|2020-07-13 09:40:59|decet|tener|talus|animus|ver|adeptio|socius|templum|umerus|quis|temporibus|adsum|ipsa|aegrotatio|curis|averto|depraedor|cetera|creta|administratio|venio|chirographum|ventus|facere|solio|creber|annus|uter|arbustum|clementia|absorbeo|velum|et|arbustum|aegrus|volo|vester|communis|vomer|solium|balbus|thorax|utor|constans|careo|pecus
accusamus|angustus|2017-08-28 01:45:30|2021-03-08 13:21:06|recusandae|tracto|alioqui|adsum|2020-03-03 19:38:42|sequi|deduco|spoliatio|earum|truculenter|deleo|adficio|pel|admitto|caterva|carbo|tam|accusator|thymum|bonus|delectus|subnecto|commodi|talis|cedo|abutor|illo|unde|alius|desino|bonus|subvenio|succedo|alius|terra|solum|animus|corroboro|taedium|ducimus|conicio|vae|cibo|ademptio|tyrannus|sordeo|volva|aperiam|amplexus|comptus|toties
spargo|absque|2019-09-10 10:02:53|2021-10-23 05:57:53|ipsa|utrum|statua|vulnus|2020-12-08 15:42:03|cohaero|blanditiis|defetiscor|texo|accusantium|adhaero|decor|cupiditas|benigne|qui|conatus|addo|super|clarus|complectus|acidus|aggredior|peior|libero|cogito|desidero|dens|cervus|blandior|sub|vel|alienus|cotidie|combibo|aveho|ter|tres|video|asper|distinctio|tepesco|ocer|subvenio|tristis|thermae|confido|uxor|tubineus|desino|quod|decipio
nulla|articulus|2016-11-03 11:59:30|2025-02-21 08:01:43|clam|patior|pecus|antea|2024-10-12 00:58:02|dolores|depono|quibusdam|cervus|velit|tracto|arma|incidunt|aduro|bene|natus|maiores|aegre|vespillo|facere|talus|auctus|error|abutor|voluptates|calamitas|despecto|tyrannus|caveo|tendo|sordeo|carbo|acer|dignissimos|deputo|tolero|sursum|socius|recusandae|baiulus|alii|coniuratio|cogito|auxilium|degero|vos|spiculum|argentum|tener|sortitus|cohibeo
abundans|cetera|2023-11-16 14:46:09|2025-11-18 05:16:56|certus|commodo|hic|beatae|2024-05-27 17:50:10|spiculum|thesaurus|curis|tactus|summa|eveniet|conor|vociferor|totidem|beneficium|confero|accedo|stultus|temperantia|blandior|tollo|amicitia|conitor|volutabrum|aedificium|deprimo|villa|paens|assentator|denuncio|acervus|trucido|paens|maxime|iusto|timor|umbra|ratione|eos|sulum|cuius|cohors|nulla|urbanus|pariatur|pel|tendo|caelestis|combibo|corpus|atrox
contabesco|comitatus|2024-08-06 23:15:52|2022-01-16 04:22:39|coadunatio|deleniti|blanditiis|tergo|2021-03-31 17:40:40|crur|ulterius|coadunatio|utpote|certus|aegre|arx|tracto|attero|optio|solutio|xiphias|volaticus|cohors|denuncio|sulum|optio|summisse|allatus|officiis|tantillus|vulpes|comitatus|assumenda|cras|volo|absum|uterque|temeritas|colo|calculus|accedo|terga|alioqui|verbera|charisma|rem|truculenter|contra|acies|assumenda|rem|doloribus|angelus|curatio|ademptio
fuga|omnis|2019-07-05 05:57:56|2023-09-06 09:51:55|despecto|sopor|alter|artificiose|2022-03-11 09:14:09|cotidie|arbitro|deputo|quibusdam|commodo|bene|error|alveus|sulum|facilis|theologus|urbanus|abeo|voro|beatae|ager|templum|ambulo|denuncio|vinco|via|denego|utilis|totus|iste|aliqua|subvenio|deludo|spiculum|defessus|derelinquo|explicabo|torqueo|derelinquo|voluptas|alveus|alveus|aegrotatio|conventus|colligo|capto|vapulus|vulgaris|ustulo|ullus|canto
cernuus|summopere|2023-03-20 07:45:47|2020-12-09 04:31:48|spiritus|delicate|surculus|sequi|2016-12-31 11:26:47|tertius|numquam|decipio|apparatus|textor|strues|vitae|facere|aureus|templum|somnus|cubicularis|advoco|suggero|accendo|autus|decerno|conventus|viriliter|nesciunt|taedium|adopto|ceno|crux|adicio|amo|tempus|cupio|neque|calcar|vox|tertius|numquam|laboriosam|facilis|tempus|turbo|sordeo|ultio|communis|adeo|brevis|celo|trans|adhuc|conservo
tactus|victoria|2023-04-21 17:15:40|2024-05-24 04:31:07|capillus|vilicus|usque|vergo|2019-04-30 08:17:37|currus|velum|attollo|claro|infit|temperantia|cruciamentum|adulescens|solutio|valens|exercitationem|et|compello|cur|bardus|vociferor|vester|adhuc|ut|anser|cognatus|qui|nulla|quidem|vitiosus|ventus|voluptates|aveho|cohaero|combibo|vulgo|acsi|ago|coruscus|theatrum|trans|harum|desolo|textilis|voro|validus|delectatio|deorsum|eligendi|villa|compello
animus|sortitus|2022-06-17 15:16:30|2023-11-24 09:39:44|valde|vomer|verumtamen|administratio|2025-07-17 09:33:19|super|adimpleo|tepesco|thymum|atqui|trado|careo|brevis|audeo|pecco|vereor|thymbra|totidem|voluptatem|xiphias|vado|stips|cursim|soleo|tepidus|defero|acceptus|subiungo|volutabrum|curvo|toties|alo|deleo|tunc|ustilo|carbo|accusantium|umbra|tracto|vado|deinde|ater|arcus|truculenter|demens|tabella|vitae|textilis|baiulus|aegre|tardus
voluntarius|absens|2020-11-05 16:13:44|2016-12-12 03:12:05|videlicet|xiphias|tubineus|vix|2022-07-17 12:49:10|tres|blanditiis|corporis|unde|ars|victoria|amplus|maiores|candidus|verbera|virtus|repellendus|magnam|demitto|aptus|cena|tepesco|enim|laboriosam|hic|capio|tredecim|supellex|templum|reprehenderit|catena|tui|deprecator|crur|tempore|arbitro|carcer|vesica|attonbitus|cognatus|villa|aestus|enim|solvo|magni|eligendi|adhuc|viriliter|creptio|sui|amiculum
alius|synagoga|2021-05-05 06:23:24|2020-04-19 13:37:21|conspergo|corroboro|agnosco|ab|2023-11-07 07:20:12|cubo|tabella|volubilis|sufficio|depromo|denego|amitto|vulariter|verumtamen|cras|titulus|defaeco|dolore|succedo|cresco|incidunt|ciminatio|ter|ater|amo|cribro|torrens|qui|voluptates|administratio|accusantium|aegre|vinculum|supra|tum|arcus|labore|cruentus|ater|fugit|stultus|bestia|ver|dedecor|patior|videlicet|utilis|utroque|ars|atavus|supra
deporto|tui|2019-12-28 01:42:42|2019-12-09 05:50:39|vester|valetudo|ars|defero|2017-11-01 05:21:24|textilis|ventus|volva|comparo|cognatus|solus|laborum|theatrum|fuga|sapiente|eaque|ascisco|carcer|carcer|sed|adopto|surculus|demens|cernuus|acceptus|theca|adicio|vir|summa|clarus|depulso|audacia|voluntarius|tremo|cuius|caecus|coma|laborum|thermae|adinventitias|conatus|optio|una|versus|ancilla|inventore|calamitas|accendo|tactus|canonicus|subnecto
versus|laborum|2024-08-04 23:05:16|2019-12-15 22:31:49|non|unde|utrum|conor|2026-06-22 06:18:27|tripudio|cado|pax|alioqui|brevis|sapiente|cupiditas|volva|suppellex|tergeo|sublime|iste|brevis|thymbra|aegrus|eveniet|arbitro|blanditiis|suscipit|supplanto|corroboro|venustas|basium|accedo|debeo|speciosus|urbanus|spero|asper|atqui|vitiosus|bos|tot|sollicito|cupio|validus|sordeo|provident|aeneus|harum|vindico|thymum|ratione|barba|benevolentia|cornu
vigilo|spero|2019-07-07 02:43:47|2016-09-22 22:27:42|eaque|itaque|voro|atrocitas|2022-10-12 07:03:41|error|decretum|occaecati|urbanus|deporto|contigo|dedico|audax|teneo|ascit|averto|suscipit|subnecto|ea|veritas|nihil|corporis|defero|cetera|spes|temptatio|excepturi|tabgo|saepe|angustus|custodia|nostrum|cattus|vitae|peior|cado|quos|textus|vita|infit|socius|basium|arcus|vestrum|bene|talis|nostrum|cura|tempus|vinculum|armarium
adipiscor|perferendis|2025-05-19 22:34:16|2021-10-18 00:39:10|triduana|absorbeo|arguo|clementia|2020-11-20 11:16:43|verecundia|vaco|benigne|arbor|thesaurus|stabilis|bardus|apto|patior|officia|triumphus|agnitio|architecto|vero|comedo|barba|absconditus|ustilo|terebro|vulticulus|conqueror|arca|attonbitus|desparatus|testimonium|aiunt|pectus|thesaurus|antepono|amicitia|condico|creptio|alius|textilis|voluptates|speculum|creptio|valeo|patria|addo|vis|aeneus|doloremque|coma|copia|usque
venia|crustulum|2022-04-21 22:19:36|2017-01-15 02:42:30|cenaculum|comis|unus|demitto|2017-10-16 04:45:53|thermae|caste|tepesco|spectaculum|tantum|crur|laudantium|repellat|volutabrum|ventito|verbum|aequitas|sumptus|tendo|accusator|ullam|succurro|acer|crapula|casus|conspergo|vorago|auxilium|caterva|bis|ter|comminor|temperantia|rem|tertius|vinculum|rerum|dedecor|atrox|stultus|peior|creo|ducimus|colligo|clarus|verto|brevis|comedo|candidus|allatus|congregatio
defaeco|argentum|2018-04-01 18:45:16|2017-02-07 16:30:59|aveho|depulso|valeo|inflammatio|2024-03-21 20:11:12|apud|aliquid|bellicus|adeo|bestia|voluptatem|aperio|auxilium|decens|ciminatio|bardus|cometes|urbs|in|demens|culpa|adinventitias|velut|terga|ceno|cruciamentum|verumtamen|urbs|articulus|ascit|defleo|utique|aspernatur|conqueror|calculus|apostolus|celo|debeo|angelus|vulgivagus|theologus|adflicto|pauci|at|stabilis|accusator|solutio|cultellus|absens|defungo|venio
conitor|bellum|2023-02-04 02:09:22|2020-09-07 18:23:45|inflammatio|sint|vulticulus|creber|2024-05-24 00:35:55|vestrum|saepe|verumtamen|theologus|venio|derelinquo|tunc|venio|conscendo|architecto|suus|demitto|dolor|thymum|viriliter|pecus|culpa|bos|sequi|currus|cruciamentum|culpa|via|termes|ascit|ulciscor|statim|at|id|explicabo|ulciscor|ultra|bellum|argentum|carpo|denego|spes|voluptatibus|capitulus|tres|curiositas|balbus|et|terga|templum|comedo
sto|vindico|2025-05-12 22:57:40|2026-01-25 09:00:11|peior|absens|rerum|timidus|2022-04-14 11:08:28|eligendi|temeritas|adipisci|alius|theologus|cui|strues|defessus|volva|abeo|depono|enim|aptus|vae|cilicium|arx|canonicus|asperiores|socius|vicinus|fuga|utroque|coaegresco|campana|quos|strues|vestigium|vomer|arguo|abduco|aggero|casus|commodi|demonstro|verto|tollo|usque|odio|templum|adipisci|vigilo|ciminatio|adamo|triduana|conscendo|colo
adiuvo|terebro|2023-07-13 07:07:03|2019-07-29 06:13:38|versus|supra|conicio|necessitatibus|2017-06-27 19:46:29|deputo|vix|verecundia|cras|ciminatio|atrox|crebro|vehemens|arbor|expedita|vereor|stultus|tergiversatio|commemoro|expedita|decretum|qui|barba|spiritus|currus|suffragium|conservo|aestus|ab|suasoria|tollo|astrum|voco|cubitum|sperno|cibus|cruciamentum|aegrus|accedo|depraedor|numquam|hic|arca|amoveo|vigilo|sordeo|amet|deputo|solum|comes|comprehendo
adipisci|undique|2025-02-11 08:42:15|2022-08-04 23:33:07|facere|tandem|vulnero|colo|2021-09-20 09:31:39|bos|deludo|textor|uberrime|tamquam|vigor|tracto|aggero|eligendi|defetiscor|adduco|sequi|modi|sursum|harum|vitae|calamitas|creptio|valeo|vitae|trado|ulciscor|veritas|provident|praesentium|degenero|canto|tracto|adsum|crudelis|cogito|ascit|veniam|stabilis|crinis|utrum|baiulus|patria|suppellex|tego|demitto|baiulus|compello|comitatus|defetiscor|sequi
calcar|terebro|2019-11-27 23:50:05|2022-02-10 06:47:23|labore|facere|synagoga|adnuo|2025-09-09 11:52:11|universe|iste|arma|sperno|animi|vindico|crux|valetudo|aedificium|commodi|tamisium|suspendo|comes|depono|careo|nobis|campana|adicio|curso|caelestis|vapulus|cunae|suppono|bos|somnus|certus|clementia|copia|coruscus|cupiditate|assumenda|absorbeo|adaugeo|adopto|illo|deludo|facilis|turbo|apto|canto|cauda|capitulus|cariosus|paens|synagoga|tendo
asperiores|summisse|2021-02-07 00:04:03|2021-11-09 04:41:22|caterva|peccatus|temporibus|autem|2017-03-15 21:11:23|aperte|turpis|commodi|armarium|tergeo|arma|careo|suadeo|cetera|deprecator|administratio|confero|in|tendo|pecto|quas|comptus|delibero|carbo|timor|eos|super|audeo|cuppedia|amet|urbs|deduco|utor|adulescens|magni|aperiam|impedit|allatus|tantillus|nihil|thymum|crepusculum|ipsam|alius|trepide|amitto|una|absque|summa|delicate|nobis
casus|aeternus|2018-11-16 21:18:14|2018-05-16 17:40:36|suadeo|assentator|tempus|claudeo|2017-10-21 08:32:46|allatus|cursus|caries|coniuratio|delicate|acsi|cribro|bardus|teres|absum|stella|utilis|speculum|torrens|solio|cubitum|velit|aqua|decretum|credo|considero|thema|arbitro|absorbeo|dolore|statua|ducimus|spectaculum|substantia|alias|tenetur|quo|audax|umbra|taedium|strues|virtus|bibo|qui|auctus|tendo|carbo|bardus|altus|doloremque|tenax
amaritudo|ulterius|2017-01-19 04:21:23|2025-04-29 06:20:18|aetas|tabula|cuius|attonbitus|2017-06-09 20:49:27|color|sordeo|a|curtus|caries|suffoco|velum|delinquo|coerceo|arx|viscus|ver|at|coepi|varietas|aer|vomito|crinis|deporto|aperiam|delectus|vitae|valens|doloremque|sufficio|vitium|catena|complectus|certe|cumque|summisse|supplanto|vel|verbum|sursum|statua|denego|quaerat|porro|deleo|angustus|subito|adhuc|officia|soluta|ducimus
ancilla|decor|2023-06-05 13:47:44|2018-07-05 02:05:07|subnecto|spectaculum|attollo|aer|2019-08-18 07:05:39|coaegresco|corpus|viduo|eos|suppellex|patruus|ancilla|cupressus|astrum|terra|qui|valens|versus|caterva|perferendis|audax|vapulus|suspendo|venia|saepe|iusto|caries|summa|damno|trans|sum|est|cur|provident|suasoria|accendo|ventosus|dolor|confero|fugit|beatus|callide|substantia|aveho|curatio|compello|utilis|canto|uter|tego|capillus
confido|advoco|2019-07-18 09:05:36|2020-07-09 09:42:16|tergo|aestas|facere|confero|2019-08-26 16:09:13|beneficium|culpa|talis|sol|utique|texo|cur|comitatus|exercitationem|in|deprimo|absens|appello|studio|vado|desino|demo|thalassinus|cito|amet|summa|decumbo|aeternus|super|curriculum|amitto|confero|casso|depraedor|votum|solvo|assentator|architecto|aut|magni|aggero|accendo|eligendi|vorax|alveus|claudeo|vigilo|architecto|calcar|comis|viscus
tergo|in|2017-12-05 12:57:00|2022-07-21 07:04:50|auctor|vulgivagus|fuga|crux|2026-04-10 18:22:08|thesis|arca|traho|canonicus|id|vir|asper|aut|spero|circumvenio|theca|sum|curriculum|cometes|depulso|ademptio|id|curso|ratione|utroque|ducimus|utor|vae|decor|cunae|aegrotatio|centum|sortitus|repudiandae|timor|pectus|usitas|vulgus|adulatio|curso|custodia|earum|comburo|denego|compello|spiritus|carus|utique|statua|denuo|ut
thesaurus|convoco|2021-11-09 07:45:08|2019-05-07 00:14:50|cohibeo|alter|depraedor|avaritia|2026-05-18 07:18:15|ubi|cumque|defluo|veritas|crudelis|desolo|dedecor|eius|deludo|repellat|distinctio|tibi|desino|commemoro|collum|aggredior|sperno|totus|aperio|depopulo|arbustum|apostolus|trado|audentia|tendo|crinis|sol|iste|sit|vaco|vester|tabesco|villa|textilis|conservo|creber|textilis|advoco|cornu|temporibus|ago|sumptus|eligendi|tempus|beatae|atrocitas
sumo|tepidus|2023-02-16 09:38:58|2019-03-01 21:12:33|demum|subnecto|provident|vir|2023-01-08 13:42:52|expedita|ultra|deleo|audeo|decretum|crastinus|spiritus|torqueo|caveo|ver|tot|temperantia|ex|usitas|spoliatio|terminatio|tersus|vestigium|temperantia|ipsam|aestus|territo|commodi|certus|tamen|facilis|ultra|causa|assentator|spiritus|ullam|vivo|optio|abundans|dolores|decor|tempore|voluntarius|ager|amoveo|amissio|libero|ademptio|speciosus|cohibeo|conculco
chirographum|dignissimos|2024-07-08 23:00:40|2023-12-09 00:16:55|totidem|tergeo|admoneo|stillicidium|2019-10-06 22:02:41|turpis|cursim|minus|adinventitias|sumptus|convoco|depromo|adiuvo|temeritas|cum|triduana|assumenda|quod|aperio|ipsam|depulso|candidus|adeo|harum|fugiat|placeat|id|aranea|aeternus|deprimo|vae|cubicularis|eum|depulso|ascisco|demergo|stips|nobis|compello|via|aduro|recusandae|damno|commemoro|alii|sulum|suadeo|tendo|summisse|vesco|villa
dedico|thymbra|2023-01-04 13:54:10|2017-04-07 11:40:11|talio|vesper|ustulo|thema|2023-09-27 06:30:01|contabesco|aeger|decretum|vilis|corrumpo|asporto|claustrum|vere|cornu|illum|aro|triduana|tutamen|umquam|pecco|uxor|dapifer|decimus|celer|aperio|consectetur|vado|apud|repellendus|perspiciatis|amor|tripudio|id|termes|cubitum|tremo|cupio|tero|at|apto|altus|aeger|vulpes|velum|sponte|volo|patria|neque|accedo|decor|avaritia
aequitas|paulatim|2021-10-03 18:49:36|2024-12-05 23:30:52|vehemens|nesciunt|bibo|desparatus|2023-07-10 09:48:46|decretum|ante|paulatim|tepesco|aiunt|verbum|adiuvo|strenuus|cito|nobis|cupressus|atrox|officia|quaerat|tumultus|magni|tui|adflicto|adsuesco|charisma|quidem|alius|volaticus|occaecati|adeptio|curso|viriliter|suggero|numquam|adimpleo|aestus|vindico|demulceo|taceo|tergum|magni|quo|sapiente|vero|repellendus|cernuus|pauci|undique|suus|subnecto|terra
sophismata|adeptio|2022-11-19 05:49:31|2024-05-02 15:33:41|sollicito|decimus|optio|curatio|2017-01-25 22:41:52|advenio|dolor|defaeco|beatae|ullam|fuga|porro|vulgus|ars|deputo|aperio|ipsam|optio|decumbo|aequus|concido|optio|copia|vita|cattus|vestigium|cunabula|concido|textilis|crinis|benevolentia|cibus|aiunt|sum|solio|umbra|maxime|vir|at|vis|ars|voluptatem|victus|aetas|admitto|eveniet|tepidus|spoliatio|depono|ars|quaerat
occaecati|caute|2017-10-01 14:57:23|2022-06-18 08:53:59|ea|surculus|sub|est|2025-04-14 13:41:53|abundans|velociter|ustulo|valetudo|quis|distinctio|viduo|aequitas|vae|causa|termes|adicio|vorax|dolor|truculenter|somniculosus|arx|absum|veritatis|architecto|patruus|correptius|assumenda|admoveo|bellum|beatus|aspicio|conscendo|aestas|uterque|sollers|tardus|dicta|tot|aperio|talis|sublime|uxor|copiose|curso|arbitro|caecus|spiculum|tamquam|ceno|corrupti
pariatur|viscus|2023-10-20 07:26:28|2026-04-22 08:20:58|vester|pecus|summa|crux|2016-10-08 08:24:06|modi|paulatim|acervus|solvo|creta|cado|texo|voluptates|solium|defero|acidus|verecundia|vulnero|vesco|somniculosus|tristis|architecto|optio|ab|communis|via|ambitus|territo|tergo|pauper|caveo|coniecto|validus|uter|placeat|amet|delibero|approbo|demo|asperiores|apparatus|auctor|utique|asperiores|clam|tandem|curto|occaecati|speciosus|repellat|paulatim
talis|clementia|2023-12-07 17:07:45|2018-04-01 20:08:34|solitudo|tollo|temporibus|viridis|2023-10-27 22:35:07|adflicto|alienus|sollers|conspergo|suspendo|cernuus|balbus|derideo|virgo|umquam|ulciscor|artificiose|officiis|quia|vallum|sumptus|utroque|coepi|tricesimus|contego|minus|summisse|celebrer|spargo|temperantia|valetudo|territo|solutio|creber|defungo|spectaculum|decimus|deprecator|veritatis|expedita|antiquus|id|nostrum|admoneo|ascisco|sonitus|sed|cursim|ars|benigne|copiose
adeo|porro|2026-08-01 05:40:06|2017-07-29 23:49:49|aequitas|vicinus|tametsi|denuo|2017-09-27 22:52:03|bene|damnatio|basium|deprimo|fuga|contego|amiculum|capillus|aegrotatio|attonbitus|abstergo|labore|ab|thema|nemo|derelinquo|capillus|aeger|solvo|ademptio|defaeco|ver|aqua|tardus|celo|ait|maxime|versus|curso|perspiciatis|sol|usque|caelestis|sint|vilitas|quos|alii|ullam|decens|ea|stipes|condico|triduana|vociferor|exercitationem|cruciamentum
bardus|acies|2017-01-27 20:11:28|2024-02-28 08:25:04|tot|pel|assentator|nisi|2017-01-16 20:58:25|color|decerno|socius|aequitas|canto|unus|cilicium|carpo|beatus|vulgo|nostrum|expedita|clarus|soluta|eos|amo|doloremque|cubicularis|tempora|cibus|eligendi|possimus|tantillus|fugit|crux|pauci|a|tredecim|theca|decretum|ascisco|vesco|armarium|odit|cruentus|statim|cupiditate|cunctatio|temporibus|ea|tego|usitas|custodia|cernuus|arca|vereor
demergo|viriliter|2017-01-04 19:36:11|2025-12-25 07:14:20|careo|capio|votum|audentia|2018-06-27 06:44:04|aduro|ait|certus|supplanto|molestias|vitium|articulus|conforto|coniecto|confero|spiculum|dignissimos|vivo|quo|coerceo|certus|texo|cernuus|anser|cura|conspergo|corrigo|id|curo|virga|sonitus|nam|demo|aurum|animadverto|atrocitas|crudelis|tot|copia|capto|brevis|tempore|veritas|verbera|tactus|audentia|toties|sui|delego|debeo|abbas
crebro|anser|2025-01-03 05:36:13|2024-11-16 15:11:49|votum|aegre|libero|super|2017-02-18 15:42:42|coerceo|anser|succedo|corrumpo|officia|delectatio|atavus|varius|sursum|quaerat|auditor|tyrannus|tero|ustulo|vomito|volo|clibanus|sustineo|suppellex|administratio|cerno|tristis|quod|vergo|acsi|vinitor|ipsa|desidero|basium|terror|et|custodia|totam|audentia|quisquam|adopto|pariatur|confero|delectus|amicitia|comitatus|suppono|vulgaris|stipes|capitulus|vereor
crapula|veniam|2017-06-03 10:13:12|2026-03-24 16:47:13|sapiente|benigne|traho|cogo|2023-04-12 00:52:24|vos|subnecto|adicio|cimentarius|patria|crur|cedo|somnus|peior|impedit|decor|bestia|spero|candidus|aliqua|despecto|aer|contra|summa|curiositas|porro|summopere|testimonium|crapula|taceo|dolores|cornu|bis|degenero|acer|repellat|adimpleo|pauper|colligo|tamdiu|agnosco|antepono|viscus|avarus|tenus|nam|sufficio|vociferor|demitto|cumque|vomer
thermae|ascisco|2016-11-16 00:51:45|2016-10-10 08:48:49|appello|utor|solutio|aegrus|2024-01-20 09:25:09|verecundia|aestas|libero|alioqui|bene|comburo|incidunt|sophismata|annus|bonus|aro|creber|itaque|verbum|conor|depopulo|ara|spoliatio|nam|speciosus|video|tero|comes|tam|comis|est|adulatio|thorax|sordeo|amo|arbitro|iusto|decimus|thymum|paulatim|thorax|uxor|alveus|pax|ultra|eveniet|fuga|tepesco|usus|territo|triduana
soluta|arceo|2022-06-29 09:44:12|2017-05-22 13:41:33|nostrum|argumentum|quas|ventosus|2020-07-29 03:05:18|cuius|tego|apparatus|deputo|centum|carmen|consuasor|adsuesco|credo|arguo|vester|utrimque|urbs|at|iure|tubineus|sursum|tener|vulgus|crinis|defetiscor|ventito|decipio|aetas|accendo|amplexus|alii|aequus|vitae|tepidus|quam|clementia|tergum|aduro|audax|statua|delicate|teres|trucido|umbra|ascit|vivo|eaque|aqua|carcer|contigo
incidunt|degero|2024-07-12 19:49:44|2025-05-18 02:40:01|cupiditate|itaque|abscido|vespillo|2019-12-06 06:34:16|quis|assumenda|appono|blanditiis|thermae|pauci|spectaculum|decimus|ducimus|quia|deripio|pecus|audax|demulceo|speculum|comptus|eaque|praesentium|aveho|exercitationem|utique|coerceo|tracto|quo|cado|odio|vilicus|solitudo|titulus|fuga|maxime|degenero|vinco|arx|pectus|ventosus|deripio|vilis|arbor|stips|nihil|commodi|aegre|timidus|alias|adaugeo
creta|animus|2023-12-31 04:26:53|2019-12-31 01:33:15|depopulo|ex|apud|cumque|2017-02-24 03:13:09|canonicus|solium|subiungo|cuius|thorax|tam|confido|defungo|compono|delectus|coepi|corroboro|sopor|solium|usus|adimpleo|denego|voluptatum|terebro|adeptio|a|nesciunt|caries|vitium|contabesco|sol|uter|defendo|aer|antiquus|cognatus|voluptatem|alveus|eligendi|vapulus|teres|urbanus|minus|currus|sulum|confero|corrumpo|quibusdam|pel|verecundia|et
clementia|depromo|2019-10-05 09:00:31|2018-01-25 03:07:13|temptatio|solium|pecto|sortitus|2022-04-11 22:52:35|non|acies|minima|congregatio|volubilis|casus|depereo|temptatio|sustineo|vulariter|unus|suscipit|arca|sub|strenuus|aegrotatio|vestigium|adulatio|delego|depraedor|auxilium|vindico|similique|animadverto|unus|consequuntur|summisse|urbs|abduco|amplexus|arbustum|enim|cogito|aedificium|calculus|quisquam|crinis|ter|solus|campana|templum|cohaero|compello|conicio|solio|atrox
crebro|complectus|2019-06-10 15:07:30|2020-12-07 19:36:49|crepusculum|alveus|curo|virgo|2023-12-07 18:50:41|super|ventus|tepidus|audacia|ciminatio|a|voveo|veritas|ratione|colo|taedium|reprehenderit|titulus|depereo|vorago|itaque|damnatio|careo|depraedor|canto|summisse|bene|vestrum|combibo|conventus|depopulo|sustineo|tutamen|nesciunt|supra|audio|spero|demens|pectus|perferendis|astrum|arcus|degusto|umerus|sortitus|stella|caries|possimus|talio|voluptate|aeger
ascisco|catena|2024-07-02 17:47:47|2026-07-02 11:33:35|inflammatio|bellicus|crepusculum|quas|2023-12-08 01:33:51|careo|sophismata|usitas|laudantium|patruus|animi|vere|pecto|bonus|contabesco|compello|trepide|tego|desipio|totus|audacia|vinculum|validus|tamen|acerbitas|crudelis|sto|nobis|fuga|vero|impedit|suadeo|corroboro|pariatur|agnitio|quae|credo|tantillus|itaque|comis|amoveo|usus|vero|statim|anser|aegrotatio|defero|delectus|aetas|tabesco|deserunt
tandem|tot|2019-01-11 14:36:31|2022-09-26 15:07:39|considero|vereor|arbitro|spero|2021-03-22 08:03:01|ara|curriculum|balbus|subseco|cunctatio|corroboro|quasi|pauci|aliqua|conculco|tamdiu|arma|supellex|voluptatum|hic|vis|confero|conspergo|voluptas|urbanus|vomica|vomer|nostrum|amplexus|correptius|auxilium|valens|color|talio|appono|temperantia|thesis|caecus|tener|possimus|tutamen|ab|cogo|eos|claustrum|cometes|deleniti|adulatio|adopto|compello|ipsum
arto|arcus|2024-09-17 06:00:09|2019-01-14 20:36:53|placeat|audacia|textilis|degenero|2021-07-25 19:18:56|pectus|cognomen|calcar|vae|vox|deleniti|peior|casus|umbra|videlicet|cribro|ipsa|temperantia|certus|curto|adstringo|contra|concido|confido|varietas|et|decens|decumbo|coma|ultio|debeo|cito|textor|necessitatibus|tactus|triduana|vulgaris|tepesco|constans|pecto|absens|angulus|vos|ex|brevis|succedo|abeo|adiuvo|solitudo|abutor|suscipit
suffoco|debitis|2017-09-20 00:20:33|2019-12-14 03:48:58|alter|suppono|suspendo|dolores|2018-12-23 02:44:52|vox|ambitus|atque|ver|antepono|calco|colo|auctor|tum|vehemens|spectaculum|derideo|aperio|nesciunt|deporto|coerceo|magnam|numquam|utpote|curriculum|tabula|tergo|stella|eos|stabilis|verbum|depulso|ustulo|curo|tamdiu|anser|crustulum|cavus|auctor|tracto|tabella|sopor|caput|varietas|demum|corroboro|cernuus|tempora|iusto|solutio|nobis
curvo|credo|2018-09-30 20:20:20|2024-10-05 17:07:03|volaticus|curatio|audeo|corrumpo|2022-07-30 09:04:17|xiphias|credo|amoveo|vis|adeptio|atque|fugiat|defero|thymbra|abduco|alienus|curiositas|texo|quam|currus|cohibeo|adsuesco|volva|degusto|calco|vestrum|alter|cupio|adflicto|carus|uredo|comedo|ratione|toties|totus|circumvenio|dens|adinventitias|delectatio|adinventitias|circumvenio|suspendo|debeo|valetudo|vitium|cum|angustus|terminatio|denego|ullam|cuius
excepturi|congregatio|2025-09-17 08:34:52|2017-01-14 20:15:02|vis|vorax|peccatus|consectetur|2021-01-16 08:54:27|pectus|clementia|defaeco|valde|suscipit|qui|thesaurus|vis|considero|comes|torrens|atrocitas|sollers|patria|copiose|celebrer|spectaculum|expedita|comptus|texo|utique|confugo|sol|eligendi|tego|cunae|tenus|defaeco|sol|tergo|ullus|tempora|suscipit|maxime|dolorem|necessitatibus|creator|ciminatio|solio|volva|tredecim|volutabrum|vilitas|cui|crapula|statua
crebro|viscus|2017-03-10 06:24:23|2022-10-27 07:12:09|texo|acer|sursum|valens|2026-06-19 05:40:36|sunt|cubitum|supellex|beneficium|adsuesco|deputo|conatus|vilitas|ocer|ademptio|vomer|conatus|voveo|custodia|arto|error|toties|ulciscor|tripudio|somnus|dolore|constans|alter|apto|velut|convoco|audax|currus|iusto|depulso|quibusdam|pauper|suscipit|turbo|claro|patruus|patrocinor|aegrus|amplexus|tolero|ventus|desino|tunc|provident|timor|calcar
demergo|praesentium|2021-02-13 02:13:12|2022-01-06 14:21:30|constans|chirographum|balbus|atqui|2024-09-25 15:58:52|alo|charisma|avarus|est|casus|tracto|spero|conturbo|est|conatus|vacuus|amita|aperio|deinde|virgo|conculco|possimus|vitae|abscido|repellendus|comminor|adsum|contigo|cenaculum|dapifer|contra|statim|vita|addo|vehemens|eius|copia|pax|vitae|somnus|utor|volva|adficio|adopto|tredecim|desino|sum|sollicito|via|ab|trucido
unus|stipes|2017-01-12 14:08:01|2017-01-16 22:11:10|sursum|aggero|usitas|curo|2025-10-05 19:47:44|acceptus|eius|crudelis|tot|tandem|tenuis|vesper|compono|curia|bis|maxime|reiciendis|demitto|spoliatio|amet|aequus|totus|tum|celer|comptus|vis|ascit|nesciunt|vitiosus|temperantia|torrens|supra|acies|concido|barba|vis|acervus|atqui|averto|tergum|uredo|conservo|acerbitas|decet|veniam|surculus|uterque|blandior|curis|architecto|summisse
confugo|vehemens|2023-12-02 04:29:23|2019-07-01 15:55:33|nostrum|statim|ceno|taceo|2026-07-04 10:24:10|defluo|decet|depereo|creo|tollo|tremo|tantillus|ventito|peior|suppellex|vindico|rerum|comis|cruentus|viduo|ait|cometes|ante|verus|apparatus|conitor|adduco|tres|vox|velociter|conicio|alo|coruscus|super|turba|addo|tantillus|desino|apto|thesaurus|voluptatum|caritas|sublime|tempora|cervus|virgo|tametsi|denego|statim|undique|casso
aggredior|acquiro|2017-12-23 08:43:25|2024-02-22 00:46:53|bestia|antea|vel|copiose|2019-10-13 16:09:05|pecco|atrocitas|tredecim|vehemens|suscipio|taceo|varietas|adnuo|cubo|amissio|sequi|circumvenio|vinum|thesaurus|supra|est|civis|triduana|acquiro|ea|nobis|antepono|abundans|assentator|via|curatio|pax|vero|degusto|derelinquo|dolor|vorax|spoliatio|testimonium|blandior|carpo|canonicus|suscipio|basium|calco|sordeo|vado|cubicularis|bene|pax|solum
textor|corrigo|2016-11-01 09:59:16|2021-03-15 23:49:08|adulatio|adficio|necessitatibus|astrum|2024-05-12 22:25:49|avarus|sordeo|theologus|alii|volubilis|sophismata|voluptates|tamdiu|considero|admoveo|unde|debeo|thalassinus|adeptio|torqueo|decumbo|libero|argentum|hic|laudantium|cupiditas|sulum|patria|videlicet|depraedor|audax|turpis|depraedor|uterque|annus|adaugeo|statim|ubi|aestas|tabernus|statim|ventosus|stella|velit|ratione|vesco|sophismata|cimentarius|numquam|sapiente|tribuo
quam|timidus|2016-10-21 09:10:24|2018-06-17 14:39:29|versus|vester|stillicidium|trado|2025-10-13 22:36:50|solitudo|aro|cultellus|valetudo|colo|thymum|crudelis|copia|sordeo|crastinus|alioqui|barba|coruscus|conculco|caritas|damnatio|viduo|ante|amitto|facere|eius|decumbo|tui|baiulus|cupressus|acer|textilis|animus|voluptatem|eum|ceno|virga|verbera|demens|acceptus|ulciscor|laudantium|accusantium|thema|tepidus|nam|sub|caveo|appono|ocer|vereor
celer|comparo|2019-08-21 20:16:39|2019-06-09 07:27:13|acsi|velum|aperte|conduco|2021-06-26 13:34:22|valens|demo|demonstro|antiquus|debeo|consuasor|civis|cohors|timor|facilis|torqueo|alienus|comis|abbas|cogo|consectetur|capto|adeptio|dedico|cariosus|tabella|triumphus|volaticus|casus|trucido|comprehendo|solitudo|thymbra|videlicet|tollo|cornu|confido|sublime|qui|ultra|canis|supplanto|antiquus|adicio|amplexus|tubineus|ultra|dapifer|umbra|curso|desparatus
sodalitas|cur|2018-03-19 09:41:54|2023-10-19 15:16:25|denique|comprehendo|molestias|centum|2025-09-18 00:32:53|tero|temptatio|creptio|sortitus|consequuntur|audacia|ubi|uredo|acies|vulgaris|teres|acsi|magnam|aiunt|terror|tardus|depulso|tricesimus|attonbitus|tripudio|optio|suus|calco|stabilis|alias|paens|tamquam|delicate|alius|nulla|tenus|porro|ullam|adamo|stabilis|catena|umquam|aggredior|vallum|terga|conventus|denuncio|quis|delinquo|venia|comprehendo
vomica|canonicus|2024-09-19 11:30:01|2024-05-22 12:26:24|angelus|magni|beneficium|solio|2021-03-26 23:03:29|in|vilis|derelinquo|verus|cubitum|cupiditate|eius|veritas|cunctatio|distinctio|conventus|tumultus|traho|voro|carus|bellicus|vapulus|uter|accusator|provident|admoneo|benevolentia|tepesco|hic|peior|coaegresco|solium|truculenter|sublime|ambitus|cito|sunt|cimentarius|deleo|subiungo|tamen|comitatus|callide|terror|quidem|neque|tredecim|auctor|sublime|subiungo|denuncio
acerbitas|sto|2018-07-07 04:51:09|2021-04-07 04:55:26|depono|cornu|tamdiu|creber|2018-10-26 15:32:49|sumptus|alter|utpote|suffragium|solium|pariatur|vacuus|patrocinor|socius|umquam|iure|cursus|vereor|cicuta|ullus|toties|cunae|balbus|cresco|theatrum|calculus|catena|sit|pax|stella|administratio|usque|traho|thalassinus|aqua|tutamen|coniecto|arcus|somnus|vacuus|trepide|civitas|aequitas|amicitia|tristis|cervus|attollo|culpa|beneficium|aegre|causa
validus|vel|2024-01-02 05:31:19|2017-04-08 17:16:23|vomito|depromo|vos|coruscus|2018-10-18 07:48:12|talio|aegrotatio|volup|solium|comptus|denuncio|exercitationem|sophismata|eius|taceo|supplanto|verus|coaegresco|accendo|tyrannus|inflammatio|vitium|color|agnitio|tui|censura|arx|mollitia|atqui|capitulus|autem|nobis|usque|officia|desino|delego|cursus|usque|atavus|auctor|cohors|votum|tantum|custodia|spargo|bellicus|tamisium|terror|degusto|adsidue|subseco
crustulum|thesaurus|2021-12-06 07:15:28|2025-10-11 11:41:32|tempore|ut|alo|optio|2021-11-02 00:16:10|crudelis|valde|civis|argumentum|villa|nam|cum|aqua|laudantium|compono|assumenda|tertius|corrumpo|campana|temporibus|assentator|tubineus|cornu|numquam|ciminatio|tutamen|surgo|apto|acidus|cultellus|atque|candidus|pariatur|timor|velut|arca|alioqui|contego|autem|cavus|nihil|sublime|timor|hic|quia|arguo|crur|catena|velum|succedo|blanditiis
via|adfero|2021-06-01 05:32:51|2020-11-02 06:41:15|vulgo|verecundia|tolero|cultura|2017-10-23 15:19:06|conicio|stultus|solio|aggredior|cunae|suffragium|triduana|summisse|laborum|tres|ratione|conventus|antiquus|iusto|advenio|confero|cunctatio|asperiores|accommodo|curto|ultra|statua|cito|supra|atqui|calculus|vito|atque|uxor|sto|atqui|cui|combibo|sum|debeo|nisi|exercitationem|crepusculum|callide|vinculum|universe|tabesco|ascisco|sponte|deserunt|calamitas
viridis|coaegresco|2023-12-07 08:30:10|2025-07-23 01:28:13|comis|amiculum|deleo|conitor|2026-06-29 02:24:28|curia|solio|sto|accusamus|caritas|vae|credo|argentum|suspendo|sufficio|compello|omnis|beatus|aperio|aptus|aptus|abeo|doloremque|arguo|officiis|arceo|voluntarius|surculus|brevis|video|incidunt|vehemens|depromo|ulterius|earum|consequatur|copia|una|sufficio|impedit|copia|unde|ter|cubitum|occaecati|appositus|cupressus|iusto|concido|campana|cunctatio
desolo|numquam|2016-11-29 06:50:59|2022-11-12 18:40:51|ustilo|nobis|cum|qui|2021-02-21 18:51:03|cattus|aureus|considero|capitulus|cumque|vilicus|ocer|vigilo|cernuus|canonicus|praesentium|claro|celer|tardus|subnecto|armarium|deduco|curatio|pariatur|quia|aeger|blandior|ultio|cunae|claustrum|abeo|correptius|cohaero|artificiose|volaticus|tempore|ipsa|victoria|vobis|denique|toties|accendo|totam|amplexus|anser|vulariter|utpote|terga|coadunatio|blandior|arto
coma|necessitatibus|2019-03-30 19:53:40|2018-10-20 07:06:02|tyrannus|aperiam|taedium|volo|2022-12-07 18:27:22|caute|cohaero|ut|temporibus|cui|attero|saepe|arma|acervus|centum|caelum|tempore|aliquam|delicate|curto|tergiversatio|commodo|vomito|ater|arbor|antepono|deludo|peccatus|debilito|civitas|suffoco|capio|textilis|victoria|dolorum|adsuesco|sortitus|sufficio|vespillo|sunt|depromo|condico|vespillo|acquiro|fugiat|volutabrum|statim|amitto|aufero|apto|currus
sollicito|considero|2017-12-15 09:31:02|2025-04-14 04:41:15|unus|maiores|demoror|vehemens|2018-02-02 06:41:10|sordeo|vilicus|vorago|volup|depraedor|cornu|demum|ancilla|aro|ustilo|curvo|angulus|sui|eius|aufero|tamquam|stips|patior|currus|comprehendo|cruciamentum|aedificium|vesco|traho|eos|sto|hic|viscus|canonicus|aspernatur|callide|territo|suffragium|xiphias|ancilla|collum|tristis|autem|inventore|ambulo|soleo|commodi|basium|hic|cultura|super
acceptus|curtus|2026-06-15 00:24:35|2018-02-17 13:36:20|somnus|ambulo|cupiditas|comburo|2019-10-26 19:50:19|laudantium|argentum|tremo|conor|hic|sollicito|a|crastinus|condico|contra|cavus|surgo|volva|carmen|caelum|ipsa|cresco|deserunt|demum|utique|conscendo|vitium|vicissitudo|basium|capio|consectetur|adaugeo|auctus|thymum|viscus|pauper|aestivus|absconditus|depopulo|atque|debitis|benigne|volup|temporibus|turba|aurum|stipes|tutamen|tres|ad|traho
tantillus|voluptas|2020-10-09 06:39:17|2018-12-19 03:38:51|taedium|viduo|numquam|adfectus|2017-08-16 23:45:05|aedificium|adopto|custodia|confugo|quidem|vaco|reiciendis|apostolus|derideo|abundans|apparatus|vapulus|verbum|synagoga|sodalitas|tardus|thymbra|utilis|conicio|desolo|blanditiis|attero|spectaculum|cicuta|stella|cenaculum|angustus|utroque|arcus|carcer|verto|thalassinus|viscus|censura|sophismata|ciminatio|dolorum|tendo|sumo|defaeco|subvenio|commemoro|clementia|terga|adversus|apto
thorax|quidem|2022-10-01 17:21:19|2026-06-07 19:52:31|surculus|theologus|suadeo|curso|2024-01-14 04:11:55|custodia|cavus|cumque|stella|tondeo|sortitus|attero|tendo|magni|vester|turba|dens|quisquam|earum|ambulo|ascit|armarium|delibero|denego|doloribus|cum|vilicus|ascit|qui|articulus|studio|arbitro|suscipit|velum|capillus|carmen|tamquam|deludo|cedo|paulatim|audentia|demens|explicabo|deinde|accusator|balbus|defleo|capio|caelum|accusamus|sufficio
animus|nesciunt|2020-04-02 14:31:29|2023-11-29 10:46:57|verto|ea|turpis|comitatus|2021-07-26 03:36:56|altus|vociferor|pecto|demum|carbo|tardus|animus|terra|alii|dolorem|benevolentia|custodia|caritas|cattus|vix|amiculum|barba|praesentium|talio|antepono|spoliatio|cursim|venia|aeger|adeptio|allatus|spero|aro|natus|abstergo|temperantia|usitas|creptio|aggredior|spoliatio|adnuo|conduco|trucido|trado|sophismata|termes|titulus|demergo|utor|acceptus|absorbeo
reiciendis|accusantium|2021-08-10 18:25:58|2021-08-21 11:33:14|cimentarius|ipsam|caute|videlicet|2025-10-02 12:28:20|urbs|contego|summopere|antiquus|conventus|illum|arto|decor|territo|tersus|spiritus|arx|animadverto|tribuo|civis|clibanus|studio|suadeo|aestus|cupiditate|demens|sublime|solio|denuo|cognatus|alter|tracto|vesper|volutabrum|patrocinor|statim|cito|comptus|aut|assumenda|volaticus|turba|ustilo|vomica|corrupti|vix|compello|apparatus|vox|comminor|summisse
quidem|statim|2024-06-25 19:31:24|2017-06-02 16:10:42|commemoro|currus|aperte|comparo|2019-02-18 01:12:20|sperno|correptius|tempore|suffoco|tribuo|torrens|auditor|tibi|texo|baiulus|sollicito|colligo|casso|approbo|cilicium|creta|soleo|culpo|aequus|coaegresco|venia|cito|celo|benevolentia|voluptatem|arcesso|avaritia|caelestis|ultio|casus|adfero|clarus|inventore|deputo|aedificium|beatae|caelum|comburo|addo|cubo|advenio|defero|clamo|creator|copia|aqua
curia|terreo|2019-10-12 20:20:59|2025-09-23 05:19:45|quidem|curvo|utpote|toties|2017-11-19 11:57:41|urbanus|vigilo|tametsi|vigor|non|depereo|cursus|verbum|tempus|valetudo|audacia|conculco|sit|tergeo|eos|trucido|aeger|convoco|umquam|velit|spiritus|reiciendis|deporto|apud|chirographum|repellat|correptius|acies|custodia|aufero|nulla|error|aurum|campana|stabilis|arbitro|viduo|molestias|acer|voluptatum|auctor|dolor|virtus|speculum|pecto|vinitor
pecco|clam|2016-09-18 10:53:22|2021-02-24 17:43:25|tondeo|arca|delectatio|cursim|2026-02-10 01:39:30|adamo|creator|aetas|adipisci|aegre|damnatio|patria|pecto|deludo|ascisco|sumo|decerno|adficio|sordeo|vos|bellicus|vulticulus|absque|soleo|cunae|incidunt|conspergo|solium|vespillo|taceo|supellex|adflicto|consectetur|cultura|arguo|sollers|bos|delectus|desidero|arto|amor|magnam|commodi|creator|appono|censura|stultus|benigne|ter|amita|calamitas
rem|timidus|2022-02-23 00:22:45|2022-04-03 15:04:54|cernuus|assentator|aperiam|laudantium|2017-02-13 13:29:12|solium|cedo|calcar|theca|uter|catena|ter|ullus|absum|depromo|altus|claustrum|defetiscor|atqui|magnam|cultellus|soluta|valens|explicabo|talio|minima|tepesco|delibero|quasi|ea|amiculum|sufficio|sopor|claudeo|cruentus|attero|depulso|iste|sophismata|aestas|tibi|corroboro|versus|crapula|accusator|victoria|vehemens|curto|creo|abutor|trepide
dapifer|angulus|2025-10-12 06:10:54|2019-12-08 17:13:26|vestrum|sopor|vorago|decumbo|2023-05-30 21:37:24|minima|trans|antiquus|tenetur|adfectus|deporto|substantia|utilis|fugit|abstergo|virga|quibusdam|aegrus|quas|degero|audio|degero|velum|aureus|demitto|tolero|vindico|attonbitus|damno|repudiandae|speculum|voco|viridis|acceptus|cetera|templum|fugiat|cultura|antepono|pauper|tepesco|credo|accedo|cetera|suadeo|architecto|annus|virtus|cribro|arbor|acceptus
tendo|trucido|2020-12-09 16:20:30|2019-07-15 20:03:56|thorax|ulciscor|volutabrum|defaeco|2025-07-24 04:26:03|delego|tolero|thema|capto|calcar|velum|terreo|apud|omnis|a|conor|verumtamen|aqua|accedo|asper|cauda|conservo|animadverto|depulso|vinitor|aeger|venia|pecus|astrum|conitor|delicate|officia|solio|laborum|iste|adimpleo|sub|via|aptus|decerno|usitas|aestas|carpo|ipsam|conservo|comparo|aestas|acies|nihil|acquiro|cui
tabgo|tero|2016-11-22 16:09:58|2017-06-17 22:18:46|solio|ceno|uter|approbo|2024-12-24 06:44:04|vindico|iure|crur|tubineus|dicta|amiculum|cicuta|valeo|aegrus|commodi|ventus|coaegresco|amissio|tracto|decimus|videlicet|cogo|tergeo|terminatio|depopulo|abstergo|tabernus|tubineus|coma|vae|vetus|teres|pecus|spiritus|caveo|cultura|tepidus|curo|cur|corrupti|arma|blanditiis|tumultus|attero|amissio|adnuo|supplanto|subnecto|aeneus|dolor|vilis
solvo|cibo|2020-09-02 13:35:42|2021-07-19 00:05:56|speciosus|subvenio|sollers|vulnus|2022-10-12 17:45:03|angelus|cervus|ademptio|ter|vel|comes|ultra|bene|cibus|baiulus|theologus|beneficium|alienus|ultio|solvo|nemo|corrumpo|deleniti|conforto|aeger|abundans|fugiat|surgo|vis|carus|candidus|vere|solitudo|ceno|tepidus|omnis|aegrotatio|spectaculum|tenetur|benigne|libero|annus|amo|aurum|eius|suffragium|dignissimos|solutio|conscendo|animus|in
reprehenderit|traho|2022-11-20 08:02:33|2023-04-09 04:24:47|suasoria|baiulus|trans|valetudo|2023-01-04 22:45:36|strenuus|vesica|tergiversatio|caries|spes|arca|acquiro|adulatio|explicabo|temporibus|armarium|supra|uberrime|confido|vinum|voluptatibus|eaque|hic|coniuratio|decumbo|cruciamentum|amicitia|comitatus|sortitus|spiculum|delectatio|curto|sequi|abbas|cupiditate|vicissitudo|cado|vitae|tantillus|expedita|conspergo|barba|temptatio|crustulum|possimus|apud|capio|corrumpo|agnitio|creo|coerceo
non|vociferor|2025-10-30 01:47:51|2023-03-23 09:01:03|tyrannus|aeneus|autem|magni|2021-11-13 16:35:52|degusto|demonstro|suasoria|crustulum|tener|desparatus|vulnero|deprecator|tubineus|audacia|cras|derideo|vix|infit|advoco|ceno|suscipit|viduo|umbra|adipiscor|commodo|alioqui|validus|vomer|velociter|caecus|degusto|volutabrum|uxor|ulterius|paulatim|solus|dolorem|infit|debilito|debilito|deleo|candidus|abundans|denuo|facilis|casus|sperno|cupio|ocer|substantia
copiose|vulariter|2022-11-30 08:18:00|2018-09-15 10:39:38|deserunt|aranea|depraedor|sunt|2021-06-23 16:42:35|laudantium|catena|ullam|agnosco|cenaculum|coaegresco|vorago|aveho|textus|territo|defleo|tum|urbs|solio|supra|talus|balbus|convoco|corpus|verbum|vilicus|error|laboriosam|alius|hic|arbustum|thesis|communis|agnosco|verbum|cuppedia|pauci|vehemens|aetas|aeternus|ager|tumultus|sordeo|tribuo|somnus|beneficium|vis|uberrime|aro|ut|pectus
cunabula|ulterius|2025-01-26 18:15:08|2019-11-05 09:28:53|acsi|curiositas|voluptas|tutamen|2019-12-15 21:30:35|caveo|defluo|curatio|ipsa|ex|animi|angelus|nostrum|iure|voluptatum|cogo|tenuis|tamen|assentator|et|ante|carpo|comparo|colligo|bos|barba|virga|adstringo|illum|accusamus|trepide|turbo|a|tertius|caecus|aestivus|cum|aliquid|laboriosam|triduana|bellicus|deserunt|apparatus|sunt|agnosco|id|tendo|velit|quaerat|candidus|causa
vinculum|culpo|2024-11-15 03:33:45|2022-05-04 21:05:14|quos|arbor|cervus|approbo|2022-09-17 13:09:19|succurro|terga|super|dolorum|accusator|reprehenderit|tametsi|contra|officiis|eveniet|deserunt|spoliatio|baiulus|cicuta|claustrum|depereo|adhuc|convoco|quasi|decumbo|adsuesco|molestias|demo|exercitationem|doloremque|attonbitus|thymum|fugiat|vix|terror|cohaero|vinculum|charisma|corporis|spargo|quod|cohors|cuppedia|peccatus|sapiente|atque|deripio|repudiandae|collum|tricesimus|debeo
ubi|ante|2023-08-16 09:17:18|2020-11-18 08:50:35|vomica|nisi|viscus|argumentum|2017-11-02 22:10:31|virgo|coniuratio|careo|studio|colo|adduco|clibanus|amoveo|quibusdam|ademptio|delectatio|votum|denique|iusto|sunt|comis|thesis|capto|aureus|suppellex|tres|at|adsidue|tolero|amicitia|adversus|comitatus|suscipio|atque|cavus|concedo|advenio|denuncio|quidem|numquam|bibo|titulus|odio|thymbra|umerus|numquam|vobis|theca|vitium|decipio|aedificium
condico|ulterius|2016-12-04 11:32:59|2019-01-09 15:55:09|arbustum|tenuis|coruscus|tamisium|2026-01-09 09:10:12|laudantium|deserunt|tamisium|beneficium|vinitor|vetus|sapiente|demoror|vicissitudo|verto|nesciunt|testimonium|tribuo|vilicus|calcar|arma|vestigium|soluta|cum|bis|tandem|dicta|admiratio|vespillo|ultra|maiores|colo|accusator|vallum|nihil|artificiose|tumultus|abutor|tui|decens|caveo|sopor|stipes|demulceo|victoria|defendo|supellex|damnatio|quia|coaegresco|adiuvo
voluntarius|vicinus|2019-09-17 15:33:47|2018-07-22 12:10:11|eligendi|absens|quasi|dolor|2022-10-11 20:36:17|ullus|censura|super|tempora|sit|quaerat|inventore|ter|curia|acies|bardus|causa|deleniti|charisma|conscendo|cum|corrupti|ars|congregatio|derelinquo|administratio|defero|abundans|voluptas|decens|curriculum|patruus|brevis|cubo|sub|thema|coruscus|comis|angulus|sollicito|enim|ustilo|autem|contigo|desolo|nam|paulatim|templum|voco|eius|subvenio
absum|triumphus|2022-10-24 10:47:49|2018-05-05 18:03:45|casso|tempore|tubineus|deficio|2021-04-30 18:11:57|supellex|cursus|commodo|tamen|cenaculum|conor|armarium|truculenter|quis|abeo|anser|stips|asperiores|paens|creo|quibusdam|tantillus|subnecto|desidero|verbum|atqui|vito|cum|cogito|doloremque|tricesimus|vergo|vulnero|urbanus|curatio|agnosco|nostrum|paens|sodalitas|tremo|cunctatio|super|fugit|vulpes|caecus|surculus|uterque|timidus|absum|aequus|sollicito
cito|suscipio|2023-07-27 16:32:03|2023-09-22 19:19:45|quod|utroque|termes|officiis|2022-01-30 16:33:08|cribro|adflicto|celebrer|adeo|autem|vorax|cursus|tabesco|adnuo|vulticulus|quisquam|depopulo|corrupti|deprecator|abundans|conqueror|quidem|aeger|tondeo|adipiscor|aliquam|vomica|velum|corona|vivo|spes|aer|eius|patria|surgo|odit|iusto|modi|tabula|balbus|decens|ultra|vehemens|dapifer|torqueo|cervus|corporis|dapifer|beneficium|attollo|uberrime
incidunt|celo|2019-04-13 10:35:05|2018-01-19 09:05:26|utrimque|uredo|suffragium|colligo|2017-11-06 03:27:37|ullam|cogito|venia|cornu|tui|ager|vulgaris|suscipio|suggero|officiis|antepono|thema|abutor|demonstro|ustulo|expedita|vito|bardus|admoneo|ascisco|ambitus|tametsi|desino|capitulus|decor|ait|autus|cubitum|adficio|aggero|talis|carbo|solio|cupio|thymbra|addo|stella|repudiandae|velut|exercitationem|ter|tempus|labore|benigne|tersus|aeternus
quisquam|comparo|2018-07-02 10:15:56|2019-06-01 13:30:38|perspiciatis|maxime|aeger|caput|2023-11-08 11:00:58|taedium|causa|decretum|antiquus|vomito|aggredior|natus|adnuo|nobis|conatus|tyrannus|delicate|chirographum|antiquus|sponte|debilito|cultellus|suscipio|abundans|teres|subito|cauda|adduco|deludo|decor|vorago|aqua|peior|pecus|addo|tibi|cernuus|laboriosam|voco|umerus|adhaero|cunabula|soluta|autem|triduana|victus|vigor|territo|dolorem|delectus|depulso
antiquus|cuppedia|2017-12-19 14:06:00|2020-08-20 22:25:51|a|talio|quas|inventore|2021-03-21 20:39:33|brevis|demulceo|illum|canonicus|eos|ciminatio|ustulo|testimonium|debeo|tres|aspicio|tempora|crebro|contra|quo|ea|alioqui|corpus|ver|thalassinus|delinquo|tametsi|conscendo|consequatur|ambulo|ustulo|desolo|tabgo|comprehendo|delibero|magnam|non|spiculum|verbum|confido|ambulo|vado|vilitas|vita|alii|cunabula|bellicus|arx|adamo|vae|conturbo
tabesco|color|2017-08-24 09:20:45|2017-04-25 09:38:38|strues|asper|confero|pel|2019-07-23 12:56:20|depereo|benigne|tandem|dicta|amplus|pax|angulus|crux|culpo|super|cena|culpa|strenuus|aliqua|universe|sed|vitium|temperantia|aperio|commodi|tantum|cenaculum|defungo|clarus|alter|suscipit|maiores|tumultus|aveho|laboriosam|cauda|vel|amplitudo|clementia|campana|strenuus|cometes|cado|defendo|quaerat|quasi|utpote|vicinus|talis|tepesco|arcesso
talis|celer|2022-04-05 02:23:20|2018-08-03 21:53:36|tersus|cenaculum|caritas|armarium|2026-05-01 16:19:05|laudantium|speculum|asporto|curtus|eum|abutor|calco|varietas|commodo|voluntarius|depereo|vitium|ademptio|adsuesco|talis|suffoco|tergeo|consequatur|currus|dens|in|conscendo|ducimus|exercitationem|infit|confero|cedo|contego|creta|caveo|solutio|voluptatem|tenetur|tenuis|supra|summa|antiquus|denuo|modi|crastinus|doloribus|chirographum|acquiro|conventus|audio|voluptatibus
canto|cernuus|2019-10-14 20:22:37|2021-12-03 05:28:09|alter|arceo|vinco|valeo|2021-03-07 07:48:30|thorax|anser|tubineus|crepusculum|odio|cornu|tactus|curia|maiores|stabilis|adficio|tego|comburo|voro|thesis|aeger|absque|desino|tantum|callide|solvo|tenuis|sequi|suus|subvenio|cohors|voluptatum|adulatio|accusamus|custodia|cuius|utrum|adhaero|cunctatio|caste|consequatur|stips|omnis|tantum|magni|defetiscor|coruscus|stillicidium|porro|civis|absconditus
necessitatibus|subito|2024-01-05 18:23:02|2018-05-25 18:02:55|verbera|voluptas|quia|claro|2020-02-10 02:46:03|sono|cupressus|sol|abutor|ipsum|adeo|demoror|statim|astrum|curso|soleo|tantum|vix|decimus|eius|acceptus|aequus|defleo|pecco|aptus|defleo|alienus|tenuis|aetas|amitto|vorago|nisi|vinculum|depereo|tum|socius|sto|conspergo|adicio|quaerat|ultra|demulceo|adnuo|depopulo|cornu|auctus|ab|maxime|aspicio|sto|canis
fuga|bellicus|2019-01-16 09:13:23|2025-05-04 14:39:57|benigne|beatus|vir|sustineo|2025-02-01 04:50:07|ver|vulgaris|antea|ultio|celer|vorago|candidus|thymum|aequitas|ulciscor|comprehendo|tepidus|demum|utrum|quibusdam|vomito|suffoco|terreo|attero|depraedor|cum|provident|alienus|consectetur|fugit|basium|vindico|error|corona|absconditus|nulla|vetus|dignissimos|arx|tamen|circumvenio|acerbitas|stultus|campana|auditor|apto|magni|pel|adnuo|conor|aurum
tot|utrimque|2020-09-28 18:24:32|2018-05-28 08:00:19|super|comparo|coniecto|vetus|2016-12-10 09:57:39|inflammatio|cometes|causa|canis|apud|synagoga|degero|nostrum|creo|succedo|sit|vindico|crinis|crux|peccatus|certe|una|tergo|correptius|debeo|verumtamen|cupiditas|admoneo|dignissimos|temeritas|contabesco|ullam|bellicus|summopere|laborum|vetus|provident|sto|earum|cruentus|amoveo|ceno|suppono|dolorem|arx|dolores|cinis|tamen|corrupti|aestus|timor
uxor|culpa|2021-12-23 13:06:42|2023-08-19 06:41:13|solvo|charisma|cohaero|sit|2017-07-29 18:06:56|vulgo|dens|sponte|sit|delectus|celebrer|civis|officia|corporis|dedico|video|suspendo|caute|alienus|crudelis|bardus|vinculum|vinitor|depulso|victus|videlicet|tubineus|aveho|demonstro|doloribus|corpus|vallum|ubi|patruus|colligo|suggero|cauda|arbitro|necessitatibus|condico|vicissitudo|vindico|minima|calco|cunctatio|demergo|accusantium|caterva|verecundia|animi|virtus
vesica|aspernatur|2020-06-04 00:09:50|2023-09-24 17:01:07|capio|vesica|tolero|pel|2018-08-18 14:03:05|cohaero|suppellex|cerno|complectus|desipio|carpo|adnuo|depono|ad|quaerat|trucido|tondeo|summisse|stipes|turba|tricesimus|deprimo|molestiae|candidus|quaerat|tollo|aspernatur|tero|tres|demum|tabgo|tenus|atque|cornu|velut|defungo|strenuus|creator|conforto|cubicularis|canto|custodia|trado|ab|supplanto|consequuntur|debitis|admitto|aro|cunabula|valde
theca|velum|2026-07-17 10:48:51|2025-07-29 08:20:50|coniuratio|sumo|unus|conculco|2018-08-29 09:08:35|blanditiis|volup|solio|casus|aranea|viriliter|tutis|ipsam|dicta|amissio|antiquus|stabilis|conqueror|clarus|arbitro|harum|sollicito|auditor|aequus|solvo|adeptio|sequi|celo|coruscus|temptatio|sollers|aperio|comminor|umbra|sulum|apud|cruentus|ultra|apparatus|peccatus|celer|demitto|curso|crebro|fugiat|ea|suscipit|arbitro|pauper|concido|pectus
triduana|turba|2019-03-01 20:14:12|2025-10-02 06:40:22|curiositas|ars|articulus|coniuratio|2026-03-26 04:18:21|a|supra|delego|anser|victoria|tollo|hic|valeo|cohibeo|agnosco|pecto|corona|tenuis|aqua|defaeco|debilito|benigne|crudelis|demitto|stips|aptus|apostolus|arbustum|minima|audeo|conculco|thema|teneo|clementia|suadeo|somniculosus|amaritudo|defendo|vulgivagus|chirographum|altus|iusto|ventito|traho|doloribus|teres|credo|trado|cum|auctor|carpo
aer|assentator|2020-06-10 22:32:30|2024-03-17 22:53:31|valde|usus|cultura|vinum|2026-05-23 07:15:28|accusamus|vilicus|adfectus|currus|sono|vacuus|amor|admoveo|pecco|corpus|amaritudo|consequatur|suppono|timidus|bonus|tonsor|vorax|cogito|tantum|conforto|accendo|suggero|video|adopto|carus|advenio|consequatur|confugo|sollers|ventus|sperno|amplexus|tantum|supellex|defessus|amaritudo|strues|ea|carcer|currus|vulariter|architecto|usitas|cibo|talio|eaque
desolo|clementia|2021-05-04 09:48:11|2022-09-10 12:30:18|derelinquo|taceo|aranea|debitis|2021-01-01 13:51:16|vester|caritas|abduco|super|amiculum|error|cotidie|colligo|amita|est|vito|terra|ultio|certe|apud|ipsum|sumo|vetus|addo|aiunt|templum|colligo|texo|celer|cum|cervus|pariatur|temeritas|tabula|corrupti|decerno|suscipio|desipio|universe|quis|ager|ea|libero|ago|damnatio|deinde|angelus|adfero|utor|ascisco|comedo
cubo|ustulo|2016-12-20 23:19:49|2018-11-25 04:40:29|aestus|demitto|sol|vero|2019-03-03 19:45:12|conscendo|tui|vesica|repellat|villa|acidus|capitulus|carcer|nobis|cruciamentum|aggredior|vis|aliquid|velum|undique|tepidus|creta|natus|apostolus|depulso|crapula|sono|depraedor|dapifer|considero|vulticulus|volubilis|abstergo|conforto|strues|commodi|tumultus|autus|umbra|canis|crux|triduana|spiculum|sollicito|porro|pecto|quis|confido|sit|minus|versus
thermae|tepidus|2021-06-21 23:33:14|2020-12-02 19:05:11|expedita|alii|conscendo|victus|2025-05-06 03:27:08|succurro|temperantia|textilis|placeat|textilis|defero|subito|aestus|canonicus|vilicus|aequus|conor|convoco|defetiscor|tamdiu|labore|vulnus|consuasor|damnatio|advoco|adnuo|vado|quae|talio|alo|vorax|quod|tremo|aequus|amoveo|corona|tamquam|aperte|pariatur|strenuus|statim|conculco|clamo|corona|deprimo|laborum|auxilium|cerno|clementia|facere|curia
tibi|basium|2021-09-26 11:15:03|2022-09-14 10:04:33|terminatio|angustus|bellum|succedo|2021-10-10 18:34:57|sono|denego|credo|audeo|perspiciatis|arx|amita|ipsa|strues|sordeo|vorax|demulceo|tabgo|tracto|celebrer|nemo|suffoco|delectus|quas|ustilo|arbor|truculenter|nesciunt|campana|sulum|ullam|virtus|conturbo|denuncio|blandior|accusantium|timidus|doloribus|thermae|uter|circumvenio|credo|tam|esse|cicuta|textor|vivo|tener|stella|corrumpo|venia
aeneus|uxor|2018-09-29 17:22:19|2020-05-04 06:35:18|damno|ambulo|desolo|voco|2024-01-01 23:03:17|cultellus|cenaculum|acervus|tibi|nesciunt|audio|appono|tubineus|subito|usus|attonbitus|suggero|sunt|tot|debilito|terreo|crux|tabula|absorbeo|cumque|eos|tego|copiose|teneo|usitas|traho|sursum|voluptatem|nihil|vulnus|crastinus|considero|tabesco|comedo|tenetur|theatrum|combibo|odit|confero|viridis|odio|vulgus|vigor|audacia|tribuo|apud
curtus|aiunt|2017-03-16 08:00:13|2023-07-06 02:00:02|accusantium|debilito|atavus|taedium|2019-10-26 03:37:22|consequuntur|magni|vereor|deputo|angelus|provident|sed|excepturi|ulciscor|patior|texo|eos|solvo|illo|qui|volutabrum|triduana|cattus|angelus|aureus|ago|nemo|aperio|virgo|contra|patruus|eligendi|comptus|cultura|pariatur|eum|civitas|tricesimus|vapulus|paens|acies|umquam|varius|totam|temptatio|vomer|eaque|curriculum|deficio|assentator|maiores
sum|dolorum|2020-03-31 10:29:54|2024-05-18 20:52:31|facere|ulterius|damnatio|ante|2026-08-20 11:39:29|aer|vulgivagus|itaque|cultura|cibus|villa|tergo|doloribus|depromo|terebro|delectus|dolorum|vere|defendo|abduco|aeternus|aeger|reiciendis|territo|vero|vae|vaco|caelum|tamquam|coma|celo|cervus|cura|voluptates|utor|caterva|vir|spiritus|beneficium|tenetur|numquam|uredo|venustas|corporis|cerno|ipsum|vere|caecus|bardus|volutabrum|ullus
bellicus|textor|2020-08-03 08:41:03|2020-02-28 06:40:47|illo|corporis|conicio|vicinus|2025-04-25 13:04:13|teneo|stipes|caelestis|textor|thorax|vulariter|unus|sublime|desolo|tutamen|tempora|quisquam|officiis|nam|celo|curo|cicuta|desipio|copiose|basium|ancilla|suggero|nisi|attollo|adversus|sint|via|cedo|aegre|absens|umerus|adinventitias|sumo|aliquid|tyrannus|timidus|attero|coadunatio|acquiro|delectatio|vicissitudo|amaritudo|nobis|verecundia|vis|solvo
sursum|volo|2025-02-16 12:06:53|2022-12-02 10:10:17|aliquid|facere|colligo|minima|2024-04-22 04:29:31|clam|talio|cauda|tantum|candidus|auctus|aspicio|provident|arceo|canis|conqueror|armarium|stella|stella|sunt|condico|campana|utrum|varietas|suffoco|amoveo|peccatus|cedo|vinitor|umerus|repellat|absconditus|aperio|alveus|nemo|sub|ara|admoneo|omnis|utor|odit|cura|facilis|statim|considero|pecus|unde|voluptates|creber|urbs|vivo
casus|baiulus|2018-03-28 09:23:18|2020-07-15 03:29:03|repellendus|atrox|uredo|demoror|2019-01-18 04:25:58|in|amor|curto|convoco|voluptas|quo|crur|quam|talus|tot|vaco|textor|benevolentia|arguo|venia|aer|demitto|sustineo|velociter|denuncio|bene|ulciscor|torrens|centum|reprehenderit|apparatus|taceo|attollo|tui|venio|cunae|subvenio|agnitio|vinco|adulatio|tam|speculum|cilicium|audeo|considero|appono|thesaurus|socius|benevolentia|amplus|desparatus
pauper|nesciunt|2022-03-29 02:33:10|2019-05-26 19:23:47|candidus|labore|pel|collum|2020-02-16 02:23:18|cumque|ex|adaugeo|ex|cuius|claustrum|solitudo|tot|recusandae|paulatim|synagoga|adversus|eius|avarus|alienus|absorbeo|bene|decens|studio|crepusculum|stillicidium|demoror|assumenda|usque|theatrum|tremo|approbo|voco|hic|aeger|volup|pecto|tabernus|cauda|conduco|turbo|rem|vox|vulnero|arbitro|crur|summopere|copiose|suasoria|cubicularis|pax
tergiversatio|acervus|2023-02-21 16:09:08|2020-11-12 17:11:11|nisi|coma|patria|vox|2019-05-17 04:30:29|fuga|est|uredo|peior|cetera|aranea|clamo|cito|cognatus|succurro|caput|necessitatibus|cado|decor|timidus|cervus|theologus|tui|vulgivagus|turba|autem|ara|ipsum|temptatio|solitudo|communis|curia|custodia|capitulus|arto|caelestis|adfero|creptio|incidunt|acies|cognatus|viridis|repellat|patruus|quia|coniecto|averto|depromo|demergo|sumo|corporis
amaritudo|vicinus|2023-09-23 06:59:45|2023-10-20 09:24:21|cunctatio|tremo|denego|verto|2025-02-15 11:56:16|admiratio|thermae|coniuratio|xiphias|aranea|comparo|stillicidium|adimpleo|tepesco|complectus|chirographum|aeternus|calamitas|deputo|natus|quos|quidem|tollo|avarus|debeo|circumvenio|quia|veniam|careo|synagoga|tripudio|repellendus|error|rem|exercitationem|decet|balbus|urbs|cerno|verecundia|spero|theologus|vulnero|minus|theatrum|voco|triumphus|territo|termes|suppono|demitto
theologus|crux|2018-10-07 17:35:38|2025-09-05 16:40:03|ratione|celo|sumptus|quos|2020-09-01 22:47:44|acer|sollers|capio|bis|at|angelus|cattus|despecto|amplexus|spoliatio|depromo|conatus|textus|turpis|creber|numquam|absorbeo|arca|demoror|conitor|vulariter|vigor|delibero|utique|sublime|sustineo|autem|utique|corona|solium|possimus|patruus|pecco|comedo|altus|animadverto|canis|damno|tricesimus|placeat|decimus|cornu|accedo|ulterius|adeptio|excepturi
acer|suus|2018-10-07 14:21:20|2022-04-24 14:44:46|talis|earum|ubi|cursim|2018-08-27 17:14:52|absum|speculum|valde|vociferor|cruentus|conqueror|asporto|tabesco|audax|decretum|suffoco|tepesco|omnis|surculus|cum|circumvenio|arcus|decumbo|cavus|repellat|talio|attonbitus|comparo|allatus|coruscus|vorax|non|corrupti|viridis|fuga|alveus|cariosus|velit|possimus|attollo|quisquam|subiungo|stella|aeternus|adulatio|degenero|arbustum|minima|ater|termes|casus
consuasor|quos|2020-03-11 22:32:47|2020-05-21 06:32:37|corroboro|succurro|perferendis|cognatus|2025-03-26 08:42:27|tondeo|decumbo|sui|voco|coniecto|deludo|varietas|aetas|condico|vox|cultellus|arcesso|utpote|volutabrum|curia|nam|tunc|solitudo|comitatus|ventosus|defendo|cenaculum|cogito|arca|quod|derideo|tabesco|cubicularis|tredecim|usitas|toties|doloribus|audentia|abscido|aliquam|deduco|amaritudo|talus|chirographum|sursum|cursim|trans|tabesco|vinitor|conicio|tergum
dedecor|via|2025-07-23 05:33:25|2018-10-09 05:09:52|depulso|demens|ut|advenio|2023-08-28 20:59:47|textor|advoco|usque|illo|unde|cur|dicta|apto|temeritas|quaerat|torqueo|delinquo|saepe|minima|xiphias|conventus|adsuesco|appositus|abduco|vereor|quibusdam|capto|temporibus|correptius|cognomen|veniam|volup|compono|paulatim|infit|cattus|consequatur|temeritas|adeptio|adduco|soleo|tristis|acer|cognatus|cur|tenus|vapulus|ante|itaque|talis|auctus
vespillo|alius|2026-01-31 00:13:09|2019-07-30 10:53:37|decumbo|atrocitas|tantillus|supplanto|2018-01-15 12:48:31|catena|delectatio|censura|aggredior|ater|spiritus|ciminatio|vir|vis|decimus|subseco|vis|desparatus|dignissimos|desparatus|est|varietas|bonus|candidus|arcesso|animus|verbera|sed|cicuta|capto|angulus|asperiores|contigo|contego|sapiente|stultus|et|dolore|advoco|cruentus|textor|pauper|ad|numquam|auctor|toties|inventore|cervus|tredecim|quisquam|desolo
voro|caste|2023-01-08 04:04:34|2019-09-13 14:16:51|cuppedia|urbs|appono|cupio|2024-02-25 04:09:02|abduco|voluptatum|sto|depulso|absum|supplanto|aer|decimus|cometes|catena|varius|undique|officiis|aliqua|auditor|vero|tersus|compono|cruciamentum|corroboro|conicio|brevis|pecus|alius|arbor|contabesco|eos|ambitus|annus|correptius|vorago|peccatus|una|substantia|tardus|ventito|nemo|excepturi|volaticus|aequus|officiis|curia|contego|mollitia|abeo|brevis
conitor|adipiscor|2022-08-29 04:35:39|2023-04-16 17:35:59|ad|bellicus|amo|amiculum|2018-03-16 02:25:18|denego|occaecati|defleo|tero|atrox|utilis|patior|consectetur|voluptates|arcesso|inventore|caries|cubitum|distinctio|velut|comprehendo|defessus|truculenter|sono|deprimo|est|cibus|super|subseco|utor|corrumpo|amplus|credo|exercitationem|vicinus|tardus|decretum|vilitas|barba|caput|demum|vaco|sortitus|tabernus|non|molestias|maxime|calamitas|degero|uterque|ipsum
reprehenderit|vulgus|2023-10-23 19:08:31|2024-09-10 13:31:15|adfectus|aureus|dolorum|vinum|2017-07-19 06:55:36|consequatur|dapifer|ventito|suffragium|curatio|attonbitus|damno|armarium|attero|dolores|absque|abduco|crastinus|titulus|decerno|vinum|tardus|optio|adduco|deduco|ustilo|denego|recusandae|contabesco|coerceo|decretum|auxilium|spectaculum|aggredior|campana|sto|socius|tredecim|denuncio|tardus|aetas|confero|creber|cupio|deprecator|conor|voluptatibus|pecco|stabilis|officiis|fugiat
teneo|carcer|2024-05-08 20:48:09|2019-04-03 21:25:03|advoco|nisi|sub|carpo|2021-08-23 09:09:56|centum|clam|tyrannus|tollo|avaritia|defaeco|uter|somnus|blanditiis|calcar|velut|cometes|altus|cultura|depono|concido|delego|cupiditate|argumentum|assumenda|fugit|ipsum|delinquo|distinctio|aureus|fugit|ocer|crepusculum|adinventitias|tandem|acsi|tabesco|benevolentia|terga|sum|vinum|voveo|suffoco|nihil|cohors|brevis|assumenda|communis|bos|audeo|numquam
truculenter|temperantia|2021-10-19 14:23:00|2017-12-26 05:48:31|viridis|censura|modi|dapifer|2018-04-26 16:37:23|alias|sublime|attollo|audacia|voluptatum|vinco|deporto|annus|velit|adfero|dolores|tredecim|carpo|basium|cur|ulterius|sodalitas|advenio|desino|communis|atque|suppono|dedecor|optio|infit|coaegresco|conforto|desidero|calco|cubitum|speculum|tremo|vaco|utor|aeger|strues|conor|acquiro|vestrum|circumvenio|cotidie|adeo|pauci|theca|calco|ultio
vester|magni|2017-05-13 05:27:47|2023-08-03 21:31:40|vix|auditor|damno|vix|2022-06-29 16:24:34|cotidie|cupiditas|utpote|vorago|urbanus|caput|infit|curtus|cariosus|coruscus|ultio|error|dolore|uter|suadeo|comptus|allatus|capitulus|decerno|cubicularis|optio|vergo|bestia|stips|caelum|ancilla|tendo|somnus|verbum|suppono|viscus|cauda|crustulum|tredecim|tertius|tam|vix|laborum|reiciendis|conitor|harum|suus|vesco|alii|tergo|cilicium
excepturi|certus|2025-11-08 13:35:49|2019-07-16 05:07:14|nulla|varietas|strenuus|corporis|2019-01-18 14:43:42|apto|aliquid|commodo|validus|cerno|contego|quidem|arguo|basium|degusto|atrox|thermae|una|cornu|suggero|conatus|civitas|argentum|angelus|aperiam|umbra|vociferor|adduco|decumbo|ex|ver|laboriosam|averto|absque|ubi|totus|uter|tergeo|voluptate|statim|canonicus|utrimque|amor|aegrotatio|ratione|vero|coniuratio|certe|repudiandae|temeritas|magni
cotidie|ex|2024-11-27 06:56:54|2024-09-08 20:11:22|curiositas|aperte|ventus|audentia|2021-12-03 22:33:42|super|deduco|adeptio|comis|crux|curvo|eligendi|eligendi|illo|aperiam|virtus|velociter|commodo|ubi|volo|desidero|solium|defleo|et|celer|cunae|acidus|comburo|id|surculus|vigor|caelum|cursus|vigor|chirographum|tertius|ascisco|atqui|magni|vulpes|verto|stultus|aptus|comitatus|conitor|tremo|ceno|capio|curia|corroboro|uredo
vapulus|eveniet|2022-01-04 02:49:45|2020-02-24 09:15:56|volutabrum|consectetur|volup|solio|2018-12-04 07:40:19|adsidue|balbus|amoveo|amplus|volaticus|contego|vereor|denuncio|creo|libero|corona|adsum|patrocinor|crustulum|comptus|admoveo|aiunt|tamisium|adfero|coaegresco|autus|cohaero|ara|deficio|vita|demens|audentia|depraedor|accusantium|aspernatur|succedo|thalassinus|suppellex|volup|depono|decipio|cumque|nisi|iure|voluptate|summopere|civitas|defleo|contego|usus|adimpleo
articulus|arbitro|2021-04-06 23:09:26|2023-07-14 13:27:42|cotidie|calculus|adhuc|cuppedia|2017-08-19 17:21:13|cicuta|vulpes|ait|confugo|demens|teneo|victus|voro|correptius|trans|dedecor|correptius|cetera|subvenio|ipsa|illum|doloribus|labore|adopto|valetudo|ratione|videlicet|sophismata|nulla|talio|denego|aeger|est|pauci|comprehendo|avarus|cum|timidus|complectus|vestrum|occaecati|exercitationem|fugiat|terga|conduco|arguo|testimonium|summisse|veniam|consequatur|id
aequitas|unde|2021-10-05 07:07:13|2026-05-20 05:22:45|utique|suspendo|cado|sollers|2017-06-21 09:25:44|torqueo|adinventitias|stella|votum|facere|vulgo|timor|tergiversatio|ubi|undique|certus|tepesco|virtus|agnitio|alveus|audax|desolo|studio|pectus|conicio|trepide|undique|deporto|terreo|suscipio|valens|vulgus|decipio|sum|argentum|alienus|denuo|ut|vindico|vilicus|error|auditor|commemoro|nisi|advenio|adhaero|deripio|solutio|ventus|derelinquo|umquam
quisquam|talio|2018-10-10 11:07:29|2026-05-27 00:21:13|verecundia|cupio|vulgus|creptio|2026-04-29 13:12:47|defluo|demitto|depopulo|cohibeo|rem|degenero|stips|timor|ut|derelinquo|utrum|utroque|saepe|vobis|alii|terreo|vito|tunc|vicinus|bonus|condico|sunt|doloremque|vulgus|quaerat|patior|avaritia|dolorum|ara|excepturi|strenuus|taedium|conicio|campana|quaerat|adhaero|vivo|compono|acer|corporis|tollo|clibanus|amicitia|tui|calamitas|vulgivagus
arx|utique|2018-10-13 14:29:32|2019-11-23 20:52:14|suggero|credo|ancilla|quia|2019-11-04 12:06:29|stillicidium|adipiscor|volubilis|tenetur|eaque|calamitas|dignissimos|deludo|corroboro|aegre|conculco|tersus|timor|caecus|consuasor|velit|omnis|molestiae|strenuus|decet|creber|magnam|considero|cum|aduro|denique|depopulo|demum|occaecati|solium|utroque|videlicet|aetas|collum|certus|combibo|verecundia|uterque|utique|custodia|conatus|cultura|velum|tantillus|caecus|summa
auditor|tamisium|2017-02-08 22:23:31|2017-09-15 00:52:07|cupio|vel|enim|accusantium|2025-02-21 12:28:37|vomito|timor|tego|suffoco|cedo|comminor|adeo|perferendis|ex|decimus|ait|aurum|vigor|defero|sonitus|ara|commemoro|unde|volva|pecus|temeritas|sustineo|cunctatio|cribro|molestias|adeo|inflammatio|aestivus|sufficio|totus|totus|accedo|tabula|tergiversatio|volva|tracto|nulla|anser|thesis|earum|adopto|auctus|neque|tepesco|aut|alveus
despecto|iusto|2019-09-13 15:33:00|2018-03-09 15:43:24|ait|desparatus|minus|tardus|2023-05-24 05:47:11|ver|bibo|natus|vorax|trado|varius|attonbitus|spes|arx|arx|abbas|optio|verus|sint|comparo|asper|placeat|subvenio|cohibeo|thymum|vomica|cunctatio|curtus|tamen|tui|cultura|vacuus|totam|odit|desolo|cetera|tonsor|aspernatur|tametsi|volaticus|appello|vilitas|caritas|suus|utor|libero|spoliatio|adiuvo|advenio|despecto|currus
cuppedia|abscido|2026-01-01 13:14:09|2020-03-12 05:19:31|defaeco|cariosus|stultus|cubitum|2022-06-16 13:57:04|voluntarius|iusto|amita|argentum|vindico|comes|commodo|voluptatibus|tutis|angelus|ocer|verus|vulpes|solio|stillicidium|sublime|creator|pel|teneo|totam|adeptio|accendo|causa|trans|suus|urbanus|dedecor|tabella|caries|omnis|vulticulus|certus|nam|apostolus|tergum|condico|absens|torrens|corpus|ducimus|culpo|varius|placeat|altus|terminatio|absque
amaritudo|utrimque|2022-06-15 04:17:21|2019-07-28 10:08:55|apparatus|eveniet|territo|temperantia|2022-12-29 07:47:59|adipisci|turpis|ab|ab|virtus|beatae|decor|succedo|allatus|vulnus|adflicto|vado|valens|ascit|demergo|calco|amiculum|repudiandae|deserunt|vesco|excepturi|defaeco|est|dicta|concido|capio|arcus|pax|summisse|testimonium|comminor|asper|volubilis|commemoro|audio|damno|tricesimus|crur|celebrer|atque|molestias|ago|alii|vorax|studio|subseco
degusto|dolores|2024-06-28 20:49:20|2021-12-05 01:36:26|omnis|aurum|curo|patruus|2021-08-25 11:23:16|tibi|acies|aptus|aufero|cornu|subnecto|talis|tondeo|animi|calamitas|demonstro|terga|crux|tempus|arbitro|defendo|sunt|curiositas|voveo|colligo|agnosco|acerbitas|collum|attonbitus|ventito|totus|somnus|spectaculum|deprecator|nostrum|chirographum|pecus|quas|confugo|bestia|cena|coniuratio|cohors|sapiente|neque|theologus|crebro|cerno|tunc|attollo|accusantium
coaegresco|aiunt|2020-09-10 16:49:46|2019-11-29 23:49:57|accusator|sto|assumenda|ambulo|2022-06-30 16:55:20|super|amissio|terga|denego|confero|somnus|possimus|volutabrum|occaecati|conturbo|ubi|subnecto|aiunt|tamisium|cometes|triumphus|quos|tollo|occaecati|suppono|enim|quam|quasi|impedit|pecto|cicuta|cariosus|tripudio|pariatur|vulgo|undique|venustas|cura|enim|benevolentia|unde|ab|urbanus|beatus|amo|argentum|degenero|capio|amaritudo|abscido|turba
sponte|vacuus|2018-07-06 21:37:05|2019-10-22 10:11:54|umbra|vulpes|trado|laborum|2022-12-02 07:36:31|villa|aduro|minus|crudelis|vivo|victoria|apostolus|defungo|thorax|maxime|vilicus|vestrum|crepusculum|astrum|adstringo|adsuesco|sopor|conculco|accusator|repudiandae|cui|comprehendo|volup|tribuo|defendo|aduro|colo|comparo|cenaculum|curso|abscido|amoveo|consequatur|acies|conculco|quo|solvo|thesaurus|aliqua|conculco|comminor|volo|ipsum|solitudo|cometes|calamitas
expedita|theca|2017-10-11 01:48:19|2018-12-14 03:20:25|demoror|congregatio|adsum|tondeo|2022-10-04 21:03:32|aperio|aegrus|vilicus|apto|ars|suggero|defaeco|capitulus|aeternus|peior|tutamen|accusamus|paulatim|cito|absum|aufero|auctus|solitudo|truculenter|suggero|contigo|volo|vulticulus|votum|copiose|conservo|vilis|arma|absens|suspendo|viridis|volup|voluptates|thorax|excepturi|tibi|comitatus|aer|verbum|amoveo|votum|astrum|tego|atrocitas|utor|sodalitas
callide|claustrum|2017-02-13 21:13:40|2026-03-25 03:31:11|cena|copiose|denuncio|titulus|2020-12-02 02:35:29|caelum|valens|quidem|tantillus|spes|cunae|aperte|denique|tandem|vulgaris|solutio|apto|cras|apto|vester|solio|claudeo|accusantium|trepide|quasi|subiungo|spes|accusator|curvo|damno|deporto|attero|labore|corrumpo|voluptatum|demens|angulus|vicinus|doloremque|amoveo|campana|cunae|aperte|atque|ventito|cunabula|quod|ademptio|casus|vigilo|stipes
antiquus|titulus|2024-05-05 00:07:04|2026-04-25 06:01:15|suspendo|vitium|labore|surculus|2025-05-14 22:49:03|advenio|cresco|tubineus|cubitum|articulus|amitto|suspendo|nemo|ait|strues|catena|arceo|quo|dolores|capillus|desidero|at|bibo|auxilium|toties|tui|cibus|spoliatio|audax|stipes|avaritia|id|tam|amoveo|bellicus|absens|denuo|circumvenio|corporis|volup|convoco|abduco|nostrum|spargo|cimentarius|curatio|nisi|commemoro|clibanus|stultus|contigo
denuo|civis|2021-06-12 05:26:58|2018-10-19 06:01:51|patior|asporto|utpote|amitto|2020-05-20 06:21:49|tametsi|arbor|alo|acer|aureus|depromo|cogito|cubitum|adsidue|magni|caritas|deprimo|curto|tergiversatio|uxor|corpus|adfero|vesco|admiratio|absum|illum|libero|mollitia|sortitus|ver|turba|currus|vivo|cuppedia|temeritas|venio|allatus|adulescens|labore|convoco|subseco|damno|delinquo|attero|dedecor|aer|alioqui|quia|quo|titulus|cur
crudelis|audentia|2025-08-15 09:28:26|2025-05-11 21:05:17|appono|ustulo|audentia|stipes|2024-09-24 05:59:46|maiores|culpo|suffragium|sumptus|quis|super|theatrum|mollitia|torrens|vitium|voluptatibus|adhuc|talus|architecto|cursim|delicate|confido|constans|tergeo|decipio|virga|nam|sono|culpo|conor|tribuo|tertius|patrocinor|antepono|tripudio|defessus|convoco|balbus|approbo|defaeco|tertius|cruciamentum|ut|aeternus|substantia|omnis|trado|super|aperiam|paens|blanditiis
ascisco|theologus|2018-02-18 21:39:50|2020-11-21 20:15:09|confugo|apostolus|audentia|conforto|2018-08-04 10:56:35|versus|aut|cultura|aeneus|creo|adeo|crustulum|adficio|cilicium|aiunt|alter|convoco|adhaero|virgo|adsuesco|trucido|somniculosus|ocer|abscido|vergo|vox|quod|vinco|cunabula|vinculum|omnis|creptio|advoco|tergum|ulciscor|stipes|terreo|aeternus|aestivus|abscido|dapifer|celo|stella|acquiro|terebro|cunae|tum|degenero|admiratio|tener|pectus
vulgo|perspiciatis|2021-02-15 05:29:09|2018-02-26 03:34:34|tolero|aureus|suffoco|iusto|2019-06-21 08:13:55|quas|asper|denuo|sumo|volva|tenus|curatio|sit|nulla|spiritus|arca|attonbitus|textus|cito|adamo|sto|strenuus|comedo|aduro|vicinus|praesentium|testimonium|vulgaris|talio|vetus|sub|demitto|aureus|cubicularis|doloremque|decumbo|apto|adfectus|armarium|trans|arbustum|addo|sub|cruentus|depromo|adficio|supellex|carpo|decipio|defero|amicitia
conduco|facilis|2022-12-21 20:05:30|2019-10-28 10:17:03|vobis|cupio|deripio|autus|2022-07-10 05:37:59|synagoga|adversus|correptius|aggredior|tamquam|et|texo|coma|curis|tabgo|concedo|aggero|crastinus|nobis|ars|compello|turbo|repudiandae|ustilo|cubitum|patrocinor|tabgo|pauci|aeneus|desolo|taedium|voro|deprecator|tristis|curvo|utique|artificiose|contabesco|rerum|catena|varietas|cunctatio|textor|fuga|adsum|cohaero|capto|cito|conatus|sulum|armarium
maiores|tergo|2026-08-10 00:15:51|2019-08-23 13:26:15|cognomen|cruentus|cornu|nam|2024-04-24 18:13:42|aegre|vergo|quod|tabella|auditor|recusandae|denuo|tribuo|cenaculum|theatrum|volubilis|animadverto|tabula|tepidus|tantillus|suspendo|ocer|bos|tyrannus|similique|uredo|voveo|iusto|deduco|aureus|vitiosus|assumenda|vespillo|turpis|adnuo|cupressus|benigne|bardus|aperio|optio|cenaculum|talio|delectatio|adamo|volup|comburo|vulgus|dolor|corroboro|vilitas|utor
vehemens|viduo|2020-10-13 05:37:48|2022-08-16 12:02:58|amicitia|socius|amicitia|nam|2018-06-03 17:18:05|viscus|adstringo|uterque|tabgo|eius|tamen|caries|pecco|arma|abstergo|iste|iusto|curatio|vapulus|aggredior|conculco|spectaculum|caute|catena|tremo|repellat|somnus|repellat|bellicus|vivo|sophismata|ventosus|amiculum|conculco|ater|fugiat|conturbo|sophismata|earum|vehemens|talis|quo|benigne|terminatio|ager|decens|optio|vulpes|cervus|amitto|et
tepidus|ventito|2024-01-16 19:49:09|2022-01-16 07:42:30|vel|aut|cimentarius|ustilo|2018-03-04 02:29:37|spiculum|crur|solus|cognatus|delibero|attollo|ars|vomica|contigo|adopto|summa|caste|campana|quasi|sulum|canis|capio|tristis|turba|voluptates|quasi|caute|ago|charisma|repudiandae|combibo|aranea|ter|eveniet|pecto|vitiosus|tabesco|nobis|quidem|deputo|sponte|combibo|cotidie|quasi|bene|dolorem|benigne|tripudio|suppellex|socius|tener
tumultus|torrens|2017-04-07 01:12:06|2023-08-26 12:13:52|vergo|auditor|comminor|speculum|2017-06-10 21:41:53|speculum|vitium|trans|asper|tam|caveo|accedo|animadverto|vel|cuius|dapifer|vacuus|eligendi|aestivus|vester|tertius|terga|creta|aegrotatio|dolorem|xiphias|barba|eaque|tergeo|amplitudo|solvo|supellex|caste|varietas|patruus|corrumpo|demum|paens|colo|bene|alias|conforto|a|suscipit|combibo|adhaero|acquiro|argumentum|delinquo|illo|quibusdam
crur|adsuesco|2018-08-23 09:19:47|2019-12-24 21:37:18|tenax|ara|aegrus|canonicus|2022-02-12 07:17:56|comprehendo|cervus|thymbra|delectatio|anser|crapula|temporibus|calculus|accendo|pauper|curatio|cilicium|absconditus|vacuus|centum|subito|templum|viriliter|in|optio|bellicus|deficio|demonstro|avaritia|ustilo|fugiat|sunt|thymbra|veritas|thalassinus|vulnus|stella|celer|vita|comprehendo|cerno|bonus|dedecor|succedo|adfectus|comis|cogito|summopere|solitudo|id|stillicidium
capitulus|odio|2025-12-11 17:45:56|2025-07-20 04:46:33|desparatus|succedo|sortitus|compono|2020-11-26 01:06:09|uter|super|amplitudo|vir|atrox|accommodo|uredo|conturbo|eveniet|credo|aptus|animi|dolore|cohaero|sequi|compono|texo|theologus|cernuus|terror|copia|cornu|excepturi|dedico|eaque|debilito|utroque|derideo|speciosus|debilito|antiquus|cohors|creber|torqueo|aegre|cerno|virtus|commodo|celer|videlicet|tricesimus|surculus|cur|denique|fugit|tantum
cometes|officiis|2025-09-23 23:02:16|2018-09-09 16:37:28|solium|thema|quia|cito|2023-09-29 10:18:37|vallum|aeternus|comis|aperio|ubi|ut|delectatio|comburo|vinculum|stella|ipsam|accendo|asperiores|adaugeo|apud|unus|adnuo|sopor|delego|vesco|sustineo|casus|voluptatum|teres|ubi|quo|versus|crux|dolor|votum|aeger|eos|calamitas|similique|aequus|valde|ustulo|dolorem|calcar|cognatus|ventus|aeneus|suadeo|caveo|strues|sum
ager|facilis|2023-10-20 09:11:48|2025-04-21 15:52:55|sono|cuius|laudantium|venia|2025-03-22 21:03:28|considero|sub|delibero|testimonium|vero|aggero|terminatio|cuppedia|placeat|depereo|viscus|celo|damno|torrens|texo|vaco|tactus|cursim|uredo|paens|explicabo|tamdiu|conatus|doloremque|crustulum|depopulo|cogito|depono|defleo|sol|tricesimus|caritas|adulescens|supra|cupiditate|spero|crustulum|cena|aliquid|cubitum|voluptas|video|tutamen|curtus|vulnero|speculum
antea|tutamen|2018-01-01 20:52:54|2019-12-25 16:17:02|vilitas|quo|calcar|utroque|2022-05-18 15:35:22|comedo|velit|vis|decet|solvo|coniuratio|defluo|ea|in|decerno|provident|vapulus|cariosus|vallum|speculum|stabilis|supra|tantillus|conturbo|ars|adicio|acquiro|coerceo|delibero|clibanus|antepono|claustrum|acer|clam|nemo|trado|ipsam|absens|aurum|supellex|vinco|pariatur|suffragium|color|trucido|argumentum|video|caelum|nam|audio|tabesco
capio|conitor|2024-05-24 06:37:19|2026-07-31 08:56:28|sono|currus|votum|venustas|2024-05-13 05:54:16|thesaurus|aspernatur|ab|callide|vehemens|damnatio|capto|ancilla|delinquo|volaticus|vulgaris|id|cohaero|crudelis|nisi|defetiscor|clarus|suadeo|vero|sopor|animadverto|sordeo|tondeo|aro|autus|clamo|accusantium|denique|sollicito|voro|claro|demulceo|admiratio|commodi|abeo|utpote|subiungo|tam|utpote|ad|sulum|uberrime|sollers|delectatio|adipisci|ambitus
civitas|utrimque|2025-03-24 01:18:41|2022-03-18 04:24:45|suscipit|eius|taceo|expedita|2026-07-12 01:50:46|aetas|verus|coadunatio|vir|capto|argumentum|amplus|vicissitudo|sonitus|comis|aestas|tenax|autem|velut|adipiscor|suscipio|ullus|vitiosus|dapifer|certus|tutis|cui|tamdiu|copia|labore|aureus|coma|absque|cognatus|vicissitudo|caritas|vehemens|verbum|approbo|substantia|sint|cognomen|odit|adulatio|similique|congregatio|perspiciatis|vomica|ut|ambulo|voro
demonstro|delinquo|2021-08-28 02:09:10|2019-11-04 12:33:30|vero|cimentarius|omnis|venia|2022-11-22 05:25:14|suadeo|minima|contego|aeneus|absens|abutor|peccatus|curvo|villa|cursim|subiungo|defleo|benevolentia|autus|artificiose|caecus|alius|tepesco|curriculum|aro|quidem|autem|tricesimus|sodalitas|cum|vindico|adstringo|civitas|debitis|terga|terreo|totus|comedo|vir|sonitus|tenuis|benevolentia|apparatus|dedecor|sol|suffragium|brevis|cilicium|vapulus|denique|ager
verto|tubineus|2020-07-20 12:19:45|2022-04-04 12:23:55|cubo|caterva|conservo|correptius|2018-07-15 12:59:17|perferendis|caterva|vesica|vos|clamo|conduco|vespillo|sol|comminor|odit|demoror|placeat|terreo|explicabo|vere|super|astrum|venustas|barba|tenus|ago|celer|curia|cito|cruciamentum|cenaculum|demulceo|vehemens|culpa|adiuvo|magnam|deleo|vitiosus|odit|despecto|decor|volva|copia|alius|colo|conatus|vallum|terra|vilis|sol|enim
coniuratio|depereo|2018-12-18 19:38:35|2017-09-15 20:16:10|summa|casus|ara|decipio|2021-07-24 13:19:41|claustrum|substantia|aut|aqua|subvenio|demulceo|patruus|terreo|ducimus|demoror|conor|territo|temperantia|antiquus|aegrus|astrum|vobis|viridis|absque|vulgus|delectatio|ambulo|patrocinor|conforto|umquam|tardus|auctus|curso|ut|alius|admiratio|adulatio|clibanus|talio|umquam|molestias|odio|solium|torqueo|corroboro|virgo|voluptates|sortitus|tredecim|tam|addo
vulgo|sublime|2022-09-08 11:51:37|2022-01-01 02:22:13|auctus|sponte|sollers|cenaculum|2020-02-09 05:41:54|vetus|optio|aro|nobis|aedificium|virtus|temeritas|adipisci|tumultus|peccatus|corona|caput|victus|clam|itaque|bos|ullam|tantillus|campana|textilis|commodo|comptus|nam|eligendi|tabesco|uter|beatus|vomica|decet|depono|venia|abeo|vilicus|terra|saepe|ambitus|tutis|sed|solutio|ver|volo|admoneo|sulum|provident|occaecati|suadeo
ullam|cura|2022-07-15 21:47:14|2019-06-27 09:40:28|animadverto|aeneus|causa|arbitro|2026-07-30 13:17:10|atavus|arbor|tergiversatio|deputo|vallum|dolores|adsidue|tolero|vallum|speciosus|delego|recusandae|ceno|at|cariosus|allatus|degero|tristis|thema|vobis|deduco|caput|subnecto|cerno|vallum|callide|repudiandae|tondeo|sunt|aegrus|cruentus|condico|assumenda|thesaurus|tamdiu|confido|censura|colo|vobis|delectus|amita|eveniet|viriliter|aperte|reiciendis|tendo
decipio|civitas|2024-05-18 21:38:01|2026-08-16 06:02:14|modi|contra|aegrus|terebro|2020-03-31 07:50:05|accusantium|vulgivagus|compono|denego|abscido|velut|tot|vorax|decretum|adinventitias|sono|defungo|voluptatum|arca|accusantium|auctor|cilicium|alienus|canonicus|viscus|cervus|tamen|canto|universe|ipsam|viduo|confido|suadeo|vito|adnuo|adaugeo|minima|dedecor|umbra|tenuis|quia|nisi|carus|tamdiu|explicabo|sophismata|blanditiis|adflicto|solutio|textus|comburo
addo|volutabrum|2018-06-23 17:56:34|2019-11-24 16:00:14|antea|deputo|attollo|thorax|2024-03-07 06:27:07|creptio|quisquam|cura|clementia|coruscus|thema|terga|canonicus|pecto|adversus|cibo|demulceo|amissio|ciminatio|alii|harum|demum|impedit|curia|turbo|commemoro|amo|careo|suppellex|sui|xiphias|accedo|derelinquo|patrocinor|odio|tergiversatio|paulatim|tenetur|voluptas|clementia|vero|deprimo|eius|ultio|conqueror|similique|condico|conitor|derelinquo|tremo|pecto
vito|nobis|2017-08-03 04:26:14|2019-07-31 22:24:49|vel|cogito|sufficio|collum|2017-07-18 07:00:24|solio|apud|cognomen|vehemens|cauda|curia|calco|adsum|suadeo|tabula|crapula|usitas|quis|cupressus|sum|volutabrum|absum|aestas|thymbra|quia|cado|arx|quidem|terreo|tam|ancilla|cattus|nisi|auditor|assumenda|voveo|demens|ver|cilicium|aeger|consuasor|ullam|agnitio|suus|vicinus|ceno|ventito|complectus|dens|verus|cupio
conspergo|nulla|2024-04-05 10:53:11|2021-10-20 09:53:27|terra|circumvenio|voluntarius|amo|2025-06-15 11:01:11|facere|abstergo|appono|doloremque|turpis|deleniti|cubo|defessus|benevolentia|ciminatio|anser|circumvenio|pel|comburo|aptus|credo|velit|una|basium|defero|sint|ea|somnus|umerus|abduco|vicinus|cresco|dedico|apparatus|alienus|cupiditate|decens|tardus|decimus|fuga|crur|atque|turpis|iste|coerceo|capio|aestivus|caterva|xiphias|despecto|patrocinor
vomica|urbs|2019-04-02 16:55:26|2023-02-04 06:37:25|timidus|toties|caput|ustilo|2021-03-08 19:34:40|vorago|illum|patria|vulnero|ambitus|terreo|brevis|vesper|defleo|conculco|tamisium|atque|defendo|attonbitus|laborum|casus|ventito|vulgaris|turbo|thesis|villa|terra|vel|sodalitas|volubilis|comparo|cohors|arbustum|inflammatio|cohibeo|vix|demulceo|curia|thymbra|thesis|cresco|solutio|tondeo|tres|vis|volva|ater|ventus|cupressus|at|trans
chirographum|pecco|2018-09-08 19:43:48|2020-03-08 10:58:40|celo|bonus|quidem|crustulum|2016-10-21 12:15:32|corrigo|tutamen|alius|decimus|sui|addo|conduco|creptio|aperio|adfectus|voluptas|itaque|tolero|spargo|voluptate|vetus|tolero|usitas|nulla|bene|cupressus|quidem|validus|atavus|occaecati|thesaurus|officia|similique|porro|clibanus|culpa|modi|iusto|decens|sapiente|nesciunt|cibus|baiulus|supra|nostrum|delinquo|argumentum|deludo|succedo|caritas|iusto
verecundia|veritatis|2019-12-22 02:13:56|2024-03-05 05:37:28|voluptatum|creator|excepturi|explicabo|2026-07-10 01:16:08|sophismata|vomer|basium|tumultus|concedo|denuncio|tres|necessitatibus|vir|vinco|audax|versus|tantum|varius|adflicto|esse|deorsum|conspergo|sint|ventus|ullam|aer|sumo|uredo|conturbo|earum|custodia|viscus|armarium|sulum|consequatur|video|corrigo|autus|blandior|super|canto|summa|comptus|ultra|civis|traho|nihil|demulceo|vinculum|harum
caste|voluptatibus|2025-05-12 03:45:27|2020-08-11 23:01:31|aduro|cras|confido|patruus|2025-01-18 10:04:19|alienus|tergo|vesper|alter|paens|alo|vox|terga|desparatus|repellat|vitiosus|unus|qui|demitto|claustrum|ciminatio|caterva|degusto|alter|ultra|depereo|cultura|nostrum|auxilium|adhuc|tabula|cras|termes|amita|quidem|tabella|aeger|coepi|esse|ullam|blandior|dedico|valens|constans|canonicus|sumo|benigne|damnatio|nihil|aut|summa
sperno|annus|2025-05-23 19:01:04|2023-12-24 12:32:51|amitto|inventore|suus|fugit|2020-02-23 00:51:24|pauper|canto|uredo|veniam|surculus|alveus|mollitia|curia|caries|antiquus|vesica|desparatus|cena|delinquo|vespillo|antiquus|summopere|tollo|vulariter|venia|ancilla|molestias|despecto|cursim|deprecator|fugit|conventus|consuasor|pariatur|officia|tristis|defluo|concido|aurum|eaque|cimentarius|substantia|hic|atque|laboriosam|atqui|ullam|stultus|acsi|adstringo|vulariter
ter|adversus|2026-04-30 13:48:06|2021-08-26 08:05:58|appositus|suffoco|sum|aegre|2019-04-04 20:33:26|succedo|quod|delicate|cernuus|stultus|repudiandae|cresco|caste|acidus|comprehendo|autem|amet|sui|desparatus|amita|caecus|volup|voluptates|conforto|appositus|vilitas|virtus|substantia|tardus|vallum|comparo|carus|tres|aduro|deleniti|ducimus|adsuesco|timidus|turba|verbera|consequuntur|aduro|creber|aurum|vitae|conqueror|adsum|accusantium|ipsam|curia|triduana
eos|cogito|2025-04-04 04:21:46|2017-03-04 11:46:35|bis|aegrus|ustulo|approbo|2016-11-30 21:30:37|sto|abundans|paens|ante|cupressus|toties|derideo|spectaculum|amaritudo|adhuc|thermae|cura|caterva|cubitum|adopto|cognomen|confugo|ante|cresco|valens|denuncio|nisi|amoveo|cunctatio|annus|curatio|tergiversatio|audax|sufficio|veritatis|cupiditas|considero|comburo|alii|aqua|tricesimus|denego|officiis|ars|sono|modi|vomica|capto|vilis|acerbitas|tamen
cena|decerno|2021-07-09 15:41:03|2019-12-31 00:14:39|sed|tergiversatio|alo|summa|2024-05-13 01:44:16|voro|casso|tempore|adopto|ex|tripudio|textilis|sodalitas|utpote|voluptatem|voluptatem|terebro|natus|adfectus|veritatis|quam|audax|administratio|demitto|aggero|complectus|clementia|vitium|carus|derelinquo|comminor|ceno|sui|eveniet|crur|concedo|degenero|ante|acer|vox|attonbitus|suadeo|acquiro|demonstro|corrupti|talio|annus|fugit|teres|adficio|trado
cupiditate|degusto|2022-09-27 11:38:17|2023-05-16 12:42:28|attonbitus|creptio|defaeco|tamquam|2023-01-21 15:13:14|vado|ducimus|amiculum|dens|repellendus|desipio|tabernus|caelestis|caveo|desipio|bos|defluo|ocer|cauda|sollicito|acsi|amo|utor|sumo|angulus|pauci|aegrus|cultellus|convoco|timor|comitatus|asper|tametsi|creo|aestivus|supplanto|antepono|sopor|quibusdam|sulum|appono|avaritia|eaque|aggero|caput|earum|delectus|tam|odio|defero|ulciscor
tenuis|cenaculum|2017-12-31 17:15:09|2022-04-20 17:42:32|cura|vorago|varius|sopor|2019-11-24 13:59:23|amoveo|averto|volva|audentia|cinis|trans|tendo|ipsam|sumptus|acerbitas|provident|agnitio|ventus|aestivus|cupiditas|desidero|virtus|varius|trepide|comes|degero|corrumpo|alter|taceo|amitto|xiphias|talus|pauper|cicuta|summopere|cernuus|defessus|tribuo|sodalitas|comprehendo|cuius|caput|utroque|culpo|cum|suppellex|comparo|repudiandae|denego|corroboro|caelum
earum|auditor|2018-06-10 15:11:01|2021-05-29 21:34:25|hic|vitiosus|altus|accusator|2022-05-25 19:00:55|utpote|aegrus|cibus|ascit|aliqua|theca|adamo|spiculum|sono|attero|certus|ullam|sodalitas|aperio|blandior|voluptatibus|fugit|acies|vigor|autem|adipisci|caste|arbitro|somniculosus|utique|vinco|nostrum|inventore|ciminatio|sto|minima|denuo|tergo|pax|talis|vix|absorbeo|suscipit|cresco|ultra|dedecor|aspernatur|bardus|suppellex|tutis|optio
sunt|surculus|2017-08-29 01:32:42|2024-02-17 15:37:26|carus|xiphias|venio|civis|2025-10-21 05:40:09|arceo|atque|aspernatur|speciosus|viriliter|ulterius|vir|theca|currus|aptus|ventus|benigne|officia|ciminatio|coadunatio|thesis|speciosus|succedo|thorax|subseco|clam|sublime|desparatus|desidero|absens|alii|usus|aliquam|templum|adiuvo|cura|valens|arx|absorbeo|antea|teneo|tardus|acies|degenero|sursum|thesis|caelestis|speculum|adimpleo|clementia|vomito
sumo|comprehendo|2023-11-10 11:09:38|2022-12-15 03:08:32|varietas|nemo|sopor|cubicularis|2018-05-20 13:27:15|pauper|timor|valde|tabella|deorsum|thesaurus|molestias|tenax|xiphias|doloremque|nisi|auxilium|ipsum|vicissitudo|vespillo|audeo|anser|aro|cultellus|autem|aufero|adipiscor|sto|suffoco|veritas|blanditiis|demens|cubicularis|annus|veritas|tremo|cuius|cavus|testimonium|conservo|delicate|catena|viriliter|communis|aestus|vir|varius|causa|aggredior|articulus|turpis
sponte|cilicium|2026-05-16 01:58:33|2017-02-05 10:21:05|celo|quam|asper|sulum|2021-06-23 12:34:19|ager|centum|velut|inflammatio|tenax|abduco|vito|tamen|tollo|ullam|culpa|comitatus|thymum|cultellus|asporto|censura|suffragium|corrigo|angulus|titulus|aggero|vitiosus|pauci|alias|coaegresco|cubo|summopere|cibus|beatae|necessitatibus|solutio|ipsa|tunc|tabula|vel|tamen|astrum|accusantium|aeger|aggredior|contego|approbo|ratione|tibi|dolore|caritas
aduro|confugo|2019-04-10 19:16:09|2016-11-20 01:15:35|ver|virga|complectus|incidunt|2022-03-28 06:08:44|bonus|uter|agnitio|vel|soluta|pel|cinis|viduo|defluo|aranea|stillicidium|cuppedia|tubineus|thesaurus|delectus|arto|surculus|concedo|officia|statim|abeo|deleniti|est|ceno|confugo|arma|amplitudo|cometes|chirographum|comedo|una|carpo|crur|apparatus|vulpes|fugiat|alveus|adstringo|alioqui|comis|tolero|colo|thermae|patior|calculus|defetiscor
convoco|cunae|2022-10-30 20:07:29|2021-02-06 14:00:29|denego|coniuratio|conspergo|ultra|2026-07-29 15:50:25|aperio|delinquo|sui|arx|vehemens|cognomen|vitium|amor|absconditus|aveho|ustilo|demo|auxilium|calco|bibo|trucido|amitto|tumultus|crux|taceo|cupiditas|cum|taedium|titulus|cubicularis|derelinquo|decumbo|atqui|ambitus|vae|statua|sapiente|cupiditate|nulla|patrocinor|vae|sollers|dolore|blandior|contabesco|tenus|confido|aggredior|uxor|truculenter|tabesco
via|vergo|2024-04-15 07:08:42|2018-11-05 00:05:59|thorax|impedit|decens|tantillus|2023-09-23 22:36:19|tonsor|ab|laboriosam|bene|caste|quis|appositus|carmen|defero|maxime|odit|aeneus|canto|tubineus|avaritia|volutabrum|ter|possimus|traho|articulus|desidero|verto|antiquus|cui|corrumpo|conspergo|sponte|veritas|creptio|testimonium|in|theatrum|creta|subnecto|abbas|acquiro|vesica|animadverto|comparo|quia|volup|conitor|iure|vigor|coniecto|tabernus
solvo|ter|2017-01-24 02:30:34|2025-09-11 14:14:11|vir|tamquam|qui|facere|2019-01-02 23:48:27|quo|adulescens|vicissitudo|blanditiis|corpus|spes|tamen|attonbitus|deserunt|quibusdam|bestia|centum|argumentum|carcer|ceno|utroque|spoliatio|ars|ancilla|tutis|copiose|bestia|cuppedia|bellicus|vespillo|termes|vomica|vinum|defero|amor|aeternus|autem|inflammatio|conculco|stultus|reiciendis|pauper|bardus|super|dicta|velit|derelinquo|quis|atrocitas|a|illo
vallum|thema|2021-02-28 09:38:17|2019-12-14 06:25:54|tamdiu|terreo|tabesco|victus|2017-07-21 05:19:58|solvo|armarium|calculus|voluptates|chirographum|aperio|cunctatio|collum|creo|adsum|crebro|defessus|maxime|talio|depereo|benevolentia|adversus|temporibus|statua|patior|fuga|adeo|appello|subvenio|aliqua|versus|cunabula|acerbitas|delinquo|calco|carpo|caterva|vestrum|sollicito|tumultus|adaugeo|universe|summa|anser|vado|veniam|ambulo|solutio|centum|deorsum|admoveo
verto|aufero|2018-03-14 11:51:47|2025-02-11 21:05:08|video|cupressus|antea|aestus|2020-07-05 16:10:41|calculus|commodi|cinis|contigo|impedit|teneo|tendo|incidunt|crepusculum|fuga|vicissitudo|carpo|vereor|illo|cometes|pecco|constans|aranea|vomito|vespillo|tui|aspicio|tumultus|copiose|cubicularis|corona|amplexus|vilicus|thalassinus|cribro|articulus|animus|antiquus|vitae|ad|depono|perferendis|ter|censura|velum|dolorem|caelum|agnitio|vix|vox|ciminatio
cervus|alo|2024-11-10 22:37:16|2024-12-19 07:16:26|avarus|angulus|conatus|cado|2020-09-24 13:45:37|arx|beatus|tempora|tergiversatio|ocer|tactus|apto|adipiscor|facilis|suasoria|tactus|atque|arbustum|astrum|provident|aureus|verto|careo|fugit|versus|odit|decumbo|barba|canto|supplanto|sonitus|thema|curis|apostolus|dignissimos|tactus|vinco|deprecator|annus|bene|comedo|terga|sollicito|tabula|admoneo|cruentus|aiunt|attollo|terminatio|acidus|ciminatio
suscipio|reiciendis|2017-12-17 14:50:57|2019-05-05 20:13:26|crepusculum|cunae|desidero|aperte|2018-11-07 01:34:33|commodi|cavus|ea|alienus|accusator|tunc|vulgivagus|cupiditate|confugo|absens|degenero|abutor|tergo|veritas|caterva|tamisium|vallum|curatio|textus|vulgaris|velociter|tantillus|cibus|amicitia|delinquo|bellicus|considero|accusator|cupiditate|currus|deleo|utpote|facilis|comitatus|spargo|tabernus|arguo|desolo|usus|deprimo|deludo|peior|blanditiis|tactus|subnecto|animus
denuo|canto|2021-09-28 04:52:34|2017-07-30 01:39:07|ustilo|trans|tremo|curso|2022-10-17 04:33:55|venia|apostolus|accedo|clibanus|conspergo|timor|umerus|virga|vinitor|ulterius|vinco|cursim|aestus|absque|adinventitias|totam|patior|tam|acer|denuncio|cubitum|abundans|beatae|adficio|abbas|cunabula|aliquam|eaque|color|ars|illo|labore|textus|strenuus|possimus|defessus|callide|vitium|amoveo|atqui|deputo|adipisci|theca|thema|talis|vinculum
creator|vix|2022-09-02 04:22:59|2023-04-20 02:07:25|vis|vomito|sustineo|desipio|2023-02-14 01:54:08|sollicito|sopor|creator|cimentarius|odio|delego|cunctatio|adficio|tui|demo|eaque|urbanus|thesaurus|centum|titulus|cognomen|admiratio|terminatio|blandior|auditor|reiciendis|amitto|bellicus|trado|decens|spero|vesica|aut|tunc|quae|articulus|iure|condico|adopto|theologus|utrimque|delectus|a|soleo|video|sit|taceo|nemo|curia|viduo|terreo
bonus|alii|2018-10-08 17:29:19|2026-08-22 20:20:07|comptus|dolores|vespillo|adipisci|2023-12-14 19:41:58|asper|ultio|tremo|esse|demoror|subvenio|ut|aspernatur|vivo|civis|voro|cilicium|amissio|nemo|contabesco|solio|cubitum|veritatis|validus|caterva|suffragium|conduco|pecus|curvo|cavus|candidus|ventito|vos|atrox|conforto|cibus|carcer|video|vapulus|turba|est|dolorem|universe|saepe|crastinus|cruciamentum|alius|officiis|calcar|caecus|tenuis
curis|defessus|2026-06-29 09:06:31|2024-12-11 23:57:56|apud|accusator|valeo|tertius|2019-03-08 16:47:43|modi|vulnus|clibanus|depereo|repudiandae|optio|reprehenderit|aperte|volubilis|accusantium|cupressus|omnis|sequi|comprehendo|decet|pecto|consequatur|creta|deinde|acervus|causa|accusantium|magnam|adsidue|cultellus|cumque|voluptate|via|constans|vestrum|esse|bestia|apparatus|adinventitias|repudiandae|damnatio|corrigo|vigilo|vulgus|viriliter|adversus|stipes|vicissitudo|vacuus|praesentium|vesica
traho|adeo|2020-07-21 08:20:46|2019-03-11 18:12:52|sumptus|advoco|tremo|color|2018-01-12 06:02:55|nemo|damnatio|totus|cernuus|odit|adstringo|ab|virtus|adinventitias|administratio|stultus|patria|ascit|tubineus|autem|tergo|cavus|currus|altus|aro|tertius|inflammatio|unus|sufficio|claro|tum|bellum|cotidie|tripudio|creo|veniam|peior|conitor|aliquid|cuius|tergum|ut|causa|caecus|umerus|acidus|caterva|celer|socius|tener|calamitas
ulterius|approbo|2025-12-13 19:06:46|2022-09-28 03:33:00|ventito|degero|volup|altus|2023-01-11 02:47:39|sonitus|umbra|virga|titulus|ante|deleniti|vallum|tum|ad|caterva|candidus|apto|nam|vado|astrum|assentator|angustus|victus|tergo|damno|considero|thermae|synagoga|solvo|teneo|saepe|uter|absorbeo|strues|vero|aiunt|coerceo|commodi|speculum|uter|calamitas|vitium|amita|delicate|cura|decumbo|defendo|suffoco|ad|corrumpo|volubilis
tres|consuasor|2025-06-19 18:25:31|2025-11-17 09:48:06|decens|creptio|vociferor|auctor|2022-07-09 08:42:06|conqueror|titulus|patruus|barba|approbo|stella|textilis|theatrum|assumenda|ullam|temporibus|vespillo|textus|dapifer|laboriosam|sordeo|acceptus|adamo|cohaero|suscipio|compono|voluntarius|casus|casus|iusto|abstergo|decens|ambulo|usitas|contra|communis|bardus|umbra|quam|accommodo|demergo|voluptas|umbra|synagoga|cum|sunt|coadunatio|videlicet|delego|virgo|cetera
neque|nemo|2024-01-15 11:39:41|2020-12-30 17:24:49|corpus|tabella|officiis|crudelis|2017-05-15 07:52:49|contego|venio|cum|ipsam|temptatio|uxor|undique|timidus|amplus|patruus|virtus|arbustum|libero|considero|voluptatum|porro|aliquam|utrimque|acerbitas|adstringo|vero|thorax|amplexus|tempore|spiculum|terra|nostrum|volaticus|acquiro|tam|conspergo|tum|solutio|sumptus|conqueror|amoveo|ago|valde|convoco|tendo|commodo|territo|crudelis|tyrannus|tristis|tego
terga|crepusculum|2025-07-22 12:49:48|2026-03-25 02:54:57|calcar|subnecto|consuasor|talus|2018-12-31 07:57:19|unus|talio|vester|solvo|venia|delibero|contabesco|virgo|solitudo|agnitio|colligo|ager|autus|varietas|cultellus|sursum|aperio|colo|necessitatibus|arto|vado|tersus|ars|repellat|ulterius|curto|stabilis|armarium|condico|id|acervus|suadeo|et|tricesimus|vinum|derideo|voluptatem|dicta|dolorem|sub|bibo|studio|vere|quibusdam|consuasor|crepusculum
quisquam|volubilis|2025-08-09 14:02:34|2019-03-02 08:29:22|confugo|admoneo|vetus|cursus|2020-07-03 11:24:24|uredo|cohaero|esse|congregatio|soleo|cubicularis|tam|blanditiis|in|sumptus|molestias|cetera|tersus|bellum|est|decimus|templum|abstergo|decet|carbo|xiphias|vel|calco|creptio|delicate|vallum|occaecati|abeo|repudiandae|commodo|trado|cunae|solutio|fugit|nobis|cerno|pecco|porro|una|ullam|calamitas|ubi|anser|cado|totidem|universe
praesentium|valens|2021-07-04 07:41:29|2023-10-26 12:04:43|torqueo|accommodo|pariatur|subnecto|2019-05-17 00:32:32|arbitro|abscido|crinis|cupiditas|balbus|animus|deserunt|una|cupressus|substantia|demens|aspernatur|vito|attonbitus|paulatim|xiphias|xiphias|delinquo|accusamus|spiritus|usque|cura|similique|bis|conqueror|conturbo|audio|bellum|vespillo|acsi|adduco|certe|arceo|culpo|amita|sopor|natus|cogito|pecus|talus|deleo|ipsum|spiritus|denego|cras|depromo
vere|vallum|2017-07-29 05:53:35|2022-06-15 23:17:38|canto|victoria|ago|cupiditate|2018-06-11 20:42:54|acerbitas|defessus|vulgivagus|arca|audeo|cernuus|arto|thalassinus|cubicularis|accedo|vero|subvenio|curo|amicitia|aegrotatio|adsidue|curso|coerceo|aperte|carbo|titulus|assumenda|coniuratio|coadunatio|cariosus|cohors|taedium|vulticulus|tergum|vulgivagus|accusamus|vado|pariatur|vulticulus|patria|sono|torrens|tumultus|urbs|civis|decretum|ante|illo|crur|sortitus|calculus
cito|cicuta|2023-11-30 04:23:21|2022-06-14 15:52:47|concido|cras|ipsam|quas|2026-08-30 22:21:13|animi|possimus|non|vicinus|utor|contra|vivo|tenetur|valeo|hic|degusto|error|quas|stillicidium|valeo|tredecim|decipio|tremo|quo|fugit|blandior|solvo|barba|statua|arcesso|ultio|optio|ipsa|sumptus|aliquid|deserunt|dolores|demo|porro|certe|aetas|aperio|virgo|suppono|via|currus|concido|clementia|defessus|demens|volo
vigor|auditor|2026-04-28 10:32:25|2020-09-11 11:19:56|accusamus|articulus|sit|averto|2024-08-22 05:32:43|studio|eius|enim|spiculum|termes|sint|tabula|certe|alius|caelestis|cena|totidem|ustulo|asperiores|texo|perspiciatis|conor|spargo|acceptus|caecus|exercitationem|comptus|harum|addo|aedificium|appositus|sursum|casus|culpo|triumphus|suspendo|damnatio|cubitum|tergiversatio|suasoria|sulum|necessitatibus|audentia|amplitudo|titulus|qui|tersus|tardus|laborum|nostrum|apparatus
amplitudo|voluptatum|2026-08-04 21:14:45|2018-04-07 10:41:32|conscendo|suffragium|ago|odio|2023-03-06 13:00:07|cohaero|aureus|tabella|dolore|venio|decens|adiuvo|tenetur|cauda|apostolus|eligendi|decens|tam|dicta|comes|auctus|et|aptus|decet|sono|vehemens|denuo|tui|victoria|vita|dapifer|vomer|velociter|totus|aduro|spiculum|tamquam|accusator|quia|conitor|tergeo|iusto|voluptatibus|umbra|audax|confugo|alter|vomica|cubitum|delibero|clamo
studio|adicio|2025-05-12 06:33:27|2017-08-11 00:37:18|sufficio|dedecor|adaugeo|abeo|2019-01-17 20:43:28|umerus|volup|amet|quos|acerbitas|aiunt|aveho|curtus|custodia|tabernus|quis|taedium|constans|fugiat|arbustum|calco|credo|absens|suppono|thermae|contigo|nostrum|provident|voluptas|adhuc|deprimo|communis|aequus|angulus|expedita|vulgivagus|charisma|sumptus|explicabo|valde|sol|quaerat|comminor|demulceo|administratio|callide|video|synagoga|subseco|compono|audeo
amoveo|ventito|2018-04-04 22:14:09|2021-09-06 16:18:36|tandem|conturbo|stultus|certus|2018-02-03 06:33:50|curatio|creo|anser|vix|altus|eveniet|approbo|angelus|utilis|accusamus|consequuntur|studio|tredecim|deinde|confido|vindico|id|arcesso|cohaero|ago|apud|depopulo|quos|inflammatio|theatrum|attero|speculum|compono|numquam|supellex|celer|suasoria|coma|quaerat|aliquam|acies|cur|curia|viscus|caelum|adsum|spiritus|tero|suscipio|dignissimos|amaritudo
auxilium|ulterius|2021-12-22 01:36:52|2023-05-20 22:48:30|admitto|versus|curvo|corporis|2020-01-18 22:45:56|armarium|bene|amplexus|civitas|odit|anser|ea|claudeo|thalassinus|tepesco|excepturi|testimonium|thema|volutabrum|advoco|coaegresco|credo|curriculum|vociferor|textor|adeo|statim|usque|tego|basium|conicio|vicinus|vulticulus|depraedor|molestiae|alo|celo|currus|talis|subnecto|virgo|desino|tristis|aequitas|cogo|coerceo|tonsor|convoco|ultio|suscipio|commodi
aro|viridis|2021-08-05 15:02:07|2022-01-05 03:06:20|vitium|suppono|tersus|officiis|2024-08-28 13:06:12|verumtamen|ancilla|vinculum|tutis|depulso|tardus|trucido|decerno|aperiam|solum|aestas|fugiat|minus|minus|iure|atavus|theca|atavus|solvo|bis|alioqui|abduco|deduco|accendo|curo|adsidue|solum|attero|desidero|vulgo|occaecati|vigor|cogo|aestus|texo|admoneo|adeo|urbs|utor|angulus|caput|tripudio|stips|soleo|apto|quibusdam
vetus|a|2026-08-29 20:39:36|2016-11-10 18:16:36|adaugeo|tunc|eos|collum|2020-06-24 13:23:43|allatus|aegrotatio|sophismata|aqua|venio|tribuo|comis|arx|cilicium|dolorem|deorsum|curtus|communis|sub|cupiditas|delectus|suffragium|aegre|strenuus|quasi|tener|vapulus|solitudo|consuasor|dedico|cuppedia|acidus|officiis|adulescens|atavus|dedecor|thesaurus|subnecto|amplus|adsum|subito|adulatio|delectatio|viduo|conscendo|admoveo|ater|suggero|volo|vilicus|calco
appello|claudeo|2023-04-20 00:02:01|2026-05-11 00:32:14|auctus|contigo|uberrime|dolor|2018-01-15 21:20:24|assumenda|venia|amplus|vomer|tametsi|alias|placeat|impedit|combibo|antiquus|amita|absens|atrocitas|totidem|universe|defessus|arca|teres|crudelis|statua|occaecati|pecco|terminatio|pel|statua|ter|caste|arbitro|paens|causa|brevis|aiunt|quo|contra|velum|voluptate|varius|sumo|aperio|veniam|vulgus|torqueo|administratio|constans|doloribus|depulso
crur|deinde|2026-08-19 20:49:01|2024-07-19 01:34:06|patior|suus|soluta|civitas|2020-07-17 07:28:58|crastinus|decumbo|volubilis|comedo|totidem|vespillo|vilitas|stillicidium|curatio|arbor|sumptus|in|et|stella|quas|minima|cras|vito|confero|acsi|subseco|pecto|eveniet|ater|commodo|vesco|ultra|amiculum|asporto|tamen|toties|appositus|dapifer|sponte|uberrime|eligendi|cursus|sapiente|appono|volaticus|adamo|catena|clamo|vorago|tenus|cena
sit|cogito|2018-09-25 05:29:24|2024-03-28 03:43:30|tabula|apparatus|creta|deripio|2018-12-13 12:38:20|vacuus|curiositas|crepusculum|currus|canonicus|solum|vomica|vere|quae|torqueo|cotidie|suppono|esse|odit|cogo|vorax|tepidus|cura|subnecto|vomica|ducimus|tonsor|aestus|carcer|suppellex|sollers|auctus|tam|velit|carbo|incidunt|adhuc|celo|campana|comprehendo|dolore|ustilo|damnatio|curiositas|quidem|cibus|adflicto|conscendo|debeo|illum|crepusculum
dapifer|timor|2020-04-04 20:09:04|2024-05-10 05:51:25|animus|comis|cavus|deficio|2019-09-18 19:16:55|velut|socius|tergiversatio|demoror|suus|viridis|via|terminatio|volaticus|admiratio|ratione|maxime|valeo|vesica|esse|sophismata|attollo|copia|decor|absque|delectus|audeo|sunt|videlicet|adsuesco|cui|amiculum|unde|cervus|clibanus|uxor|beatae|ara|verto|thema|consuasor|campana|comis|utor|damnatio|tero|est|compello|avarus|adeo|aut
cognomen|tenuis|2016-12-01 10:26:27|2025-08-02 23:53:24|comes|pecco|ademptio|acer|2020-04-30 03:05:17|calculus|verbera|circumvenio|tenus|atavus|celer|perspiciatis|depopulo|usque|utilis|ventosus|tardus|sordeo|nam|volo|triumphus|molestiae|vivo|sopor|cultellus|aiunt|aer|caelum|studio|vere|supellex|aptus|quibusdam|blandior|barba|accedo|demonstro|voluptatem|adversus|creta|conventus|quod|taedium|saepe|eaque|aetas|spectaculum|praesentium|averto|pauci|dolorum
sulum|corona|2017-01-11 11:23:46|2021-06-10 09:40:26|quisquam|nesciunt|correptius|uterque|2020-11-07 00:44:01|deficio|tunc|thesaurus|thermae|capio|tricesimus|ter|cursim|neque|accusator|ter|demergo|quos|caterva|natus|ut|statua|compono|vilitas|bene|veritatis|videlicet|sponte|debeo|nulla|architecto|ait|taedium|amoveo|benigne|conitor|comitatus|tabernus|deleo|administratio|ante|accendo|cuppedia|cupio|bonus|aranea|crastinus|tero|ocer|stella|amoveo
verecundia|desino|2026-03-21 18:01:40|2024-06-29 18:25:37|uter|una|aeger|suasoria|2024-11-22 18:03:09|currus|aptus|decens|cupio|vapulus|amoveo|cohaero|tam|consequuntur|doloremque|copiose|cresco|non|confido|compono|despecto|crinis|curatio|voluptates|audacia|claustrum|aro|vereor|tabesco|advoco|suscipio|sonitus|dignissimos|cavus|adsidue|custodia|vetus|officiis|vomito|uredo|totidem|adeptio|vilis|velut|tepesco|calamitas|vilitas|deserunt|succurro|defendo|coniuratio
pectus|talis|2019-07-29 19:24:30|2025-03-13 03:00:55|complectus|corpus|conduco|adipisci|2019-11-03 18:04:47|hic|assumenda|usque|thymum|conturbo|asperiores|tergum|adamo|apud|dedico|appono|repudiandae|nam|illo|coma|arbor|ait|stillicidium|viscus|pectus|quam|callide|arbustum|molestiae|advoco|ceno|cauda|xiphias|cubicularis|defetiscor|aestas|confugo|amplus|cultura|velut|suasoria|porro|perspiciatis|delego|despecto|dicta|debeo|ars|considero|substantia|tamquam
celo|illo|2018-10-03 00:34:35|2025-02-25 14:09:02|quasi|desino|complectus|aveho|2022-05-30 18:11:02|theologus|sponte|varius|sequi|umquam|sed|quod|nobis|adamo|adstringo|canonicus|succurro|vere|tremo|commodo|uberrime|calamitas|centum|depono|abduco|vulpes|apud|calcar|cetera|ulterius|deripio|impedit|dolore|subito|aperte|modi|tamdiu|uterque|altus|comminor|viscus|itaque|ter|suscipit|caput|degero|suggero|aequitas|eligendi|saepe|urbanus
certe|templum|2022-09-27 16:44:17|2019-12-15 05:41:39|cupiditate|ver|vereor|agnitio|2020-04-15 05:40:31|trucido|cogo|clam|administratio|doloremque|vorago|comprehendo|sequi|spes|angelus|callide|auxilium|combibo|clam|acervus|vulgus|totidem|vitiosus|toties|basium|theca|subvenio|adimpleo|iure|ulterius|admoneo|cribro|unus|abbas|earum|venia|communis|arcesso|arto|civis|vehemens|viriliter|allatus|adimpleo|strenuus|patrocinor|stillicidium|aspernatur|venio|culpo|vaco
terra|crux|2023-12-04 15:26:58|2021-11-25 01:07:14|theatrum|stultus|sublime|bonus|2023-06-15 18:56:36|deripio|quas|cubicularis|certe|tredecim|decerno|advenio|aeternus|vulnero|quisquam|strenuus|ratione|vacuus|tot|bene|adimpleo|tonsor|eius|cognatus|sufficio|arcesso|amicitia|vero|adhaero|viriliter|tubineus|una|explicabo|sophismata|demitto|corrumpo|clementia|ubi|trans|vicissitudo|adduco|animi|attero|surculus|vilis|blandior|adeptio|adimpleo|vehemens|utique|sunt
cetera|cibus|2021-04-14 09:12:48|2026-01-11 22:41:00|bestia|curto|verumtamen|thema|2019-06-10 15:44:25|comprehendo|adimpleo|usitas|tubineus|territo|crastinus|surculus|creber|campana|cohibeo|averto|spero|cerno|terror|eum|cubitum|tergo|vesco|at|tumultus|paulatim|et|charisma|astrum|subseco|cultura|comburo|demo|turbo|creator|molestiae|sum|tempore|defetiscor|viriliter|arma|admiratio|ad|aranea|alter|solus|aqua|studio|debitis|subiungo|recusandae
minima|caries|2022-02-21 17:41:58|2023-05-12 16:18:02|blanditiis|tyrannus|cultellus|pauper|2023-11-10 02:35:03|enim|conicio|conicio|vulgaris|atrocitas|civitas|utor|cernuus|nam|tergo|tracto|theologus|viriliter|voluptatum|eius|delectus|ambulo|sed|decet|veritas|tergo|virtus|dedecor|tres|ciminatio|vitae|culpa|laborum|allatus|vomica|talio|adaugeo|vespillo|bibo|acquiro|sol|pectus|thermae|aegrotatio|dedecor|condico|vindico|desolo|accusantium|colligo|cohibeo
arcesso|acceptus|2024-02-21 21:22:56|2026-05-06 15:11:09|capitulus|delicate|talis|collum|2019-11-19 20:13:39|id|trucido|demitto|aedificium|admitto|utrimque|aggero|causa|nihil|demulceo|annus|comis|peccatus|valeo|titulus|demergo|uberrime|ante|communis|tui|aureus|clementia|adimpleo|votum|cogo|supellex|vigor|attero|facere|umquam|tener|tabesco|vilitas|cariosus|ulterius|arceo|utique|demum|temeritas|aqua|caelum|uxor|tempus|depopulo|barba|curto
ut|certus|2017-02-01 05:39:05|2026-04-02 23:22:54|quidem|cavus|custodia|unus|2022-08-22 23:53:11|urbs|civis|voluptates|arcus|clarus|tondeo|vulariter|cuius|vorago|repellendus|suasoria|suscipit|tondeo|desolo|ancilla|usque|spiritus|amplexus|turba|vox|torqueo|tracto|eum|casus|ducimus|impedit|vestigium|antiquus|tardus|stultus|deprimo|caterva|denuncio|sub|itaque|natus|adduco|theatrum|ulciscor|spero|ex|amissio|deleo|cuius|tametsi|beneficium
sol|adsuesco|2020-07-08 02:58:35|2018-06-16 20:32:49|allatus|administratio|calamitas|aliquam|2019-03-03 21:56:06|comitatus|allatus|sodalitas|suppono|defetiscor|adeptio|sufficio|defetiscor|perspiciatis|depraedor|attero|socius|vicinus|verus|ventosus|amaritudo|ultra|xiphias|assumenda|cubo|vos|aegrotatio|contra|temeritas|corpus|aedificium|uter|statim|vociferor|coniecto|nulla|ago|stipes|placeat|modi|crebro|ars|adipisci|carmen|vestrum|compono|creber|depereo|creber|conspergo|agnosco
angustus|adfectus|2018-04-25 18:27:20|2023-03-26 06:22:17|cilicium|magnam|verbera|vulticulus|2021-03-27 07:56:29|adipiscor|aeger|provident|quo|ullus|barba|conscendo|soluta|tunc|vulgus|casus|ulciscor|corrigo|alius|acervus|patrocinor|astrum|curvo|vestrum|torqueo|tristis|creator|verto|summa|umquam|sufficio|adsum|tredecim|veniam|utilis|bellum|despecto|vado|candidus|annus|est|celer|infit|delectatio|sublime|turpis|dolore|succurro|theologus|coaegresco|aureus
agnitio|strues|2026-05-15 11:39:48|2017-09-14 15:50:49|sophismata|caritas|autus|considero|2023-10-05 22:34:17|vero|blanditiis|vis|solium|demum|saepe|arma|crustulum|comprehendo|absens|cribro|vulnus|vinculum|statua|vinum|solvo|careo|tametsi|canonicus|venio|degenero|velum|cariosus|veritatis|strues|benigne|vilis|degenero|deserunt|cado|repudiandae|adipisci|nisi|tener|verbum|adflicto|cicuta|contabesco|vorago|tantum|certe|cauda|dicta|tracto|arbitro|cui
surculus|utroque|2017-04-02 08:13:21|2019-11-08 22:15:23|crapula|tantum|volo|corona|2023-03-25 10:39:20|vespillo|solvo|claro|adulescens|vigilo|cruentus|tripudio|cunctatio|callide|deorsum|verbum|amplexus|harum|calamitas|spoliatio|succurro|aperte|repellendus|abundans|velum|arca|conitor|voveo|celo|vulgaris|communis|excepturi|tollo|aestus|surgo|numquam|arcus|decens|virtus|callide|aut|vorago|verumtamen|blandior|utrum|patrocinor|cursim|tremo|tumultus|deinde|umquam
claudeo|crudelis|2018-03-31 12:29:24|2024-06-22 05:17:37|vita|credo|sperno|victus|2018-01-01 03:05:35|crastinus|cur|adeo|alias|spiculum|sumptus|quia|tardus|abstergo|commodo|acies|ultra|pel|custodia|deserunt|video|vado|carcer|vulnero|cerno|acer|pectus|apostolus|vindico|accendo|calco|dicta|decet|stillicidium|stips|conventus|accendo|tribuo|agnitio|absum|defetiscor|vester|uxor|vitiosus|eveniet|adimpleo|temeritas|communis|vespillo|tricesimus|deprecator
ustulo|sollers|2020-11-27 19:33:30|2019-10-01 22:50:31|usque|colo|via|delicate|2024-07-01 17:14:26|numquam|tandem|qui|pecto|adeptio|ventus|depulso|cedo|spectaculum|ultra|amita|dapifer|ambitus|vinco|quos|sopor|voluptate|crux|argumentum|provident|delicate|custodia|eaque|ait|culpo|distinctio|antiquus|ocer|surculus|cultura|bonus|artificiose|fugit|vorago|cibus|demo|talis|claustrum|consectetur|arcesso|acervus|summisse|tendo|accommodo|videlicet|cur
sto|assentator|2020-08-05 19:10:46|2019-07-03 20:27:19|cernuus|cohibeo|error|debeo|2021-11-21 15:24:44|defaeco|carpo|desidero|depraedor|adduco|absque|accusator|conturbo|amet|convoco|adfectus|quos|tutis|comes|creptio|alveus|capio|alienus|demo|annus|ea|chirographum|volutabrum|tabesco|brevis|desparatus|in|deporto|callide|pel|uredo|civitas|vere|solium|quasi|aestas|sublime|utique|nostrum|clibanus|peccatus|eveniet|timidus|aliquam|alo|condico
coerceo|advoco|2026-01-11 07:04:32|2023-07-10 01:33:32|abstergo|beneficium|altus|balbus|2023-09-19 09:47:14|terga|sordeo|surculus|urbanus|explicabo|cuppedia|nesciunt|aegrus|ceno|solitudo|terebro|currus|crux|aut|optio|tego|consectetur|ceno|utroque|corroboro|vehemens|vulnero|tepesco|error|tamquam|solus|deorsum|cotidie|utrimque|vos|tremo|fuga|decor|arto|quas|inventore|at|quidem|vobis|asper|videlicet|conatus|assumenda|subseco|stella|spargo
speciosus|sub|2021-11-24 01:39:24|2021-08-02 11:23:36|peior|votum|videlicet|thesaurus|2023-06-29 05:46:53|claudeo|annus|aspernatur|bos|certe|quidem|verecundia|solus|angulus|valeo|arca|volup|stipes|ait|dolor|cunabula|creptio|uberrime|carus|quo|demulceo|nesciunt|ancilla|viduo|conor|terebro|amicitia|thermae|cultura|alo|aggredior|turpis|defendo|coerceo|crur|carpo|coaegresco|deporto|cinis|spiculum|stultus|laboriosam|apud|copiose|cultellus|veritatis
canonicus|accusantium|2018-01-29 11:08:22|2022-09-04 10:48:26|amita|casso|candidus|tonsor|2018-08-18 20:38:41|ter|ancilla|advoco|sperno|occaecati|depulso|capillus|urbanus|creta|voro|aperiam|adsum|subvenio|arbitro|aequitas|cumque|stillicidium|aliqua|arcus|sum|adulatio|deprecator|conscendo|abbas|benigne|torrens|utrum|degenero|saepe|abutor|decretum|attonbitus|succedo|creber|terreo|allatus|speculum|cogo|stultus|sollers|studio|terra|utroque|umquam|adfectus|quo
amoveo|delinquo|2023-11-30 15:36:55|2021-03-18 02:35:16|vulgo|amicitia|ventus|vorax|2022-11-02 21:24:34|amissio|crustulum|truculenter|utpote|adulescens|corona|modi|vigilo|sui|vitiosus|textus|delego|adfero|venio|veritas|careo|summisse|tener|benigne|paulatim|civis|ait|abduco|debitis|barba|surgo|sint|pel|tui|suasoria|volo|vos|tamquam|virgo|bellum|suscipit|blanditiis|tunc|adeptio|assentator|coniecto|deficio|suspendo|repellat|accusantium|cura
adstringo|cimentarius|2024-04-20 19:21:04|2024-11-22 02:04:50|absens|usque|facere|laboriosam|2017-06-04 00:29:02|credo|derelinquo|videlicet|atrox|at|una|corrigo|suppono|volup|arcesso|desolo|vesica|crur|asperiores|bonus|amplus|accusator|tergeo|cumque|ventito|audio|cuppedia|ventito|angulus|canto|collum|maiores|defungo|vindico|adeptio|artificiose|denique|est|laboriosam|tempora|aetas|sophismata|demoror|suffoco|consequatur|expedita|subseco|demulceo|tutis|cernuus|tempus
ultra|patior|2017-06-02 18:38:14|2017-11-11 04:45:56|conventus|defleo|tabella|depono|2020-06-03 19:49:57|vere|summopere|odit|iure|conqueror|derelinquo|circumvenio|derelinquo|voluptas|in|ademptio|tollo|desipio|labore|coerceo|creo|tolero|caelestis|consequuntur|spectaculum|concedo|vado|centum|vis|traho|aveho|appositus|accedo|voluptatibus|curriculum|cultura|brevis|termes|appositus|corona|tripudio|venustas|sub|vetus|necessitatibus|neque|adeo|textus|depereo|sunt|facilis
commodo|asperiores|2023-12-20 16:42:45|2018-02-26 18:37:58|ater|caries|torrens|curo|2024-02-18 20:12:09|adiuvo|thorax|aspernatur|supra|solvo|nobis|totus|apto|optio|certe|tui|thalassinus|aufero|cum|caritas|vulnero|calamitas|atqui|blanditiis|illo|ultra|ambulo|aduro|demonstro|credo|dolores|capillus|velit|video|cumque|advenio|pax|molestiae|tenax|eos|abeo|stella|debeo|quasi|quis|iste|vigor|debeo|caveo|tam|surgo
vulpes|combibo|2024-10-12 20:06:22|2025-09-23 20:07:22|comprehendo|audacia|vel|concido|2026-08-06 10:11:10|culpa|vitae|vacuus|aspernatur|amissio|conduco|ipsum|vapulus|cohibeo|sponte|viriliter|curo|adulatio|decerno|confugo|carmen|universe|congregatio|dolorum|paulatim|acervus|cubicularis|theatrum|socius|taceo|deduco|stillicidium|minus|virga|solutio|audio|tui|terror|curiositas|administratio|bos|articulus|avarus|molestiae|tametsi|summisse|defessus|dens|voluntarius|ter|cornu
vestrum|depulso|2023-01-21 07:32:01|2023-08-06 16:00:12|cicuta|tardus|labore|dolorem|2022-08-16 18:21:40|vae|tantum|ter|terga|stips|certus|universe|solus|tunc|quas|vulnus|torrens|clam|cursus|trucido|vorax|carbo|denego|demo|antea|thesis|vulgus|deinde|cubo|barba|soleo|tego|arma|admiratio|custodia|bardus|defetiscor|tergeo|denique|comminor|aperio|stella|corporis|vesco|sordeo|sit|contego|spes|super|nobis|appello
solitudo|tres|2025-10-30 01:17:08|2019-05-17 00:02:28|uxor|tersus|angustus|amitto|2025-04-03 22:45:52|adiuvo|tot|capio|numquam|vulnero|compono|tot|credo|timidus|conduco|acies|vel|cupiditate|celebrer|quam|arma|tergum|utrum|molestiae|tantillus|centum|nesciunt|ex|stips|supellex|sopor|officiis|universe|umbra|peccatus|theatrum|doloribus|caecus|cuius|aduro|degusto|vulgo|praesentium|pecus|amet|timor|texo|reiciendis|cenaculum|totam|calcar
virga|aranea|2020-04-03 06:58:33|2023-11-08 12:09:02|decens|ventito|cursus|pectus|2017-05-23 00:50:45|clarus|vilitas|thorax|desidero|asperiores|creator|volaticus|quo|comitatus|sono|suscipio|tabella|candidus|stips|deduco|iure|vacuus|validus|corpus|nam|turbo|averto|auditor|facere|illo|inflammatio|thesis|tam|cinis|vere|bellicus|absconditus|voluntarius|copiose|omnis|sustineo|aggredior|cornu|verbum|trans|antea|amplexus|possimus|repellendus|termes|vestrum
ago|capitulus|2018-08-10 14:04:01|2018-12-30 04:00:59|venio|totidem|ustilo|caput|2020-08-19 11:46:33|conor|virtus|aegre|benigne|amoveo|currus|tunc|turbo|advenio|arcesso|crux|tutis|est|vilitas|uberrime|curso|vorax|solium|vergo|tero|denique|perferendis|stultus|averto|ventosus|adopto|deporto|vos|calco|totam|timidus|video|beneficium|autem|clarus|nesciunt|defendo|veritas|tersus|avarus|tamdiu|molestias|deripio|bene|voluptas|triduana
absens|omnis|2025-12-31 02:46:29|2020-10-23 13:00:18|nisi|appono|deleniti|congregatio|2017-08-18 06:34:13|aedificium|aggredior|defaeco|cubitum|vigilo|abscido|velum|ago|laborum|toties|custodia|tabesco|adulatio|nihil|clementia|tracto|bardus|collum|alveus|thesis|cupiditas|considero|creator|vigilo|suscipio|alienus|clibanus|vitae|careo|aetas|vinum|auxilium|atrocitas|adsum|torrens|demonstro|timidus|tripudio|fugiat|tero|claro|uter|censura|vulpes|vestrum|fugit
textus|capitulus|2024-01-01 10:17:13|2024-02-23 16:49:56|unde|ultra|virga|nostrum|2023-05-07 21:40:47|cras|nesciunt|sumo|crux|verus|calcar|curriculum|terga|curiositas|thesis|tripudio|ipsam|capillus|color|adficio|aliqua|tergum|terra|audeo|ultio|debitis|villa|deludo|ubi|admiratio|commodo|auctus|decimus|theca|admitto|defaeco|amplus|texo|apostolus|somnus|avaritia|adiuvo|vis|cui|nemo|comptus|ocer|aestus|voco|bestia|deorsum
speciosus|pel|2021-08-14 18:02:01|2026-03-19 07:41:40|auditor|acceptus|tamen|tui|2017-06-11 18:23:33|aggero|spiculum|creta|audeo|convoco|spiritus|cognomen|dignissimos|trucido|cur|canonicus|condico|contabesco|termes|utilis|carmen|damnatio|vobis|clementia|aperio|degusto|cenaculum|beneficium|vulgo|aegrus|officia|viriliter|una|traho|strues|tracto|urbs|apto|acerbitas|aetas|umbra|statim|dolor|tredecim|vere|aggero|teneo|comburo|coerceo|clementia|suasoria
speciosus|voluptatibus|2017-11-08 15:33:34|2017-06-22 15:05:06|aiunt|veniam|tergiversatio|a|2022-10-29 09:06:08|minima|uberrime|surculus|corona|nesciunt|titulus|denique|vel|suasoria|theca|sumo|tener|stillicidium|cunctatio|cogito|spiritus|virgo|defaeco|solum|vespillo|alius|capio|patrocinor|videlicet|dedico|cum|subnecto|somnus|possimus|succedo|degusto|volutabrum|ventus|tergiversatio|timidus|usus|denique|atrox|degenero|acervus|tamen|atrocitas|tersus|comminor|delinquo|veniam
itaque|antea|2021-04-20 22:47:57|2021-03-19 06:01:00|vulnus|cribro|tenetur|pecco|2026-09-03 03:36:04|crustulum|tepesco|vulgo|tabula|depereo|explicabo|vox|depereo|congregatio|studio|adduco|amplitudo|cum|desidero|commodo|delinquo|quidem|vulticulus|adicio|stips|peccatus|timor|voluptatem|suggero|verecundia|valeo|cunctatio|quod|ascit|statua|temperantia|adinventitias|aranea|coma|tamquam|labore|nihil|cui|volo|defaeco|cattus|caritas|celebrer|cetera|vinitor|ara
cunae|basium|2020-08-28 16:30:30|2019-11-23 02:43:00|ambulo|sub|conservo|vindico|2020-01-03 06:08:29|averto|demonstro|undique|perferendis|tabgo|vinco|aufero|tempore|adduco|mollitia|vilitas|ascisco|debeo|aestas|culpa|patior|odio|tempore|copia|temeritas|corrumpo|velum|totus|solus|tribuo|video|venio|vere|conspergo|clarus|defungo|surgo|aedificium|super|videlicet|suus|toties|aetas|eos|colligo|arcus|decens|sollicito|temperantia|casus|optio
corrumpo|tardus|2024-10-26 21:19:58|2021-06-30 13:16:19|sub|compello|tardus|decimus|2024-10-18 11:21:26|degero|callide|quia|alii|adipiscor|teres|stabilis|amor|ulciscor|animus|anser|arca|laborum|aspernatur|utilis|cogo|vis|officiis|ullam|caecus|vitae|arbitro|acerbitas|auctor|curvo|tamquam|cernuus|traho|labore|copia|causa|adipiscor|desino|sustineo|repellendus|tracto|temporibus|tepesco|congregatio|auctor|cultellus|textus|coerceo|magnam|venustas|deputo
adicio|contra|2021-08-09 13:51:56|2021-07-11 02:00:30|acervus|ex|terminatio|vulnero|2023-04-11 05:59:11|verto|coniecto|velut|iusto|appono|titulus|vapulus|suppellex|fuga|incidunt|absque|synagoga|itaque|curatio|curia|vorago|stultus|corpus|copia|cinis|animadverto|conturbo|tener|sulum|capillus|substantia|cattus|vesica|centum|consequuntur|nihil|pecus|nisi|campana|amplitudo|uterque|expedita|quia|arcus|abutor|pecus|adulescens|acies|tamdiu|sui|summopere
sit|caelestis|2020-04-10 13:17:24|2020-05-03 02:18:57|tum|aiunt|convoco|taedium|2022-11-16 00:17:28|subnecto|vergo|aro|sumptus|solus|creo|deorsum|cui|spiritus|cenaculum|deleniti|statua|theologus|canis|vinculum|delectus|cognatus|solum|volo|una|concedo|vir|voluptatibus|cervus|cruciamentum|ambitus|tempus|ea|clementia|thalassinus|timor|possimus|cibo|pauper|solvo|tepidus|ultio|excepturi|celer|eum|absque|conitor|comparo|certus|deorsum|apto
veniam|volo|2019-04-27 08:49:40|2024-01-07 10:26:45|sodalitas|uxor|aro|clarus|2023-02-28 10:56:21|substantia|aiunt|causa|eius|crebro|thymum|bellum|assumenda|minima|ancilla|ratione|verumtamen|vomer|ullam|vomica|quam|communis|absque|dolorem|arx|urbanus|cotidie|crinis|at|bellicus|adversus|sponte|pauci|astrum|ait|quas|cur|demitto|timidus|cernuus|talus|caste|subito|vilicus|asperiores|vobis|armarium|certe|cognatus|appello|culpa
validus|vere|2019-07-12 06:52:40|2019-02-07 10:29:48|abscido|amaritudo|quis|universe|2019-12-05 03:35:32|cras|deleo|aequitas|amaritudo|veniam|damnatio|tenuis|vilicus|talus|appello|arbor|cedo|accusamus|aperio|atrox|illo|ipsam|vitium|desino|appono|catena|et|coaegresco|subvenio|cavus|accusator|vulticulus|desipio|vorax|charisma|clam|vitium|caput|distinctio|virtus|aequus|quisquam|terreo|desolo|nobis|tollo|territo|eaque|callide|ustulo|totidem
aliquid|verto|2019-08-27 14:43:36|2026-01-15 18:59:55|arbor|amplitudo|socius|amplitudo|2018-07-25 03:04:04|solum|angustus|antea|antepono|sol|civitas|ubi|nulla|vero|aptus|cursus|maiores|alii|conatus|temptatio|tener|cubicularis|coruscus|tergeo|tamquam|facilis|anser|nam|tonsor|laudantium|cavus|nihil|aro|vero|sordeo|damnatio|versus|communis|terga|animadverto|dedecor|accedo|repudiandae|crux|socius|derelinquo|aggero|defleo|depraedor|eligendi|caelum
spoliatio|conspergo|2021-07-15 10:27:28|2025-07-20 02:59:10|usque|atque|vero|tempore|2022-06-01 22:16:54|cuius|concido|abbas|thema|neque|umbra|cupiditas|totam|at|trado|coniuratio|solitudo|adversus|solum|solitudo|virga|solitudo|thymum|consequuntur|vulpes|dolor|vere|damno|absorbeo|demum|thesis|tendo|defetiscor|succedo|suppellex|adeptio|aperio|beatae|fugiat|atavus|cohaero|corrumpo|adipiscor|absconditus|capio|adulescens|valens|debitis|appello|catena|cresco
doloribus|sto|2020-05-28 18:42:39|2023-05-14 20:18:11|teneo|animi|clamo|iure|2023-02-12 17:43:05|desparatus|aliquam|solus|depono|anser|coruscus|subnecto|audeo|perferendis|facilis|vel|dolore|spectaculum|templum|terra|cuppedia|ventosus|vester|umerus|solutio|assumenda|civis|amita|tondeo|vociferor|voluptas|inventore|anser|civitas|stipes|textor|spoliatio|caecus|aegre|magni|beneficium|curriculum|cruentus|ciminatio|tabgo|video|acquiro|conventus|celer|cetera|sodalitas
centum|usitas|2019-01-03 07:52:16|2019-10-04 09:59:48|sunt|incidunt|credo|subvenio|2025-07-04 08:06:04|capitulus|officia|spoliatio|termes|contabesco|inventore|clementia|collum|minima|conservo|adnuo|quos|crinis|curto|cruciamentum|surgo|causa|triumphus|deleo|animus|causa|astrum|acerbitas|blandior|concido|tutamen|vero|alienus|nemo|certus|depulso|auxilium|creptio|cedo|absconditus|tabula|damnatio|deprimo|valeo|censura|aedificium|solium|umbra|patria|tamquam|cerno
argumentum|adsidue|2018-11-16 07:45:57|2023-05-27 04:59:39|vos|harum|anser|verumtamen|2021-08-31 03:34:34|laboriosam|valens|doloribus|valetudo|voluptate|voluptatibus|quibusdam|alioqui|coepi|ventus|a|antepono|aduro|volup|vergo|cresco|valde|tracto|voveo|sol|amor|animadverto|derideo|toties|consuasor|aeneus|communis|contra|cui|iure|cursim|impedit|sublime|aranea|curiositas|caterva|cunctatio|atque|aetas|vulariter|dens|aeneus|vere|attero|desidero|porro
temeritas|decerno|2026-04-08 00:30:45|2024-02-29 11:09:23|aspicio|confugo|terror|decerno|2026-05-03 08:21:54|claustrum|animadverto|sursum|creta|reprehenderit|cuius|abutor|tristis|dolorum|claudeo|audio|adicio|unus|fugiat|unde|admitto|pauper|eaque|cursim|sapiente|reprehenderit|carmen|supplanto|aureus|deleo|brevis|aperiam|aiunt|adipiscor|curto|usitas|adfero|vehemens|ambitus|tum|ater|cotidie|textilis|allatus|brevis|depono|dapifer|suffoco|consectetur|arbustum|uredo
dignissimos|doloribus|2016-11-19 13:23:37|2019-09-05 10:56:52|cuppedia|voro|iusto|aliquid|2021-11-30 12:33:45|mollitia|tabella|creptio|delicate|cado|undique|teres|illum|xiphias|cupressus|acies|curia|ante|xiphias|volaticus|derelinquo|attero|sono|catena|vulpes|tergeo|cruciamentum|ipsam|patior|dignissimos|depopulo|tactus|dolores|sponte|fuga|denego|spectaculum|valde|sub|deporto|paulatim|dolore|curtus|suggero|pecco|adulescens|laudantium|cognomen|ars|consuasor|reiciendis
causa|aurum|2019-12-02 15:11:13|2017-06-05 12:46:57|perspiciatis|deputo|amicitia|argentum|2018-02-12 23:55:15|repellendus|usus|fuga|cognatus|earum|verus|cupiditate|excepturi|beneficium|viscus|caveo|surgo|voluptatem|corrigo|taceo|conservo|aegre|sophismata|dignissimos|careo|vulgivagus|truculenter|suasoria|textilis|desolo|assentator|nobis|crastinus|commodi|vitae|ascit|viscus|ipsam|theologus|illo|iure|civis|voluptatibus|auctus|amplexus|curso|titulus|cimentarius|crustulum|trepide|cicuta
textor|trans|2023-02-07 06:18:00|2020-12-04 19:52:11|adhaero|cicuta|benigne|sponte|2024-08-30 07:44:14|theca|tempora|canis|vito|tepesco|comparo|tristis|amor|delibero|quae|corrigo|tumultus|cultura|cena|anser|et|depromo|vivo|carbo|creta|debilito|subnecto|depraedor|solio|admoveo|vir|adstringo|adinventitias|error|ultra|angulus|capillus|adduco|defaeco|spero|catena|ultra|decretum|caelum|et|umbra|valeo|defero|et|laboriosam|commodi
in|nihil|2025-10-04 22:59:54|2021-10-23 10:27:56|cometes|velit|cognomen|vix|2019-07-24 10:53:15|eligendi|illum|degero|custodia|quos|sto|alioqui|turbo|adeo|xiphias|ultra|versus|tactus|minus|coniuratio|id|conturbo|spero|succurro|adamo|callide|compello|repudiandae|decens|delibero|constans|textilis|cui|fuga|adfectus|pauci|cursus|nostrum|absorbeo|vos|altus|totam|aeternus|barba|advoco|cohibeo|deserunt|communis|abbas|certe|vulnero
tonsor|compono|2018-04-25 14:06:55|2017-11-08 20:15:50|nobis|via|cicuta|crudelis|2024-10-06 14:35:46|harum|via|vesper|delibero|claustrum|ventus|amor|cursim|decens|copiose|cavus|stella|neque|territo|bibo|in|textor|denuo|allatus|valetudo|tamen|voluptatibus|cervus|volubilis|utroque|deprimo|spargo|dolorem|corporis|tantillus|demens|commodi|curatio|cogito|culpo|decimus|arto|voluntarius|vinitor|ventosus|labore|aveho|eligendi|nobis|suadeo|coerceo
aggero|assentator|2024-05-24 16:18:07|2025-11-02 22:41:28|odit|amplexus|curia|theatrum|2025-07-31 02:22:26|supplanto|amicitia|auctus|textor|abundans|arcus|recusandae|aeternus|utor|cavus|veritatis|molestiae|amiculum|territo|subiungo|labore|patruus|calculus|bibo|averto|allatus|vivo|undique|debitis|carcer|comparo|utroque|aequitas|aestus|amplitudo|quis|casso|dens|collum|turpis|somnus|delibero|absum|uberrime|aro|nihil|acerbitas|modi|demergo|agnosco|arcus
benigne|amet|2022-12-12 03:59:32|2021-11-12 11:14:54|comis|repudiandae|utrum|pauper|2019-01-09 10:32:25|minus|caterva|tondeo|soleo|quibusdam|umbra|consequuntur|termes|vergo|claustrum|quas|atavus|conventus|antiquus|copia|undique|a|altus|fugiat|thema|volaticus|necessitatibus|spiculum|repudiandae|debeo|paulatim|nobis|speciosus|allatus|atavus|minus|recusandae|eligendi|quibusdam|rem|desipio|nam|volo|ascisco|amicitia|corona|curvo|hic|quod|tolero|tempus
ver|velut|2023-09-28 14:34:10|2026-06-18 16:58:59|teneo|volo|suppellex|succedo|2019-05-02 06:44:04|sunt|inflammatio|cruentus|vilitas|tenuis|adulescens|usus|vere|triduana|consectetur|succedo|versus|avarus|audio|absum|crux|ait|tandem|curiositas|sunt|conitor|crudelis|ab|pel|calamitas|vomer|vitium|demo|animi|impedit|curriculum|coerceo|cunctatio|ager|animi|curto|taedium|minima|teres|aperio|voluptatem|solvo|defleo|coepi|vox|attonbitus
adversus|creo|2024-05-11 08:14:44|2017-07-09 20:06:36|temeritas|cubitum|communis|considero|2020-01-29 08:20:46|defero|aegrus|aegrus|cur|civis|stabilis|bos|sponte|patria|tempus|optio|thymum|communis|dens|aranea|campana|quibusdam|tollo|defessus|constans|maxime|ea|patior|testimonium|reiciendis|aegrus|demens|amor|aveho|culpo|celo|teres|demergo|cuppedia|deputo|verecundia|praesentium|aptus|color|calco|culpa|patior|commemoro|officia|aetas|venio
conventus|administratio|2023-02-20 08:26:52|2017-04-25 16:39:14|contabesco|adficio|timidus|contego|2023-02-27 17:55:16|blanditiis|votum|convoco|viduo|vito|coruscus|crapula|cicuta|somniculosus|pecus|clarus|stella|centum|damno|atque|strenuus|arguo|aliqua|valeo|tero|tergo|virtus|traho|nihil|decor|audeo|aiunt|absorbeo|talis|tertius|auctor|auxilium|facere|cognomen|tempore|pecus|baiulus|centum|vulgus|tabella|magnam|nisi|cognatus|carbo|audio|ventito
exercitationem|cras|2026-02-22 14:22:03|2025-10-26 13:24:51|agnitio|cariosus|denuo|caritas|2018-11-22 09:17:53|aptus|sollers|defessus|attollo|cultellus|stipes|cunae|admitto|tristis|caterva|vitium|aestus|cuppedia|tamen|facere|decens|voluptatibus|aureus|aptus|accusamus|condico|victus|tabella|temeritas|cogito|voveo|dignissimos|cunae|asper|iste|usus|illo|adhuc|amplitudo|succedo|certe|aedificium|vicissitudo|bonus|vesco|artificiose|conatus|deserunt|urbanus|victus|quod
xiphias|vinculum|2024-11-26 08:39:49|2025-03-13 12:38:22|armarium|stabilis|circumvenio|libero|2017-04-22 20:15:53|aspernatur|auditor|absconditus|quidem|vel|aggredior|aro|omnis|censura|vos|pauper|attollo|vitium|cribro|absorbeo|caritas|non|verto|carbo|volubilis|somniculosus|vesco|sto|arca|mollitia|thesaurus|tenuis|patior|solitudo|alter|censura|delectatio|contego|eligendi|cimentarius|amitto|id|summa|suscipio|deludo|pax|uxor|celebrer|pecco|cruciamentum|crur
aestas|terminatio|2020-08-17 18:16:20|2022-06-09 17:35:41|tollo|nihil|ambitus|certus|2024-06-25 09:07:34|unde|aeger|cultellus|comitatus|sequi|illum|stella|vomer|animadverto|angustus|inflammatio|talis|caput|vulgaris|demitto|dedecor|titulus|deleo|volup|usque|patruus|sumo|synagoga|summisse|conservo|ter|maiores|tamen|delicate|arceo|beatae|ex|colo|atrocitas|deludo|capto|abstergo|theologus|defessus|arcus|veritas|virgo|vero|arx|modi|carpo
creptio|utor|2021-06-09 09:10:49|2022-03-02 08:23:30|ceno|cetera|ter|ager|2022-01-08 00:56:15|trado|suffoco|tollo|cribro|comes|attero|amoveo|aegre|voluntarius|quibusdam|suppono|umbra|coruscus|trucido|libero|adicio|titulus|audentia|torrens|solio|astrum|damno|arca|pecco|cubo|somniculosus|victoria|vae|sum|tamisium|vergo|circumvenio|ut|coaegresco|adhaero|beneficium|xiphias|denuncio|convoco|ipsa|carus|verbera|caput|allatus|verto|tepesco
demitto|tener|2016-09-29 05:10:18|2023-06-10 11:32:26|patrocinor|trans|admoneo|distinctio|2021-10-15 06:22:35|eligendi|facere|claudeo|agnitio|crudelis|saepe|bardus|theologus|cubicularis|tenus|spectaculum|atqui|comis|accusator|suppono|argentum|dolorem|viridis|villa|defendo|desino|vespillo|molestias|vos|beatus|abutor|aetas|tamquam|adeo|clementia|trepide|confero|ciminatio|velum|tyrannus|alias|admiratio|compello|accedo|auxilium|subvenio|stabilis|voluptatum|addo|statim|subito
tibi|crinis|2018-02-11 08:13:58|2019-11-26 16:07:17|conspergo|sub|enim|constans|2016-10-29 09:02:42|adulescens|vinco|sunt|appositus|summisse|decipio|comedo|est|truculenter|audacia|apud|suus|vesco|desparatus|civitas|curiositas|tres|sublime|animi|tristis|ab|amplitudo|speculum|territo|arbor|caput|cauda|aranea|inventore|accedo|amissio|neque|tantillus|spiritus|vilis|vicinus|volaticus|canto|vitae|capto|iste|colligo|laborum|sordeo|architecto|cunae
earum|ad|2025-07-19 18:30:13|2022-01-30 09:01:55|adsuesco|tergeo|conicio|cilicium|2019-02-23 20:48:05|repudiandae|aeger|tamisium|ago|verus|animadverto|spes|pariatur|apparatus|avarus|tego|impedit|copiose|acerbitas|degenero|ulciscor|delinquo|aspicio|nesciunt|ad|absconditus|civitas|appositus|triumphus|crastinus|bestia|caveo|certe|iusto|quo|sopor|commodo|defungo|corporis|accusantium|deduco|sum|socius|subiungo|nobis|capto|coma|votum|attollo|collum|balbus
assumenda|toties|2021-02-15 01:19:01|2021-07-02 13:29:22|amoveo|itaque|claro|voluptate|2018-08-11 15:03:09|enim|eum|viscus|curatio|ex|sulum|comprehendo|sufficio|vester|aperte|acervus|calamitas|vomer|aestas|demens|bis|acquiro|ulciscor|cometes|vesica|beatae|tertius|sordeo|aveho|campana|thesis|umbra|a|cunae|virtus|ait|demulceo|consequuntur|abbas|pauci|chirographum|atrox|velociter|bellum|qui|solutio|commodo|arbor|arx|deorsum|amor
tabesco|venio|2019-07-26 03:07:44|2021-09-08 17:06:17|demergo|antepono|cibo|cuppedia|2022-04-30 21:21:00|aggredior|inflammatio|vicinus|valetudo|thymum|fuga|virtus|corrigo|accusator|ad|amita|ventito|acies|textilis|vulnus|contego|decens|facilis|magnam|absorbeo|numquam|cado|testimonium|autem|voluptatem|depulso|thalassinus|sufficio|antiquus|statua|capillus|conatus|celo|contra|autem|vitiosus|vulgo|valetudo|doloribus|aestivus|vicinus|comitatus|suppono|catena|conitor|carbo
sortitus|sustineo|2023-01-05 14:12:06|2026-07-08 13:59:49|terebro|numquam|alii|suscipio|2023-06-06 02:19:51|auctus|depromo|verecundia|cibus|votum|solium|caput|volubilis|beatae|thesaurus|degusto|conqueror|verecundia|cibo|sum|uterque|avarus|textilis|abduco|ducimus|umbra|auctor|confero|itaque|delego|censura|numquam|illum|deorsum|tantum|vitium|caecus|tondeo|corrigo|ceno|ante|velit|thema|turpis|a|animus|adulescens|culpo|videlicet|occaecati|doloremque
demitto|talus|2019-03-19 07:53:52|2017-03-15 06:22:05|defaeco|brevis|tempore|volup|2018-11-06 06:01:34|dolor|at|demergo|defluo|est|sonitus|sophismata|utor|audio|apparatus|urbs|confero|cilicium|aduro|cunabula|dignissimos|vilitas|doloribus|audacia|varietas|sint|aranea|volup|approbo|accendo|vestrum|assumenda|voveo|aranea|urbs|sub|desidero|conscendo|crustulum|nostrum|carcer|ait|sapiente|sublime|annus|censura|nesciunt|adamo|asporto|assentator|totam
excepturi|colligo|2026-01-25 20:05:00|2021-03-23 04:06:05|adulescens|terreo|adaugeo|aliqua|2016-12-31 10:04:11|quidem|laudantium|decerno|attollo|aeger|suspendo|valetudo|campana|unde|non|virga|coerceo|denuncio|clam|spero|cerno|astrum|utroque|subiungo|adhaero|crastinus|conculco|sumptus|tabesco|agnosco|suffoco|taedium|vulariter|eligendi|casso|decor|comedo|terra|repellendus|aut|abundans|porro|speculum|bene|enim|civitas|adulescens|teres|urbanus|inflammatio|vacuus
calamitas|vos|2021-04-25 21:20:15|2019-11-11 03:24:14|vobis|ambulo|cura|advenio|2022-03-10 02:40:05|abstergo|creber|in|consequuntur|antea|ambulo|supellex|appositus|quam|video|tam|sordeo|aptus|minima|vestigium|vinculum|vos|cicuta|sulum|casso|alter|carbo|possimus|cupiditate|aliqua|advenio|possimus|versus|villa|decet|mollitia|cogo|somniculosus|voco|utique|quasi|tener|natus|autem|vulpes|abeo|utique|abstergo|viscus|brevis|autem
vorax|ultra|2021-09-05 15:47:00|2026-08-09 03:43:52|suffoco|beatae|facilis|celer|2017-01-30 19:58:05|dolor|suspendo|cariosus|conduco|adicio|curo|sint|ara|articulus|cubitum|venio|adulescens|textus|consuasor|valetudo|voluptatem|aut|assumenda|utor|vulpes|casus|comptus|callide|centum|cognatus|optio|censura|vulgus|villa|occaecati|victus|crur|ambulo|ait|tunc|inflammatio|aut|vomito|admitto|blanditiis|appositus|sono|accusamus|pectus|cauda|explicabo
timor|modi|2025-01-27 21:57:56|2016-11-11 20:07:26|inventore|possimus|valens|ventosus|2024-07-20 22:47:07|confero|molestias|degero|vomica|stabilis|bestia|amicitia|aranea|super|cimentarius|cohibeo|denego|bardus|conforto|studio|quisquam|ipsum|cuppedia|eaque|bestia|textus|aperiam|abduco|turpis|corrigo|sol|vigor|delinquo|caecus|apparatus|animi|ciminatio|tempore|varietas|solvo|pecto|pecus|maiores|consuasor|uberrime|corpus|tergeo|comprehendo|tristis|adduco|degusto
theatrum|astrum|2024-12-07 07:43:15|2021-10-19 10:55:40|acceptus|audio|ancilla|defendo|2022-02-01 03:00:58|comitatus|ulterius|aegre|caterva|tutis|neque|a|suadeo|curis|ascit|textus|cunae|adiuvo|acsi|colligo|peior|vae|aqua|synagoga|currus|acer|vitiosus|demum|spoliatio|delego|arbustum|numquam|suppono|molestias|tantillus|temporibus|adsum|tametsi|articulus|unde|asperiores|quibusdam|clarus|paens|crustulum|arcus|contigo|est|valetudo|aeger|timidus
curtus|artificiose|2026-03-11 17:43:45|2017-02-04 14:15:44|terga|colo|antepono|sit|2023-09-19 18:32:31|collum|cras|tamen|curriculum|cito|creo|varietas|capto|aperte|coepi|vox|tergeo|eaque|audentia|ex|vitae|debilito|creber|defleo|claro|vindico|conicio|in|sto|antea|corroboro|vir|terga|triumphus|accommodo|viridis|cognatus|deludo|aliquam|cruciamentum|speculum|est|sursum|absconditus|suadeo|doloribus|baiulus|doloremque|atrocitas|arceo|cruentus
cui|vallum|2021-05-20 06:07:03|2022-08-31 12:50:48|adversus|solio|vulariter|quibusdam|2022-01-30 17:59:58|thorax|terreo|vitae|angustus|voluptatum|trucido|supellex|cupiditas|volva|voco|eum|absque|tantillus|temeritas|tabella|thymum|tabesco|conculco|adflicto|succedo|demoror|sordeo|amitto|corroboro|conventus|distinctio|corrumpo|adaugeo|candidus|et|cupiditas|decipio|voluptas|pariatur|vesica|aliqua|creber|aduro|conduco|corrupti|condico|cur|ademptio|amoveo|adulatio|autem
ascit|dignissimos|2024-09-07 13:15:11|2022-06-20 06:46:50|impedit|audax|viriliter|volubilis|2017-02-03 03:38:44|nihil|conor|velociter|spes|decipio|soleo|cilicium|arbitro|est|umbra|condico|vulgo|adeo|theca|comminor|amaritudo|vitae|velut|vilicus|averto|vulticulus|absum|officia|odio|officia|vinculum|curo|harum|caritas|capillus|termes|inflammatio|trucido|crinis|vicinus|caute|animus|veritas|termes|necessitatibus|adsum|triumphus|claro|basium|viridis|culpo
rem|earum|2020-12-04 09:37:06|2023-03-25 11:51:33|surgo|conatus|vester|triumphus|2022-03-10 06:35:45|defluo|pecus|urbanus|vito|nobis|ipsum|villa|utrum|quidem|clamo|sed|labore|incidunt|anser|aiunt|depono|defluo|deprecator|acies|tamen|arca|volutabrum|desparatus|varietas|vesco|temperantia|sunt|viscus|voluptatem|sulum|degusto|peccatus|tandem|ascit|audio|bellicus|usque|peior|censura|quibusdam|perferendis|sortitus|caveo|socius|avaritia|vero
vilis|adsuesco|2019-10-14 09:33:31|2022-08-17 10:08:30|careo|attonbitus|cicuta|paulatim|2020-11-21 22:09:13|vesica|virgo|unus|acquiro|tolero|corporis|alioqui|ceno|bonus|harum|civis|tempore|solio|volo|articulus|crebro|ver|canonicus|vix|amoveo|doloremque|cupiditas|patria|defungo|deporto|reprehenderit|talis|deprecator|tollo|capillus|aetas|audax|fugit|appono|ex|beatae|pauci|tabula|dapifer|amiculum|peccatus|curriculum|terror|viscus|aedificium|cometes
tam|alioqui|2017-06-13 14:41:13|2025-05-29 05:37:38|tepidus|confido|addo|cur|2023-05-22 17:54:35|defendo|defessus|omnis|conqueror|temporibus|conqueror|enim|excepturi|totam|concido|ager|ulterius|bis|aer|voveo|acsi|autem|delectus|ullam|fugiat|usque|contigo|bellum|dolorum|ater|deorsum|vociferor|votum|tametsi|quasi|ago|delicate|bonus|adflicto|decumbo|vis|spiculum|ara|tactus|voluptatem|cupio|tepesco|caries|via|virgo|videlicet
iusto|attollo|2022-03-26 13:24:18|2026-05-08 11:26:24|arcus|voluntarius|cimentarius|suscipit|2017-04-28 21:10:05|bonus|curso|voluptatem|conscendo|ago|aro|arbustum|patrocinor|calamitas|appositus|conventus|vicissitudo|admoneo|clarus|arcesso|urbs|odio|delectus|suppono|peccatus|blandior|sub|supellex|atque|creptio|deporto|conduco|aequus|condico|crepusculum|admoveo|aperte|iste|audentia|usitas|adhaero|stultus|derideo|ustilo|eum|adipiscor|victoria|illo|vigor|adnuo|urbanus
venia|avaritia|2022-07-28 07:11:07|2019-06-17 03:12:52|sint|vilicus|bellicus|vivo|2023-09-30 13:51:35|ventito|magnam|vivo|curso|mollitia|cognatus|thesis|architecto|adeo|vapulus|audio|tremo|auctor|verus|vaco|cauda|sub|agnitio|possimus|claro|strenuus|auctor|spiritus|optio|vomer|vito|cado|auxilium|cogito|creber|veniam|deduco|clamo|caste|accusator|clementia|velut|ullus|suscipio|vicinus|solvo|vulgivagus|thema|terror|auxilium|commodo
cubo|denique|2022-05-10 12:17:23|2022-01-11 20:31:37|animi|tersus|amitto|amita|2019-07-23 09:43:43|cariosus|texo|desipio|commodo|tolero|enim|sunt|comminor|thermae|facilis|articulus|ver|tibi|calculus|defungo|testimonium|sponte|natus|aestas|aufero|tempus|vestrum|aeneus|voluptates|tyrannus|ad|cognomen|crebro|qui|carpo|substantia|commemoro|utilis|ciminatio|amplus|accommodo|vesper|conscendo|claudeo|aestas|tepidus|tonsor|advoco|arguo|validus|usitas
vado|crudelis|2017-05-19 14:16:16|2022-08-07 12:26:44|hic|earum|vapulus|suscipit|2019-12-25 17:23:22|conspergo|valens|terga|amiculum|ater|cornu|paulatim|angelus|illo|audeo|videlicet|ara|aggredior|tyrannus|territo|thalassinus|adficio|qui|carus|enim|verto|summisse|nobis|defluo|earum|sui|saepe|defleo|arbor|attero|abduco|optio|versus|aegre|comedo|desino|cauda|custodia|tamdiu|alo|acerbitas|curtus|toties|terra|est|suffoco
magnam|cenaculum|2018-12-27 17:37:55|2022-12-07 14:34:54|vinitor|curto|civitas|admoneo|2017-07-18 02:50:57|vinitor|tendo|soleo|acies|desolo|volup|totus|solio|usque|decretum|audax|vitae|curtus|voluptate|averto|centum|averto|uxor|cogito|apto|vulgus|tricesimus|tabella|cometes|deprecator|illum|tametsi|terra|bestia|sollicito|absconditus|dedecor|advenio|amo|carmen|capto|veritatis|damnatio|amissio|caelum|confero|vindico|tabella|fuga|damnatio|celer
suus|avaritia|2023-10-26 05:10:02|2024-05-20 21:05:23|triduana|verto|spero|inflammatio|2025-02-03 22:02:28|cogo|vigilo|quisquam|consuasor|solutio|constans|terebro|absconditus|coepi|beneficium|at|arto|coepi|urbs|theologus|vulgivagus|culpo|unde|error|canto|condico|vigor|degero|tertius|ascit|copiose|conturbo|enim|testimonium|taedium|demo|ter|quasi|debilito|super|creo|toties|aestus|pecus|vesper|suffragium|toties|amor|constans|auctor|auxilium
itaque|testimonium|2016-10-06 03:05:57|2019-12-29 17:15:33|tripudio|nemo|speciosus|corpus|2017-03-29 20:13:18|vado|temporibus|carmen|comptus|aestivus|custodia|valetudo|sequi|advenio|solitudo|demoror|amitto|odio|complectus|depromo|suppono|enim|tempus|defessus|balbus|attonbitus|necessitatibus|maiores|beneficium|absens|claro|ex|coma|vigilo|tamisium|terga|summa|arbustum|omnis|tripudio|adulatio|accedo|averto|textor|tumultus|ante|umquam|allatus|tamquam|calculus|defleo
uterque|eos|2024-11-14 18:40:08|2026-02-06 19:39:23|caries|tremo|admitto|vir|2022-06-22 21:16:56|carpo|varius|spero|crapula|saepe|comminor|cernuus|testimonium|despecto|vulgivagus|adduco|cuius|claustrum|cupressus|suscipio|amo|contigo|agnitio|eum|spargo|sufficio|deficio|attonbitus|subseco|aequitas|venio|theatrum|aurum|uredo|suscipio|cicuta|degusto|autem|cicuta|esse|claustrum|vinculum|deinde|sint|maiores|terebro|vilis|adamo|basium|minima|curia
contabesco|vilis|2021-11-14 13:19:08|2018-02-05 09:42:24|concedo|stultus|video|aegrus|2018-09-13 06:55:53|tantum|optio|sufficio|voluptate|carpo|convoco|ars|eos|vinitor|suasoria|calcar|suspendo|cresco|denuncio|demum|cresco|asporto|bonus|vulnus|despecto|cubicularis|ullus|velum|vulariter|cultellus|sollicito|creber|est|cursus|aperiam|amaritudo|cunae|vinum|unde|culpo|assentator|despecto|ver|valeo|atavus|tergo|cupio|viridis|tandem|tantum|adulescens
patrocinor|catena|2021-07-19 15:51:12|2021-08-18 21:09:49|beatae|qui|cervus|possimus|2018-12-02 21:39:40|aptus|ut|dolor|suffoco|tripudio|hic|dolorum|suspendo|talus|vilicus|deinde|aptus|trans|curso|audeo|nam|auctus|vado|cervus|ipsum|curatio|aureus|adversus|sumo|creo|ex|cognomen|triduana|accendo|voluptatibus|commodi|solutio|sonitus|contego|capitulus|acceptus|claudeo|constans|vulariter|tempore|termes|via|utilis|concido|color|traho
acervus|debilito|2018-01-29 04:37:25|2024-02-21 19:09:18|eos|attonbitus|consectetur|aliquid|2023-04-05 01:33:38|claudeo|allatus|cornu|terebro|delicate|consectetur|ara|conatus|victoria|thalassinus|venia|reiciendis|conitor|charisma|terminatio|aggero|vox|conduco|eius|averto|circumvenio|atrocitas|undique|vitiosus|appello|cui|mollitia|dicta|conturbo|totam|soleo|decumbo|tumultus|chirographum|ustilo|congregatio|deputo|adipiscor|alienus|iure|nemo|tergeo|eos|auxilium|perspiciatis|quisquam
vero|tutis|2023-10-22 13:08:16|2021-06-20 13:51:24|trans|barba|arcus|uter|2017-10-25 10:38:23|patior|animus|aliquam|beatae|subito|urbanus|suffoco|adaugeo|crebro|adulescens|tutamen|compello|accusator|eum|terga|subito|articulus|facere|ad|caritas|vinitor|laudantium|magni|tersus|utique|dolore|ager|quisquam|sublime|causa|aedificium|cupiditate|amissio|sollers|sursum|culpo|aliquam|adflicto|vulgivagus|ter|conscendo|spero|tibi|colo|sumptus|vestrum
charisma|velut|2024-02-27 15:24:54|2024-09-16 02:48:59|abutor|alienus|aveho|currus|2017-03-19 20:12:29|vigor|spiritus|bos|virgo|annus|terebro|audeo|adiuvo|tamisium|optio|nobis|cerno|velum|temporibus|speculum|sufficio|adulatio|despecto|demergo|audentia|laboriosam|virgo|supellex|crebro|spero|aperiam|vobis|id|peccatus|vesper|bestia|distinctio|calco|animadverto|uberrime|admiratio|admoneo|pariatur|blanditiis|creber|tenetur|utpote|id|adaugeo|talus|architecto
ceno|anser|2018-10-10 02:57:01|2024-04-25 22:54:04|templum|argumentum|ocer|cupressus|2019-01-10 02:43:48|qui|votum|velit|reprehenderit|venio|vinitor|catena|absorbeo|coaegresco|canonicus|sonitus|tactus|argentum|repellendus|absens|repellendus|accusantium|illo|vacuus|solvo|benigne|defungo|abeo|labore|sonitus|adaugeo|clarus|quibusdam|bellicus|tumultus|labore|terga|officia|trucido|uterque|valde|beatus|ascisco|arcus|termes|quae|depromo|sopor|sint|demo|totus
nulla|conitor|2020-12-14 21:54:51|2018-03-08 17:05:09|cicuta|vomica|comparo|alter|2016-12-30 16:03:35|vulgaris|verto|impedit|sol|patrocinor|alioqui|tergo|utpote|turbo|campana|conscendo|alo|ut|provident|exercitationem|ventus|articulus|contigo|admiratio|creber|voro|pauci|aeternus|aranea|ager|aliquid|ventito|coadunatio|crudelis|concido|conculco|vitae|non|defleo|delectus|verbum|conor|crastinus|vesper|patrocinor|benigne|vulgaris|ascisco|adinventitias|est|abutor
odio|cupiditas|2021-05-14 00:21:55|2018-08-02 10:32:23|tabgo|derideo|amaritudo|ullam|2022-09-06 16:29:06|dedico|suppono|aliquid|patria|blandior|vere|valetudo|eligendi|voluptates|communis|deleo|compello|amplitudo|tener|vomica|dapifer|conforto|terminatio|crepusculum|cito|tandem|deludo|dicta|accusantium|deprecator|aut|calamitas|spero|caterva|creptio|vulticulus|claro|patruus|at|ter|tempore|aer|commodo|admiratio|cerno|virga|occaecati|capto|crapula|provident|correptius
appositus|corporis|2021-10-14 22:51:45|2018-11-12 17:45:08|aspernatur|omnis|eius|sophismata|2025-01-10 02:30:20|sursum|veritas|spes|atavus|civis|beatus|vinum|suscipit|conforto|voco|turpis|caelestis|ad|arcus|dolorum|ver|terga|somniculosus|suspendo|adfectus|pecco|dedecor|vorax|demoror|cruciamentum|audentia|claro|adfectus|expedita|unde|utique|spes|defluo|adsuesco|cunae|despecto|capio|consequuntur|adduco|culpo|teneo|ager|appositus|acidus|tempus|infit
sordeo|facere|2024-08-13 01:36:36|2021-10-02 07:48:38|atqui|occaecati|delibero|sonitus|2023-12-03 04:00:31|amplexus|adiuvo|blandior|cumque|verecundia|enim|tempore|adicio|caterva|abscido|sumptus|appositus|tergo|video|sit|caries|utpote|decimus|coepi|tabula|tener|ut|tubineus|avaritia|conforto|adnuo|caritas|terminatio|absum|conculco|suffoco|stella|toties|arcus|stella|cum|curriculum|charisma|aranea|surgo|conforto|ut|cruentus|beatae|cotidie|cibus
auctor|basium|2020-07-20 03:56:23|2023-09-04 23:03:32|cicuta|candidus|impedit|ocer|2017-08-24 14:03:15|sapiente|vinum|accendo|centum|acsi|sumptus|ago|pecco|pauper|crux|adinventitias|tracto|tres|tero|volo|amoveo|addo|pecco|creator|supra|solutio|audeo|templum|crebro|torqueo|corrumpo|cibo|derelinquo|adflicto|acies|vulpes|vulticulus|damnatio|adsidue|curto|tamquam|tactus|decet|cado|denuncio|uxor|color|vel|inventore|subseco|solvo
deputo|quaerat|2018-09-07 21:26:14|2024-09-20 19:58:15|caelum|aegrotatio|delectus|vesica|2020-11-01 17:21:06|verto|alienus|iure|alius|temptatio|adficio|anser|cetera|avaritia|cupiditate|patria|iusto|arguo|copiose|claudeo|ustilo|aeneus|demo|turpis|contabesco|autem|admitto|valde|valde|aestus|crur|aeternus|thermae|ambulo|summopere|harum|vox|contra|damno|defessus|delego|tendo|demitto|color|curiositas|qui|pel|consequatur|aperio|vomica|ambulo
suppono|subito|2019-12-11 03:56:48|2026-02-14 09:28:45|creptio|clam|agnitio|debilito|2026-03-13 10:26:25|deprimo|surculus|amoveo|subiungo|odio|absum|amplus|vetus|aedificium|voluntarius|corona|ullus|recusandae|caput|adsum|cervus|cupressus|conturbo|vulnus|aegrus|expedita|cuius|provident|quis|tui|vehemens|harum|vereor|nesciunt|vero|verbum|vesper|quidem|venustas|tergo|clementia|caveo|saepe|ultio|torrens|talio|conicio|corona|vindico|labore|universe
suus|clibanus|2021-05-29 10:16:47|2023-07-07 20:03:30|curso|utroque|crebro|animus|2022-11-02 06:42:24|placeat|admiratio|arx|tres|versus|socius|cursus|blandior|necessitatibus|tripudio|sed|depulso|crudelis|bardus|avaritia|nostrum|defleo|id|spectaculum|velit|ducimus|aedificium|comburo|congregatio|vesco|totam|nisi|vulariter|tepesco|voluptatibus|deputo|depereo|cultura|utor|clarus|defendo|crepusculum|cernuus|umbra|volutabrum|desolo|commodi|virgo|totam|color|solitudo
cresco|tersus|2021-02-14 02:16:39|2023-08-11 23:52:34|theologus|tantum|degusto|sum|2021-12-28 19:19:34|cursim|cogito|talis|crudelis|vulticulus|taedium|demitto|aeneus|cito|sto|antepono|arbustum|crudelis|curtus|vulgo|tribuo|compello|abscido|cribro|crepusculum|pecus|vulnus|crebro|amaritudo|valeo|caecus|auditor|pecco|conqueror|confero|appositus|quae|brevis|deprecator|quaerat|tumultus|cunae|adiuvo|natus|territo|aperte|sollicito|spectaculum|tumultus|curtus|ater
alius|fugit|2025-03-12 10:53:17|2024-05-07 02:05:27|collum|collum|crapula|argentum|2017-10-21 17:08:39|super|cumque|ad|circumvenio|urbs|depopulo|ager|optio|ater|basium|teres|deprecator|exercitationem|supellex|vomer|argentum|tergeo|temperantia|subvenio|corrupti|defessus|deprimo|verus|summa|ventus|ventito|officiis|quis|odit|contego|vespillo|deleo|velut|sto|articulus|tumultus|atque|crustulum|abbas|cura|depopulo|decet|consectetur|verbum|dapifer|architecto
adstringo|aestus|2022-01-31 00:54:12|2024-08-31 11:26:14|sint|sponte|tristis|curiositas|2020-02-23 22:56:40|voveo|possimus|traho|suscipio|acceptus|suggero|ars|tam|vilitas|censura|abstergo|depereo|somniculosus|sumptus|armarium|sonitus|aperiam|labore|accusator|textus|succedo|adicio|creta|vinitor|rerum|provident|blandior|demulceo|viduo|administratio|usus|eligendi|arma|soluta|sequi|uter|vesper|sufficio|arma|amor|canto|curvo|voveo|cimentarius|adflicto|correptius
viriliter|templum|2025-02-16 02:01:14|2017-07-28 10:19:08|accusamus|suscipit|addo|caelestis|2023-12-30 14:19:31|cernuus|aedificium|veritatis|avarus|vero|inventore|ex|demitto|deporto|censura|tondeo|sodalitas|tres|depono|sperno|quibusdam|doloribus|demoror|cruentus|harum|deficio|creo|super|crapula|aestas|assentator|volutabrum|debitis|tenax|uberrime|vobis|venia|comburo|solus|cruentus|autus|creptio|carmen|claustrum|tabesco|veniam|deprimo|curtus|nobis|convoco|aer
tandem|consequuntur|2022-01-04 06:53:05|2025-01-05 01:35:01|contabesco|vaco|basium|succedo|2016-09-16 02:40:12|annus|brevis|turbo|cultura|spero|contigo|agnitio|viriliter|caecus|carmen|vinco|absens|spargo|clarus|vigilo|tantillus|vulariter|strenuus|suadeo|ars|titulus|valens|tenax|caute|claro|vobis|constans|synagoga|strues|censura|vulariter|volubilis|bellicus|ultio|audeo|decumbo|aliquam|terror|adhaero|decet|repellendus|cavus|aptus|tum|rem|perferendis
templum|aestivus|2018-07-16 07:15:31|2025-08-07 02:55:24|abscido|caries|cognomen|denuo|2026-05-07 05:54:20|vulgus|dedico|damnatio|certe|color|xiphias|aestas|adulatio|aperte|volutabrum|uredo|curso|ratione|conatus|quam|censura|quibusdam|repellat|utilis|spiculum|acquiro|cognomen|amet|victoria|tenax|via|pecus|accusantium|cornu|copia|spes|vitiosus|ventosus|vitium|artificiose|aedificium|convoco|totus|vapulus|consectetur|ipsum|sustineo|arguo|allatus|ultio|ipsam
sed|capto|2017-07-06 17:11:00|2018-08-09 23:49:30|dapifer|attollo|quisquam|audio|2023-02-17 11:30:18|cauda|alter|vir|dolorem|speculum|spes|pax|teres|adversus|trepide|quod|tamisium|defendo|eaque|absconditus|sumo|amitto|admoneo|odio|clementia|suadeo|amplexus|apparatus|turba|terminatio|ater|deduco|cumque|aspicio|statua|voluptatum|crur|appositus|deporto|avaritia|volva|thymbra|creta|certe|virtus|crebro|terra|angustus|caecus|arma|atqui
canonicus|urbanus|2016-10-21 07:23:23|2019-12-08 16:42:16|tribuo|synagoga|terror|toties|2017-07-20 18:45:30|antea|surculus|ocer|sum|ut|ut|utilis|at|nisi|caput|cubitum|cattus|dapifer|curto|surculus|tactus|derelinquo|in|substantia|tutamen|corrigo|sui|eum|vorago|concido|theca|advenio|dicta|volaticus|utor|soleo|caste|ocer|cupressus|accusator|terror|antepono|tabula|civitas|caste|voluntarius|territo|aliquid|amo|sub|suggero
currus|decumbo|2018-12-23 04:39:26|2022-05-27 04:00:37|corrumpo|ustulo|recusandae|tenetur|2021-12-24 04:49:37|vorago|capto|quidem|altus|desidero|curvo|depraedor|thesaurus|caecus|tamisium|bibo|vorago|via|tertius|catena|vere|toties|approbo|arto|amplitudo|uredo|asperiores|ocer|contra|aranea|solutio|cum|utrum|exercitationem|capio|triduana|denuncio|vestigium|laborum|adopto|tepidus|sto|alter|custodia|bellum|astrum|debilito|arx|vir|beneficium|decens
solitudo|templum|2022-05-21 19:57:36|2023-03-27 05:41:56|alienus|eum|bellum|decens|2022-11-08 02:07:20|strues|vito|tandem|conor|absens|cubitum|deludo|supplanto|cras|contigo|ambulo|decerno|venustas|ipsa|suadeo|excepturi|curso|assumenda|magni|cinis|placeat|adduco|crebro|viriliter|bis|desipio|videlicet|eligendi|accedo|cotidie|cultura|censura|paens|summa|alioqui|delibero|aegrotatio|cubitum|ceno|saepe|auctus|ater|vinculum|crustulum|solitudo|certus
depereo|acceptus|2019-06-11 11:50:09|2024-10-05 15:51:44|caute|tremo|terminatio|nisi|2025-07-09 05:06:58|ducimus|conqueror|neque|angulus|vesco|derideo|thymum|calculus|confero|aeneus|facilis|ventosus|casus|tardus|tubineus|alii|collum|tolero|quo|vitiosus|brevis|cogo|demitto|id|concido|acies|earum|trans|canto|coaegresco|color|amita|coadunatio|reiciendis|cogito|solvo|comprehendo|ventosus|quia|deporto|charisma|uberrime|placeat|tibi|degenero|talio
corporis|succurro|2016-11-18 07:36:26|2019-04-07 04:46:19|aperio|baiulus|crepusculum|aequus|2019-05-27 08:25:24|demum|sint|universe|virtus|aro|subito|deorsum|conqueror|eos|thymum|adnuo|amitto|provident|nam|cupio|comburo|ubi|cras|vos|auctus|doloremque|et|audacia|cuius|vinco|usitas|aedificium|corona|caecus|vindico|correptius|auctus|voluptates|quo|subseco|sortitus|umerus|alius|amaritudo|vetus|umbra|vitium|derelinquo|stips|utique|cubitum
terga|ustulo|2017-11-11 17:55:47|2022-11-12 19:26:41|maiores|balbus|torrens|architecto|2026-08-22 19:40:42|sublime|spoliatio|tolero|appello|argumentum|caelestis|derideo|excepturi|condico|turba|delego|clementia|sophismata|strues|degero|adflicto|cupressus|tabernus|totus|unus|studio|approbo|comptus|totam|cultellus|exercitationem|tero|super|aetas|audentia|aequus|fugit|suus|desparatus|vobis|absum|accusantium|attero|vulariter|excepturi|cultura|barba|brevis|pecto|damnatio|laboriosam
annus|supplanto|2023-12-05 19:51:44|2017-11-29 03:20:34|solitudo|textus|somniculosus|conqueror|2017-02-11 04:33:01|atqui|uxor|curia|modi|angelus|unde|caveo|eaque|caries|aestus|occaecati|aurum|solvo|utrimque|cerno|administratio|catena|aer|talio|benevolentia|triumphus|tenus|comes|earum|conscendo|iure|pel|saepe|suscipio|veniam|amoveo|addo|crustulum|curto|magni|arceo|demum|aetas|carbo|beatus|expedita|cinis|umquam|umbra|vomito|casso
conitor|iste|2025-08-28 09:26:35|2019-08-28 13:50:28|color|textor|comprehendo|doloribus|2022-12-23 06:38:06|confugo|degenero|uterque|carbo|cubo|sed|provident|summisse|atqui|textus|vulgus|vel|speciosus|ipsam|depopulo|quisquam|torrens|surgo|deputo|abduco|decumbo|cernuus|uredo|thymbra|coniuratio|nemo|abutor|benigne|decimus|debeo|tristis|hic|cogito|deduco|sublime|claudeo|coniuratio|patria|aro|absconditus|aro|derideo|temperantia|sortitus|curiositas|comis
damno|agnitio|2023-08-27 11:33:57|2025-05-18 11:26:48|modi|spes|sursum|esse|2019-07-14 19:26:29|pax|curto|inventore|apostolus|laudantium|facilis|attonbitus|caritas|uberrime|cras|aperte|tyrannus|tenus|voluptates|traho|attero|nobis|cubicularis|occaecati|viriliter|civitas|creo|tabernus|cuius|utroque|quo|thermae|adamo|campana|dolore|tergo|stillicidium|libero|coniecto|demum|iure|tamdiu|solum|temporibus|exercitationem|cattus|centum|contego|spiculum|debitis|voluntarius
cavus|ait|2024-12-07 16:35:03|2024-06-04 05:40:58|ventus|cornu|similique|adaugeo|2019-09-27 22:35:07|amita|decerno|vacuus|quia|appello|cupiditas|tener|tricesimus|tendo|candidus|comitatus|articulus|terga|cognomen|ambulo|coma|quos|administratio|accedo|adeo|depono|annus|acies|ustulo|concedo|virgo|vulgus|vobis|demonstro|caelestis|ipsum|vulariter|auctus|subito|artificiose|cotidie|velit|terreo|antepono|delicate|aperiam|curiositas|tibi|thesaurus|caecus|thalassinus
consuasor|cohaero|2026-02-17 03:03:46|2021-04-25 02:51:09|viriliter|depromo|corona|cohors|2020-02-19 18:58:47|verecundia|alias|delinquo|vel|templum|apud|summa|circumvenio|cenaculum|convoco|cura|cubo|antiquus|coruscus|caelum|quo|depopulo|taedium|adulatio|usitas|territo|beneficium|quibusdam|vesco|trado|terebro|amplexus|cultura|veritatis|toties|pel|uredo|fugiat|auctor|adhuc|compono|ventus|virga|avarus|altus|viridis|talus|cunabula|ea|ubi|vinum
quas|carbo|2019-03-20 20:51:37|2025-05-21 05:37:48|uter|administratio|verecundia|depraedor|2020-12-13 12:10:50|delinquo|vulnero|amplexus|temptatio|sodalitas|mollitia|ago|arto|conservo|cohibeo|cultellus|cauda|vilitas|cernuus|decipio|aegre|tum|caste|ea|brevis|atrocitas|totidem|solutio|adduco|cumque|admitto|congregatio|urbanus|aiunt|valens|talis|dolorem|modi|surculus|cavus|aedificium|tempore|optio|adversus|totidem|amet|fuga|sed|at|vulnus|esse
censura|bestia|2017-01-06 22:08:04|2022-06-17 20:42:33|textus|communis|adeptio|tibi|2018-10-08 15:50:52|aestivus|conqueror|vitium|speculum|depono|considero|sub|super|patruus|dedecor|caste|vitium|argumentum|voluptatibus|confugo|amissio|verbum|arcesso|comptus|iure|thesis|cerno|solio|territo|subnecto|adversus|atque|fugit|totidem|amita|cilicium|sperno|ultio|vestrum|capto|convoco|adstringo|atqui|cupressus|cerno|assentator|denique|decet|sordeo|canto|cura
adulatio|vesper|2019-01-12 16:50:50|2018-07-30 23:33:02|vere|caveo|eos|demitto|2026-01-21 00:13:47|cervus|atavus|denuncio|sustineo|ipsam|abutor|torqueo|aranea|solus|supra|vomica|ea|autus|doloribus|stillicidium|adsuesco|abscido|vomica|verus|terreo|utor|apostolus|tertius|cunae|labore|hic|cado|antea|itaque|soleo|cornu|damno|sodalitas|celebrer|sortitus|taedium|crustulum|officiis|temperantia|corrigo|decretum|vitium|reiciendis|verumtamen|sperno|vereor
vomica|excepturi|2025-09-19 19:50:50|2025-10-25 12:38:27|artificiose|creo|universe|repellat|2026-06-10 17:58:20|cenaculum|aranea|commodo|cuppedia|aperio|corrupti|auctus|cogito|crinis|error|summisse|varietas|spiculum|subvenio|decretum|tabesco|quaerat|amitto|desolo|enim|cattus|abscido|auctor|uterque|solio|consequatur|thalassinus|cruentus|xiphias|consequatur|barba|antiquus|advenio|coruscus|adiuvo|suscipio|speciosus|desolo|video|carbo|ad|thymum|conicio|magnam|paens|aveho
ager|tolero|2022-12-13 02:32:05|2019-10-07 02:00:57|tenetur|tabula|asperiores|timor|2022-08-14 10:05:48|adfero|molestiae|curso|aegrus|sui|tempora|delectus|volaticus|ascit|dolorum|una|crastinus|ut|supplanto|subito|casus|beatus|arx|venio|tam|curso|surgo|correptius|despecto|nisi|vomer|ater|contego|admitto|deripio|aranea|caries|caste|inflammatio|trepide|id|caritas|umquam|architecto|deduco|subito|amissio|admiratio|tutis|tunc|turba
adamo|utor|2017-12-11 21:20:33|2021-05-15 20:07:15|conturbo|quas|cauda|decretum|2017-08-20 20:25:02|auxilium|valeo|verbum|terminatio|sum|consequatur|agnitio|casso|vulgivagus|virga|cotidie|canis|architecto|una|dolore|comptus|stabilis|porro|vaco|ex|id|praesentium|sui|stella|ademptio|venustas|aggero|cado|volo|animi|adimpleo|eveniet|bardus|angulus|sumptus|cum|cotidie|cetera|voluptates|color|baiulus|arbor|amet|adfero|textor|venia
ulciscor|temeritas|2018-08-21 12:22:53|2018-11-15 02:15:51|virga|velut|tempora|contego|2020-10-12 13:32:11|crustulum|caries|aduro|deleniti|fuga|conitor|speculum|desidero|adsidue|ultio|socius|cum|cunctatio|caute|umquam|valeo|valde|infit|vinum|tenax|corona|tempore|derelinquo|amor|amplitudo|sequi|ulterius|ars|textilis|taedium|usitas|adulatio|suggero|vox|alo|ulterius|cumque|defetiscor|depromo|coniecto|acies|claro|aspernatur|teres|clamo|attonbitus
aestas|comminor|2024-02-27 04:22:41|2018-02-16 03:46:48|concedo|supellex|avarus|valeo|2020-08-28 21:42:41|studio|corporis|conicio|angustus|alveus|capillus|artificiose|sub|chirographum|decipio|sordeo|templum|cauda|cubitum|basium|desino|modi|thymum|quia|nobis|varietas|ocer|ut|abeo|labore|thymbra|aetas|nam|contabesco|calamitas|coerceo|denuo|ulciscor|delectatio|viscus|copiose|terreo|quia|totus|depono|qui|comptus|derelinquo|demens|bellum|creta
censura|corporis|2017-10-21 03:51:33|2021-01-19 08:16:24|adulatio|altus|ciminatio|ustulo|2019-04-27 07:14:53|traho|similique|tremo|vomica|defaeco|totam|terreo|eveniet|auctor|creo|iure|repudiandae|tremo|cura|uterque|ubi|surculus|absconditus|turbo|ago|virga|tempus|aliqua|aufero|trans|certe|casus|subito|audax|despecto|statua|vix|corporis|complectus|ulterius|sophismata|adamo|vorago|defetiscor|vesica|ipsam|pauci|eius|quia|solio|deleo
coaegresco|ultra|2022-11-07 03:45:18|2020-02-05 22:30:48|attonbitus|benevolentia|crapula|acsi|2020-08-30 08:46:07|tolero|pectus|porro|calco|aliqua|acerbitas|contabesco|socius|conspergo|tener|civitas|vicissitudo|nobis|arma|usque|temporibus|cenaculum|aequitas|angelus|clamo|nisi|aliquam|universe|vir|decet|comedo|causa|advoco|sordeo|sponte|calcar|aut|ea|ultio|conservo|cupiditas|beneficium|dolor|caute|sublime|aestus|earum|valeo|asporto|recusandae|demum
tenax|debitis|2019-10-05 18:18:13|2018-04-26 13:58:27|benevolentia|adicio|a|ager|2026-02-05 23:39:41|cultura|aperiam|toties|cupiditas|vergo|ulciscor|alter|artificiose|defleo|defendo|defendo|sumptus|custodia|perferendis|chirographum|eum|contabesco|cito|adicio|ocer|asporto|cerno|ducimus|placeat|alioqui|solus|vix|caecus|solitudo|voluptas|vos|compono|cultura|annus|sordeo|minima|coniecto|clibanus|sequi|ademptio|creptio|voluptatem|theologus|tamisium|pectus|terreo
tristis|tubineus|2025-11-14 16:43:26|2022-06-27 00:00:17|templum|dedico|itaque|ipsa|2017-07-18 15:54:58|ut|volo|cubicularis|acsi|adsidue|absque|tracto|spes|compello|aegrotatio|vix|quod|audeo|amoveo|utrum|cruciamentum|thermae|vir|patria|utilis|turpis|clam|vel|voluptatum|subiungo|terra|tredecim|capio|vero|averto|quibusdam|sonitus|spectaculum|compono|accusamus|currus|apud|ventus|depromo|ceno|sit|spargo|vilitas|vicissitudo|xiphias|bestia
facilis|tracto|2018-05-22 22:36:29|2026-06-09 17:22:29|ratione|voluptatibus|atqui|damnatio|2020-08-03 19:57:20|sublime|facere|commodo|via|abundans|usitas|vitae|tolero|sub|xiphias|thermae|spoliatio|cursim|carus|celer|repudiandae|architecto|inflammatio|facilis|ab|consequuntur|peccatus|crur|creator|culpo|alias|cunae|auditor|vehemens|porro|urbanus|coadunatio|sapiente|utroque|tutamen|spargo|colligo|accommodo|coniuratio|valetudo|arma|cauda|conservo|quia|ulciscor|campana
spiritus|vis|2017-04-24 15:36:22|2020-01-12 08:28:55|audacia|antea|conitor|cedo|2017-05-31 15:48:59|armarium|apostolus|ceno|appono|circumvenio|cunctatio|vindico|suffoco|coma|coepi|explicabo|deduco|vestrum|sollicito|textor|arguo|cattus|ducimus|voluptas|cupiditate|caveo|clementia|voluptate|aequus|surgo|suscipit|cedo|optio|trucido|aeger|tempore|tabgo|tabernus|abeo|attero|laboriosam|cribro|consequatur|absens|armarium|tollo|tergum|carmen|amplitudo|apto|comparo
commodi|claro|2025-04-13 08:26:18|2023-01-07 07:33:49|appello|compono|speculum|deripio|2018-03-13 08:35:53|cunctatio|decipio|terror|accusantium|clibanus|adficio|comminor|veniam|defaeco|esse|vulnero|supellex|clementia|amplus|temporibus|abscido|cotidie|ago|ascit|deduco|demens|calamitas|artificiose|auctus|thesis|armarium|sufficio|curto|curriculum|stillicidium|vado|venustas|asporto|adaugeo|quibusdam|certus|umerus|tabesco|casus|provident|cunabula|succurro|volva|turpis|caries|sollers
deficio|celebrer|2020-08-25 11:38:31|2021-04-04 23:08:56|conspergo|cruciamentum|aggredior|unde|2025-05-20 08:49:40|vestrum|tui|quidem|sequi|amor|ustulo|charisma|clam|cometes|degenero|demum|nisi|blandior|custodia|aeger|adimpleo|causa|complectus|cerno|cruentus|altus|verus|explicabo|amaritudo|venio|addo|advenio|thalassinus|spes|artificiose|soleo|succurro|desino|tabgo|comprehendo|demens|claustrum|considero|succurro|textor|vespillo|apparatus|amplexus|censura|maiores|veniam
sperno|arguo|2017-07-27 08:14:39|2017-09-21 02:34:37|villa|annus|arguo|cervus|2025-08-01 15:27:06|surgo|facere|deserunt|armarium|crux|apostolus|utpote|substantia|utilis|cicuta|calamitas|sto|avarus|tenetur|atrox|officiis|sublime|velit|tondeo|curriculum|ultra|statim|denuo|veniam|unde|ipsum|cogo|vito|tamquam|facere|contigo|crepusculum|corroboro|necessitatibus|adfero|deleo|thema|labore|laudantium|cimentarius|alienus|turbo|patrocinor|temptatio|voluptates|tremo
repellendus|usus|2026-02-01 09:07:34|2019-01-05 13:49:10|tabernus|voveo|ante|concedo|2019-06-25 09:15:58|tepesco|tristis|vinum|carus|casso|creator|aspernatur|alienus|curiositas|crur|eius|claustrum|verecundia|patria|cultura|callide|depopulo|varius|aliquam|cum|amo|ventito|cultura|tabula|aperio|exercitationem|advenio|delego|animus|tremo|corrigo|ademptio|sint|patria|adflicto|carmen|certus|casus|damnatio|cena|ventosus|talis|tergiversatio|caput|cognomen|tabernus
vulgus|solutio|2017-05-14 22:01:56|2021-08-09 15:28:57|coerceo|tempus|iure|sufficio|2022-05-17 08:43:37|vicinus|cauda|labore|sollers|cito|voco|labore|complectus|tendo|averto|decimus|quae|thermae|decumbo|conatus|vox|sperno|timor|vulnero|combibo|quas|verecundia|accusantium|catena|tripudio|cubitum|tandem|abundans|dolores|sulum|abutor|asper|varietas|acquiro|libero|subvenio|conforto|tamquam|suggero|laborum|turba|spoliatio|appello|alias|tabula|ipsa
vado|crux|2025-05-19 11:36:03|2025-05-14 10:09:16|custodia|sed|tactus|curvo|2024-01-18 19:22:22|aliquid|atrocitas|fuga|tum|deludo|civis|candidus|accusamus|cinis|alienus|strues|saepe|ater|apostolus|adsidue|culpa|baiulus|aranea|cursim|curatio|deprecator|amitto|paens|tergum|peccatus|excepturi|textus|subito|tyrannus|blandior|sol|arcesso|thermae|molestias|substantia|depopulo|pauper|calamitas|vilicus|terminatio|summisse|neque|vinco|bis|expedita|comparo
ars|sursum|2026-08-17 20:35:29|2025-02-04 14:08:12|admiratio|voro|solutio|tersus|2024-01-24 14:32:22|desidero|copia|adeo|totus|cena|ut|volva|comedo|callide|vulnero|carcer|cupio|ocer|nostrum|subnecto|sumptus|natus|acquiro|natus|sopor|contra|trucido|subvenio|magnam|cimentarius|tricesimus|comptus|audacia|cunae|tumultus|aveho|corrigo|esse|viridis|ciminatio|versus|derelinquo|deficio|apparatus|vilis|umbra|armarium|acidus|commodo|cui|auxilium
calamitas|summa|2018-07-28 09:38:18|2019-09-28 14:43:04|pel|dignissimos|utpote|eum|2019-05-07 17:20:21|corpus|canis|tyrannus|cibus|arcesso|ambulo|angulus|concedo|suscipio|tui|vox|vulgaris|vinitor|cometes|aptus|sollicito|collum|terminatio|cado|ascit|ea|vociferor|arbustum|conventus|deporto|quaerat|compello|paens|concedo|strenuus|attonbitus|aspicio|caries|defetiscor|cibo|acer|torqueo|comedo|conturbo|cibus|turba|tripudio|adulatio|adamo|vivo|in
ascit|conatus|2024-01-15 16:19:55|2017-03-22 14:08:12|delinquo|comparo|undique|concedo|2024-02-08 17:47:57|cilicium|vicinus|antea|conqueror|bene|corroboro|conturbo|cognatus|quae|uter|apparatus|vobis|ipsum|sollers|aranea|demonstro|audax|absque|textor|bene|subiungo|eligendi|illum|peccatus|desparatus|spiritus|minus|beneficium|accedo|absconditus|adsidue|amoveo|itaque|possimus|curiositas|aqua|sui|asper|adulatio|baiulus|nostrum|curto|carcer|tendo|tondeo|cubo
demulceo|concedo|2024-03-26 14:57:52|2024-03-07 04:14:15|tenus|perferendis|ustulo|audax|2022-08-12 17:00:26|amitto|valeo|decumbo|velit|concido|accedo|officiis|cresco|caelum|acer|delinquo|vero|cura|coniuratio|teres|currus|utrum|tempore|debeo|concido|usque|perspiciatis|centum|tabernus|comes|vesper|varius|curia|desino|cohors|creber|sum|apparatus|toties|bene|magni|vivo|communis|uterque|trado|absque|adamo|cicuta|solitudo|earum|cervus
patruus|totus|2017-12-25 03:34:19|2020-04-28 23:32:47|cariosus|angulus|attonbitus|certe|2020-04-02 19:37:40|aegrus|aperte|nemo|ultio|minima|expedita|demens|comburo|angelus|demo|arceo|collum|explicabo|thymbra|amo|occaecati|antiquus|peccatus|arcus|cariosus|tui|officiis|vos|cupiditas|deserunt|placeat|vis|tolero|comparo|votum|adimpleo|sub|arcesso|casso|tabernus|toties|censura|occaecati|ait|adicio|ciminatio|adhaero|suscipit|aqua|sopor|vociferor
demonstro|vaco|2026-03-26 05:01:11|2016-11-26 09:15:40|damno|thesis|cur|velum|2020-02-10 08:43:21|creber|sub|pel|collum|quae|cunctatio|suadeo|nobis|acerbitas|cura|auctor|centum|cohibeo|conspergo|deorsum|patruus|comis|damno|distinctio|laborum|aro|canis|succurro|doloribus|atavus|commemoro|ambitus|vis|curis|nesciunt|dedico|canto|valeo|demitto|vulgaris|adduco|talis|adsuesco|aegrus|valens|tactus|vomica|ascit|adstringo|depromo|anser
compono|denuo|2025-09-29 22:34:54|2025-03-27 09:02:36|cupiditate|baiulus|adulatio|votum|2024-10-28 20:15:37|caput|suppellex|atrocitas|apto|pel|curis|aperte|certe|harum|quidem|denuncio|solvo|terror|basium|turpis|cilicium|dolorem|conspergo|possimus|ulterius|victoria|est|utilis|depereo|brevis|laudantium|abscido|venia|caste|tenax|sum|carmen|animi|labore|patior|cerno|sol|corrupti|cetera|creber|textilis|tam|defaeco|vicinus|vesica|dicta
temptatio|debilito|2018-08-21 05:13:56|2018-02-16 16:28:13|cubitum|paulatim|virtus|totus|2021-10-14 17:55:36|surgo|sto|cotidie|corroboro|vobis|sono|cena|tempore|cupressus|altus|sit|admoneo|sublime|ademptio|trado|admitto|accommodo|alo|tyrannus|patria|adversus|adipisci|ipsum|coaegresco|pel|vacuus|trado|auctus|nostrum|creo|absens|ara|audio|quisquam|quasi|taedium|ventito|aegrotatio|adflicto|conservo|quos|tabernus|dens|barba|ea|cresco
verus|aufero|2026-01-23 04:11:01|2020-09-16 17:05:34|acceptus|acervus|consequuntur|thesis|2022-04-10 20:53:52|studio|speciosus|vorax|ascisco|tamisium|ceno|contigo|solio|claro|veniam|votum|esse|callide|tutamen|amor|comitatus|aestivus|atrox|desolo|acervus|accusator|abutor|demoror|apostolus|cauda|viriliter|amoveo|possimus|nulla|aegre|defluo|spoliatio|conqueror|amiculum|crebro|unde|aequitas|angulus|acceptus|demens|sit|dolorem|viridis|sublime|basium|temeritas
aeternus|tamdiu|2026-06-01 07:51:35|2024-10-21 14:02:12|textor|tertius|stella|alius|2020-04-02 22:44:05|atrox|cerno|ambitus|creta|quisquam|careo|tolero|cohaero|rem|stabilis|depereo|adipiscor|quaerat|tempora|thermae|magni|abstergo|absum|uxor|demergo|cupiditate|utrimque|cresco|amplexus|defaeco|turbo|tumultus|aequus|dedecor|tristis|audeo|teres|atrox|tardus|comitatus|bestia|consuasor|exercitationem|delibero|suggero|avaritia|deprimo|umerus|demergo|depromo|colo
absum|adaugeo|2021-02-10 08:28:04|2022-01-14 15:50:17|demens|audacia|ciminatio|asperiores|2020-02-02 15:42:43|capto|tempora|adsidue|utique|adinventitias|cerno|cupressus|turba|patior|acceptus|demens|videlicet|curo|virgo|dolorem|celo|sufficio|terror|tres|varietas|strues|amiculum|creta|tenuis|una|suscipio|error|sol|tabgo|admoveo|aliquid|vis|uterque|sum|atavus|cernuus|patria|quos|acerbitas|strenuus|tempore|clibanus|atque|verto|caute|triduana
uredo|voluptatum|2025-04-28 07:03:42|2020-04-06 10:17:54|contra|at|titulus|clarus|2016-12-18 03:28:22|casso|acquiro|pauper|cubicularis|accommodo|clibanus|vallum|amplus|terreo|degusto|advoco|cubicularis|accusator|suffoco|debeo|carpo|astrum|aestas|cruentus|conitor|aufero|compono|crux|paens|aegrus|exercitationem|sperno|veritas|taedium|carbo|tollo|alius|sperno|arbor|depereo|decens|suffragium|umerus|compono|caritas|talio|harum|vorago|tamdiu|aggero|suggero
videlicet|tepesco|2018-11-06 13:49:27|2017-10-19 06:40:03|voluptas|omnis|bos|suggero|2023-02-22 05:03:18|necessitatibus|adficio|aperte|a|claudeo|beatae|quae|curatio|astrum|conscendo|ait|tertius|adhuc|verumtamen|ater|strues|caute|rerum|comminor|sint|amita|combibo|pariatur|aspernatur|aliqua|adfero|nobis|ullam|caterva|carbo|ulterius|vesco|virtus|degenero|autus|creator|totus|denuncio|ulciscor|derelinquo|expedita|sopor|ubi|ascisco|ascisco|vulgus
quas|voluptate|2022-01-13 15:37:07|2018-06-05 22:44:48|textor|valens|amissio|comitatus|2023-04-21 07:24:04|aufero|subito|deficio|virgo|vinco|coepi|vilicus|sustineo|sint|ars|nobis|taedium|campana|turpis|rem|temporibus|compello|nemo|corroboro|expedita|curriculum|maxime|degenero|aperio|virgo|vomito|molestiae|cibo|adfero|cibus|virga|texo|dolorum|tricesimus|verus|talus|commodi|rerum|acer|cogo|magnam|adamo|admoneo|vigilo|catena|at
benevolentia|cito|2024-07-13 14:38:40|2022-02-21 15:06:10|totidem|agnitio|speciosus|amor|2017-08-02 20:31:10|solio|minus|amicitia|adulatio|adfectus|nam|victus|colo|sursum|victus|benevolentia|aestus|turba|curatio|clam|aspicio|consuasor|cilicium|nesciunt|vulgus|conspergo|territo|clibanus|vacuus|tamen|cunabula|acerbitas|tardus|depono|solio|usus|possimus|dolor|aveho|velum|tibi|molestias|earum|cilicium|vorax|averto|caecus|alienus|substantia|atqui|quasi
curso|talio|2024-01-11 00:18:53|2025-08-06 00:49:09|viscus|amoveo|adinventitias|strues|2025-02-14 01:07:48|anser|truculenter|subseco|turbo|demulceo|celer|ager|solus|dicta|dedico|aedificium|circumvenio|defungo|venustas|suffragium|tenax|perferendis|summopere|apostolus|demonstro|correptius|utrum|deinde|argumentum|stipes|quidem|vicinus|tremo|supra|cuius|territo|arceo|crebro|considero|soleo|conor|necessitatibus|pecto|convoco|clam|modi|atrox|dicta|possimus|tracto|ad
vere|veritas|2018-03-18 19:09:12|2016-09-23 17:34:32|accendo|aurum|traho|pauci|2023-12-26 19:35:27|terra|acies|aegrus|ver|tergum|adipisci|demo|tenetur|apto|agnosco|voluptates|quisquam|tabernus|calco|amplitudo|vetus|suffoco|vorago|aegrotatio|velociter|clarus|animus|timidus|conduco|terra|eaque|succedo|placeat|vado|cupio|vinitor|video|amissio|umquam|usus|creptio|coadunatio|ad|arguo|capto|adeo|magni|assumenda|arma|abscido|sui
deputo|vinco|2019-09-30 14:34:19|2025-03-15 13:30:42|velum|repudiandae|verecundia|ipsa|2026-09-05 07:49:52|supra|versus|carbo|caterva|thesaurus|vociferor|crur|argumentum|sollers|ustilo|aspicio|cavus|peior|uter|eum|ager|tricesimus|temptatio|solvo|somnus|spes|absorbeo|tumultus|vulgus|comptus|adeo|cohibeo|tepesco|defetiscor|terreo|copiose|cognomen|arguo|ubi|subvenio|cognomen|cribro|denique|eaque|caute|speciosus|neque|crapula|teneo|antepono|bis
sufficio|viscus|2018-08-28 06:09:41|2022-08-25 07:13:06|carmen|voluntarius|perferendis|deficio|2021-07-17 08:42:27|absorbeo|aspernatur|amplus|vitiosus|defero|verbera|verecundia|solum|vestrum|catena|culpo|via|antiquus|apud|quo|tondeo|in|cotidie|aspernatur|vulnus|verbum|carmen|volva|victus|summisse|vesica|supra|crepusculum|veritas|bellicus|sufficio|cunabula|vespillo|bibo|corona|vergo|conqueror|animus|balbus|cultellus|decens|terra|aperte|laboriosam|angustus|vobis
damnatio|armarium|2016-09-23 16:01:19|2020-01-30 10:57:58|arcesso|numquam|ancilla|amita|2023-05-06 05:30:58|vergo|degero|curis|solvo|amplus|est|cruciamentum|carbo|stillicidium|apostolus|usitas|tribuo|talus|ulterius|agnosco|vesper|theca|varius|tersus|officiis|bellum|deputo|deripio|chirographum|comburo|vesica|crepusculum|utroque|acceptus|vigor|absum|audentia|adaugeo|spero|amplitudo|minima|aut|vester|iure|culpa|vinitor|altus|commodi|vitae|ad|tergum
utor|nisi|2025-02-20 00:58:12|2026-02-24 22:06:51|astrum|capillus|verbera|volaticus|2025-01-02 03:22:43|absorbeo|studio|ocer|decet|talis|baiulus|thorax|sumo|custodia|solvo|aperte|celebrer|aggredior|aranea|talus|tutamen|cicuta|capio|artificiose|explicabo|bis|vicinus|stillicidium|valetudo|ultio|thema|rem|caelum|ullam|aestas|alius|molestiae|asporto|uberrime|charisma|cibus|umbra|thymum|deprimo|demens|pecus|adulescens|caelestis|solitudo|accusantium|depraedor
cimentarius|sponte|2021-12-02 20:22:14|2025-02-16 13:37:51|adinventitias|similique|vel|villa|2020-11-10 01:59:32|aggredior|victus|certus|cras|quas|corporis|bis|volo|ambitus|spiritus|tui|tres|bos|vereor|nemo|audax|adhaero|abduco|denego|volutabrum|tremo|congregatio|quisquam|conor|casus|ulterius|doloribus|adicio|aestivus|crustulum|conor|sollers|illum|canonicus|quae|aer|deprecator|ea|eos|commodi|arma|amet|commodi|cupio|ocer|capio
odit|tibi|2016-12-13 13:16:22|2017-10-09 10:57:09|defungo|cinis|allatus|stella|2020-11-30 06:27:02|repudiandae|spiculum|accusantium|alioqui|supplanto|vox|turbo|cultura|ipsa|sapiente|aeger|ventus|maxime|eligendi|utilis|taedium|auctus|delibero|vinum|aperte|demum|complectus|minus|depulso|amet|accusamus|casus|tricesimus|eum|abundans|sub|acerbitas|audacia|supplanto|amicitia|aequitas|absorbeo|xiphias|cornu|appositus|earum|odit|temperantia|sollicito|tracto|similique
aurum|caritas|2019-05-25 08:41:45|2026-06-12 17:09:12|complectus|nesciunt|error|ademptio|2026-07-25 00:30:46|coniecto|tripudio|rerum|uredo|laboriosam|demum|trepide|tabesco|ciminatio|blanditiis|viduo|error|ipsa|auxilium|conduco|voluptates|earum|tero|amoveo|accendo|deludo|calamitas|adicio|dolorum|demo|volaticus|clementia|rem|antepono|tracto|aro|stabilis|nostrum|tenax|aequitas|tempora|conscendo|carpo|curriculum|crustulum|vilitas|omnis|aestivus|curto|pax|demum
damno|vesper|2021-03-14 01:51:43|2017-09-04 07:17:53|baiulus|vulnero|crur|cicuta|2017-08-28 10:27:56|defendo|catena|cetera|aro|corpus|carbo|totus|accusantium|complectus|attollo|turpis|capto|clam|debilito|cauda|sordeo|repellendus|usus|universe|eligendi|admoveo|magnam|terminatio|cura|angulus|uter|auditor|tristis|alii|corpus|tonsor|aptus|sollers|condico|coniuratio|delectatio|confugo|admoveo|thesaurus|dolor|sponte|amor|thema|summa|suggero|audio
fugit|uter|2020-01-09 23:18:23|2025-06-05 05:13:01|adfero|speculum|vir|voluntarius|2021-09-11 21:45:50|arca|commodo|surgo|a|cupiditate|arbitro|vae|aer|adflicto|auctor|adamo|colo|tumultus|supellex|credo|corrupti|sequi|cetera|cognomen|tutis|itaque|ventosus|vivo|vox|hic|comparo|canto|autem|conturbo|delego|comptus|stillicidium|defungo|velit|tyrannus|baiulus|vacuus|accendo|civis|aqua|victoria|cena|comminor|supra|vilitas|canis
tolero|ea|2024-06-25 20:45:47|2022-11-29 19:09:17|et|sperno|timidus|carbo|2017-03-03 22:18:55|quasi|libero|denique|admiratio|coniuratio|deserunt|correptius|vehemens|cogito|sufficio|cogo|admoneo|ascit|tabula|vigor|tres|arcesso|quibusdam|barba|vulpes|vere|accedo|cibo|terga|comprehendo|audacia|tutis|timor|amicitia|cito|cras|architecto|paulatim|taceo|considero|angustus|ademptio|curto|sursum|utrimque|approbo|cado|repudiandae|velut|veritatis|correptius
eum|maxime|2018-01-02 07:21:56|2025-07-29 21:53:52|accusamus|vero|utroque|tergum|2017-10-17 08:27:17|theologus|acsi|vulariter|tripudio|copia|facere|eaque|audax|sum|utroque|dolores|artificiose|temptatio|clarus|esse|desparatus|uterque|collum|adhuc|fugiat|comis|tenetur|deleniti|totam|alter|candidus|acer|avaritia|bos|ars|conatus|virga|pax|villa|tepidus|vapulus|repudiandae|repellat|occaecati|nam|curtus|vociferor|desino|acies|theca|corrumpo
minima|tactus|2017-08-17 16:22:36|2021-12-27 04:26:00|cauda|una|illo|volaticus|2021-02-14 08:27:31|capillus|absens|aestas|creta|cunctatio|sublime|adnuo|textilis|volva|adipisci|soluta|dolor|cado|suscipit|commemoro|somnus|acceptus|defungo|tres|ad|defendo|vilis|despecto|absconditus|alioqui|tres|viduo|suppono|arca|arma|quam|vulgaris|tero|vicissitudo|fugit|vomito|velit|terror|quibusdam|arma|adfero|aro|aggero|iusto|eum|optio
statim|culpo|2016-10-24 02:36:51|2016-11-19 22:03:14|confero|tantillus|distinctio|desolo|2021-10-15 09:49:34|coepi|tot|laudantium|inventore|usque|surculus|summopere|esse|summisse|aestas|administratio|adfero|vilis|amita|curvo|vel|degenero|dolores|vestrum|vir|carpo|tristis|sit|supplanto|quaerat|verumtamen|sponte|tibi|amitto|arcesso|dapifer|deleo|amicitia|demoror|vito|ante|atqui|ancilla|verecundia|crinis|subvenio|comminor|amoveo|vitae|circumvenio|baiulus
tepesco|tamen|2025-09-25 02:40:35|2018-10-16 11:45:32|tollo|validus|coniuratio|uredo|2018-06-23 15:48:51|soleo|clam|corporis|attonbitus|eligendi|solvo|similique|asperiores|veritas|cras|administratio|appositus|curatio|aestas|cattus|quos|nemo|auxilium|summopere|magni|tristis|acsi|alias|aurum|comedo|basium|conventus|comparo|civitas|expedita|clementia|taedium|sed|voluptates|articulus|ager|agnosco|rem|comparo|absorbeo|admoneo|absum|concedo|coadunatio|optio|cervus
minima|crur|2021-08-08 06:00:06|2022-08-09 09:56:50|voluntarius|pauper|natus|aeger|2020-03-07 06:56:20|altus|avarus|creo|alius|officiis|agnitio|compello|theatrum|cohaero|labore|acies|suffoco|bellicus|curso|apto|cursim|ultra|cruentus|substantia|possimus|apostolus|antepono|cultellus|admoveo|tabella|coerceo|demulceo|bestia|ut|venio|desipio|bonus|iure|aestas|voro|vetus|theca|eum|stabilis|cometes|inflammatio|advenio|derelinquo|surculus|ultra|aiunt
vel|demoror|2023-06-15 21:38:37|2017-02-02 06:52:08|barba|inflammatio|subito|vox|2025-09-02 04:10:39|veritatis|derideo|cupio|theologus|claro|decerno|confido|bene|pecus|tracto|audax|volup|ipsum|victoria|desino|beneficium|arca|consequuntur|velit|succurro|vesica|tertius|arbitro|confido|catena|molestiae|admiratio|dens|conicio|ut|ciminatio|coaegresco|anser|strues|sum|apostolus|cervus|coadunatio|cunabula|compello|templum|tenus|minus|cornu|talio|subseco
id|tego|2024-10-12 08:46:14|2022-01-30 17:36:49|alii|ciminatio|spectaculum|vehemens|2019-08-25 01:23:09|curvo|collum|temporibus|chirographum|coniecto|supellex|subito|quibusdam|accommodo|apto|vinculum|summisse|tribuo|tonsor|supplanto|terreo|valeo|vulpes|avaritia|veritas|aperte|amplexus|unde|acsi|carus|adeptio|denuo|vitiosus|thalassinus|addo|civis|voluptate|cum|exercitationem|antiquus|sequi|conspergo|tergum|adiuvo|pecus|assentator|ducimus|adulescens|adiuvo|earum|casso
textus|tenus|2022-11-06 05:47:00|2019-01-01 10:59:51|ipsa|basium|theca|basium|2019-02-22 02:59:53|averto|saepe|brevis|tam|titulus|corporis|civis|cohibeo|sursum|demulceo|convoco|infit|reiciendis|videlicet|cinis|aedificium|ustilo|animi|decimus|cupio|defleo|voluptates|vito|sustineo|arto|amiculum|antea|ater|clarus|dicta|aspicio|temperantia|absorbeo|ante|cetera|vestrum|adversus|ipsum|utrimque|magnam|contego|distinctio|laboriosam|vinum|damnatio|terra
tempus|optio|2023-06-05 19:00:15|2024-08-04 00:15:20|coniuratio|capio|tabgo|ars|2026-07-19 01:10:04|tantum|uberrime|quasi|eligendi|terror|xiphias|vesco|appositus|crepusculum|uxor|antiquus|tepesco|architecto|fugiat|sub|bene|aequitas|strues|solvo|assentator|quibusdam|volo|solum|cohibeo|victoria|defungo|exercitationem|aeternus|curatio|arceo|ventito|artificiose|adamo|quibusdam|debeo|saepe|dedecor|ait|assumenda|absque|tunc|exercitationem|commemoro|agnosco|hic|officiis
tripudio|advenio|2020-12-01 13:36:47|2017-09-18 08:03:06|aspicio|deporto|delectatio|careo|2018-06-29 14:49:55|circumvenio|ager|tribuo|accusamus|peior|thermae|cimentarius|claro|adhaero|quibusdam|tametsi|via|somnus|degenero|cauda|minima|uter|ambitus|sopor|capillus|versus|territo|tempora|beatae|cernuus|arcus|conqueror|sui|vetus|tamquam|tredecim|basium|canis|tabula|acsi|ater|vestigium|torqueo|quam|volva|demergo|quis|recusandae|optio|stips|sol
commodi|tricesimus|2022-11-29 06:10:51|2021-04-29 01:46:20|corpus|praesentium|claudeo|una|2022-01-12 08:21:02|antepono|tricesimus|decretum|adsum|acies|defungo|autem|defetiscor|animi|abundans|sponte|truculenter|vorax|spargo|odit|aegrus|assumenda|defero|quaerat|civis|adaugeo|carcer|statua|vulnus|saepe|non|bellicus|vester|unus|esse|benevolentia|veniam|communis|una|eveniet|turba|repellendus|utilis|creber|confero|deduco|timidus|voco|maxime|undique|cursim
vetus|aurum|2019-01-01 00:00:15|2021-03-19 16:22:16|spes|adimpleo|vitae|admoneo|2021-12-13 01:19:45|adicio|suffragium|blandior|arca|balbus|aedificium|autus|omnis|ars|tempus|commodi|cibo|viduo|tergeo|depulso|decor|comitatus|supra|atavus|aequus|ceno|suspendo|patrocinor|asporto|bardus|cedo|voluptate|tutis|aliquam|apud|aliquid|spes|absum|patrocinor|amaritudo|suadeo|velut|atrocitas|sit|amo|communis|demens|confero|combibo|villa|vitium
calco|adfero|2018-09-23 00:22:50|2020-02-15 07:17:32|nisi|vacuus|ago|caelestis|2026-05-03 01:37:35|verbera|amet|voveo|defaeco|coniecto|inflammatio|vereor|coniuratio|cilicium|earum|decipio|defetiscor|amiculum|curtus|vereor|taedium|dignissimos|thalassinus|civitas|tremo|demum|currus|sequi|custodia|ducimus|adduco|vado|demoror|suus|averto|cibus|consequatur|tremo|spiritus|quo|calcar|curtus|catena|corpus|videlicet|tamquam|alter|umbra|pectus|dedico|vero
cum|teres|2025-08-07 04:36:59|2025-05-31 06:47:07|caelum|pariatur|maiores|decumbo|2020-08-02 13:09:28|carmen|suggero|aeger|peccatus|commodi|magnam|vacuus|aiunt|deorsum|coaegresco|traho|casus|vulnero|benigne|illum|usus|demitto|expedita|velit|vinculum|supra|summa|textus|bellicus|sponte|tam|agnosco|decimus|natus|uberrime|facilis|utique|recusandae|basium|nulla|tubineus|adeptio|triduana|adipisci|error|deleniti|aeger|tui|admiratio|terror|suscipit
suggero|tyrannus|2021-01-05 11:04:26|2020-01-30 06:25:23|ancilla|ademptio|ulterius|esse|2021-11-29 21:54:19|crustulum|vilicus|accedo|volubilis|adeptio|suscipio|cohaero|suffragium|animi|cunctatio|aptus|calculus|cubo|voco|in|auctor|valde|apparatus|adimpleo|derelinquo|toties|ver|carbo|votum|vulnero|autem|aperio|tenetur|sum|trans|tenax|speciosus|utrimque|aperio|sublime|calcar|adsum|basium|vulnus|ea|tersus|cribro|vehemens|aureus|paulatim|tenetur
corpus|tamisium|2021-12-25 13:44:33|2018-01-23 09:25:47|urbanus|tamquam|iste|neque|2018-02-21 08:37:38|surculus|aranea|statim|dolorum|doloremque|dedico|theologus|rerum|depulso|bestia|vinco|tripudio|auditor|vilicus|arbitro|vomito|aegrus|patruus|conduco|dolorum|attonbitus|coruscus|adnuo|facilis|crapula|caelum|aegrus|tyrannus|vestigium|consectetur|statim|stella|admoveo|depono|torrens|aspicio|admoneo|umerus|callide|tenus|adfero|brevis|vero|laboriosam|aequus|textilis
iste|vetus|2025-02-25 12:55:50|2025-06-29 10:42:00|caute|defero|tollo|acidus|2024-07-23 18:38:34|catena|animus|crebro|thermae|vilitas|alveus|arx|optio|arcus|derelinquo|tutamen|spero|conforto|cervus|aequus|cunctatio|trucido|tumultus|clam|stillicidium|victoria|armarium|nostrum|delibero|vado|doloribus|totidem|demens|cur|commemoro|vigor|textilis|caste|vesica|aggredior|vomica|quidem|deporto|tepidus|ademptio|beatus|nisi|urbs|ipsa|quod|tubineus
bis|abbas|2021-08-08 02:09:58|2018-09-19 16:05:59|talio|absque|consuasor|arma|2024-12-03 19:43:47|suadeo|concedo|voluptate|tubineus|vero|calculus|solvo|voluptate|pectus|pariatur|curia|baiulus|claro|subnecto|audeo|abundans|curis|curatio|ipsam|arceo|vero|antea|demulceo|tres|texo|quos|ante|ulciscor|tui|colligo|suffragium|audio|demens|coma|atqui|ait|adeo|suppellex|sui|veniam|toties|bardus|arbitro|tenuis|deficio|celebrer
tactus|architecto|2024-11-23 20:26:02|2025-01-09 14:01:56|exercitationem|volutabrum|avaritia|cariosus|2016-12-10 04:58:40|consuasor|veritatis|qui|collum|succedo|arcesso|corpus|molestias|tabernus|thesis|debilito|tremo|bellicus|venio|arbustum|amplus|chirographum|tempore|absconditus|summa|tertius|molestias|tyrannus|quod|mollitia|vigilo|bestia|totam|subito|infit|sub|aliquam|degenero|veritas|tantillus|demitto|circumvenio|urbanus|aggero|suadeo|conforto|creator|ceno|claustrum|a|temporibus
currus|aptus|2025-08-16 18:43:52|2018-09-21 21:13:32|sumptus|curso|vae|torrens|2018-04-05 14:49:25|vulnero|tamdiu|tollo|cena|comminor|angustus|cometes|aedificium|sulum|accusantium|communis|totidem|turba|video|dolores|cras|sequi|vulariter|adhaero|deorsum|aureus|vita|aureus|quam|arma|verbum|cohaero|sufficio|cernuus|textus|demitto|aperiam|sursum|cruentus|adulescens|aeger|vigilo|tempore|ipsum|sopor|succedo|validus|assumenda|communis|depromo|suffoco
attero|appono|2022-02-07 06:05:48|2024-07-31 22:21:13|cunabula|vereor|solitudo|aliquid|2020-08-04 18:20:08|illo|adiuvo|repudiandae|sponte|ratione|correptius|speculum|inflammatio|confero|quam|assumenda|cogo|aestas|valde|valetudo|deripio|decretum|tenax|usitas|vilitas|denique|casus|bestia|ex|allatus|cunctatio|utroque|administratio|crudelis|absens|sonitus|fugit|ambulo|viduo|defetiscor|facere|reiciendis|paulatim|verus|quisquam|una|arceo|aeneus|distinctio|talus|dolore
auctor|sopor|2021-10-22 18:21:03|2018-12-30 04:30:23|necessitatibus|teneo|denego|coniuratio|2018-10-03 06:31:01|sortitus|numquam|argentum|provident|curis|nulla|coaegresco|vulnero|arcesso|amet|suscipit|velut|doloremque|adaugeo|sum|bellicus|verto|iure|comis|custodia|adicio|temptatio|verus|torrens|aliquam|decumbo|vulticulus|animadverto|tolero|bene|testimonium|a|corroboro|tricesimus|concedo|deprimo|crepusculum|apostolus|timor|celer|apud|depereo|via|articulus|advenio|cresco
veritatis|unde|2017-10-12 03:31:16|2017-11-04 01:15:37|dolores|surgo|sufficio|libero|2017-10-21 17:30:28|defungo|copia|angelus|vetus|sortitus|attero|adsidue|sursum|tutamen|capio|auxilium|ascit|aspernatur|solus|vomer|architecto|cur|conduco|theca|delectus|deleniti|utpote|voluntarius|conduco|nam|trans|bibo|peccatus|crepusculum|tenetur|avarus|voluptatum|universe|ducimus|cribro|repudiandae|valeo|adfectus|demitto|defungo|armarium|aliqua|angelus|arbitro|vitae|tabella
appello|caput|2019-04-04 18:01:09|2017-12-17 02:30:04|vomica|capillus|pecco|vinculum|2024-06-24 20:41:44|demergo|tot|dignissimos|summa|saepe|eum|cui|termes|conservo|ascisco|nesciunt|caelestis|vicissitudo|cibus|celo|mollitia|virgo|vita|adipiscor|civis|iure|tondeo|ventosus|cresco|correptius|contigo|officiis|auditor|accedo|avarus|desparatus|vehemens|debilito|defetiscor|repellendus|temeritas|tantillus|villa|talis|arguo|deputo|ventus|cum|canis|venio|dapifer
arma|aveho|2018-10-19 14:46:54|2022-08-09 04:16:34|terra|cura|ascit|tero|2025-07-21 08:13:40|animadverto|abundans|volup|aperte|amet|casus|valde|demum|vinco|adeptio|maiores|sustineo|tendo|rem|desparatus|strenuus|vos|solum|angelus|cruciamentum|barba|somnus|cinis|aedificium|acerbitas|accusantium|aggredior|taceo|cura|arca|curriculum|vesper|acerbitas|demergo|vinum|aperio|conduco|apparatus|cupressus|ratione|subvenio|comedo|vobis|cubo|utpote|cunabula
terebro|suscipit|2018-10-01 01:53:20|2024-09-13 21:48:22|dolorem|vigor|vehemens|cometes|2019-09-13 21:28:43|una|agnitio|harum|maxime|canis|depereo|illum|summa|dolores|bos|cometes|officia|sulum|inventore|strues|creber|acceptus|tubineus|cariosus|corona|sustineo|sollicito|strenuus|deripio|arbustum|suppono|cultellus|amo|ipsum|vester|succedo|cimentarius|calamitas|defero|utrimque|assumenda|suggero|doloribus|laborum|absens|audentia|cognatus|patrocinor|cognomen|decipio|deludo
voluptates|adipisci|2017-10-24 15:40:18|2018-06-19 20:25:31|cernuus|spoliatio|tremo|utique|2018-10-21 09:40:08|desipio|totam|umerus|arca|vulnus|deserunt|sed|atrox|veritas|odio|voluptatem|earum|alii|uterque|aufero|adversus|statua|argumentum|contego|spiculum|cruciamentum|vinum|thorax|valeo|statua|aufero|peccatus|uredo|delego|adsidue|autem|ultra|ab|carcer|vapulus|esse|subiungo|caelum|subito|capto|cohaero|amet|vobis|provident|combibo|textor
crur|acies|2018-07-08 08:26:29|2020-02-03 18:03:14|terga|tamisium|ciminatio|vox|2016-12-31 19:15:08|tristis|totidem|abscido|defendo|unus|surgo|amita|attero|subito|adstringo|vesper|suppono|spectaculum|creo|ait|validus|cena|deficio|contra|verbera|sit|celo|accommodo|calamitas|conitor|accusator|dolorem|audax|arbustum|carmen|absque|vulgivagus|cuppedia|ut|crebro|combibo|verto|cubitum|non|denique|necessitatibus|odio|voluptate|caelestis|decerno|creber
vulgaris|unde|2018-10-09 20:04:46|2025-08-23 11:39:57|soleo|stipes|adfectus|abeo|2019-08-06 03:28:52|deficio|cauda|strenuus|odit|cattus|esse|deripio|arbustum|absens|audentia|succurro|claudeo|delectatio|labore|ulciscor|aperiam|synagoga|commodi|umbra|neque|currus|repellendus|victoria|colligo|sursum|nisi|teneo|victoria|ipsum|iusto|teneo|dedecor|vomica|baiulus|vulticulus|voluntarius|occaecati|degusto|convoco|unus|facere|ars|aurum|cilicium|demum|cunae
labore|ter|2016-09-29 22:07:37|2022-11-14 13:46:54|cum|sufficio|patrocinor|comis|2020-02-14 22:21:47|tot|amissio|supellex|autem|tum|vulgaris|volva|error|arma|claudeo|infit|autem|tabernus|bellum|clibanus|deorsum|cogo|veniam|tepesco|ara|speciosus|suggero|abbas|blandior|cenaculum|corrigo|constans|molestiae|itaque|adduco|ullam|supellex|casso|titulus|minus|culpa|sono|crastinus|vicissitudo|videlicet|sunt|aiunt|inventore|claro|placeat|clementia
eveniet|color|2026-07-31 01:38:27|2018-04-15 20:36:30|varius|tenax|aureus|speciosus|2018-12-17 23:39:44|aliquid|utor|pariatur|condico|claro|perferendis|vesper|vacuus|dolores|voluptatum|provident|praesentium|somnus|subiungo|quasi|defetiscor|adfero|corroboro|atavus|consequuntur|comprehendo|cohibeo|candidus|advoco|caput|varietas|adulescens|deprimo|comburo|textor|circumvenio|censura|deduco|absens|suspendo|harum|agnosco|celer|corona|vomica|assentator|uterque|fugit|doloribus|placeat|amplus
charisma|cernuus|2025-06-19 06:30:27|2025-12-14 14:00:57|complectus|volubilis|crastinus|summa|2024-01-13 21:29:03|dolorem|vestrum|thema|conatus|tempora|arto|spiculum|cerno|aperiam|talio|vigor|patior|libero|volo|vivo|molestiae|surgo|thema|at|consectetur|thema|acsi|curia|urbanus|vomica|attollo|vitium|atqui|terebro|saepe|cenaculum|adinventitias|subiungo|tener|aequitas|tutis|testimonium|sum|mollitia|tempora|delicate|commodi|deputo|arcesso|defaeco|amet
ocer|contra|2018-11-11 18:16:36|2018-06-16 07:30:16|caste|nulla|sophismata|adsum|2025-01-30 13:14:54|arbitro|damno|aegrotatio|theca|testimonium|commodo|balbus|cognatus|sollers|tumultus|deleo|cena|veritatis|tripudio|altus|deinde|cupressus|aggero|sequi|utrum|volo|audeo|deripio|cedo|arguo|molestias|pecco|arma|vester|vos|animi|angulus|circumvenio|voluntarius|vulariter|corroboro|ullam|maxime|quasi|tot|virga|ademptio|amita|accendo|temperantia|suppono
voco|subiungo|2019-12-19 14:17:47|2022-02-13 20:09:19|vigilo|ipsum|ab|cauda|2018-02-13 06:21:08|votum|audax|studio|magni|cattus|curiositas|corrupti|aggero|terreo|amissio|tenuis|vallum|venustas|reiciendis|arx|vomito|termes|tempora|at|via|bellum|subnecto|aestus|at|labore|corpus|vilis|decor|rerum|denique|beatus|tactus|contabesco|libero|verbera|pax|appello|surculus|suadeo|vomito|vinco|conatus|conturbo|ad|aiunt|coniuratio
acsi|autus|2024-10-02 23:57:35|2020-05-05 15:20:02|suffragium|trado|sortitus|antepono|2024-12-12 03:35:39|nam|benigne|tenetur|capto|tamen|tenax|consequatur|acerbitas|amplitudo|aqua|solum|decipio|coniecto|eos|compello|vergo|degusto|vulgivagus|amita|vesper|campana|tenetur|ager|ut|placeat|delinquo|tondeo|odio|venio|aeternus|ipsam|combibo|tamisium|demo|minima|antiquus|sint|synagoga|celer|cunabula|claustrum|autem|sursum|placeat|suus|celer
adeo|viduo|2022-09-10 05:17:06|2025-03-16 08:53:18|alius|comburo|communis|verbum|2018-09-25 03:48:06|decet|clarus|vesper|territo|ex|admitto|paulatim|acsi|crux|viridis|accusator|articulus|suffragium|agnosco|subnecto|crinis|acquiro|suffoco|arceo|tenus|soleo|sortitus|conitor|verbera|tibi|facere|appono|desidero|tribuo|tamdiu|contigo|caritas|aggero|cras|vacuus|uberrime|summa|valde|vita|error|uberrime|arbustum|verumtamen|condico|tum|creta
coerceo|via|2022-03-01 18:58:50|2017-06-14 15:11:40|synagoga|delicate|iure|corrumpo|2025-08-24 03:40:49|agnitio|solio|deduco|carcer|velociter|villa|tertius|tui|cupiditas|ater|provident|necessitatibus|suasoria|accusantium|stultus|terebro|adsum|quisquam|absorbeo|suffragium|sponte|tenetur|bonus|est|curo|alo|comprehendo|annus|combibo|venio|soleo|aptus|delectatio|animus|vestrum|verecundia|bestia|vox|molestias|vero|vulgivagus|est|ex|aqua|tunc|cognatus
suscipit|repellendus|2018-08-07 00:22:23|2021-02-06 14:58:42|error|arcus|libero|sui|2017-03-18 15:42:23|aggredior|crux|surgo|concido|vae|benigne|desolo|aureus|argentum|ullam|tollo|deputo|depereo|clam|taedium|torrens|suasoria|timor|sublime|tergiversatio|paens|similique|degusto|inflammatio|thermae|illum|vorax|summisse|cogito|vigor|uter|decens|solium|vero|tempore|creta|creptio|acquiro|repellat|antiquus|sumo|vestrum|claudeo|stips|conduco|cresco
inflammatio|adipisci|2025-10-05 15:33:14|2019-11-02 11:18:46|ipsum|vesica|atqui|fugit|2017-04-20 12:13:32|tempore|civis|baiulus|delego|sit|defungo|vobis|tribuo|vaco|sto|adulatio|debitis|vilis|eaque|avaritia|cuius|cubitum|vinum|succedo|cogo|spes|error|apud|somnus|argumentum|decretum|clam|illo|corpus|despecto|voluptate|crudelis|vomica|quidem|thesaurus|tyrannus|capillus|thymum|thymum|tot|appositus|valetudo|calculus|sit|textor|tergiversatio
degero|adsum|2024-04-02 00:56:26|2018-12-31 22:55:03|attero|solutio|arceo|defero|2024-02-02 00:10:44|aiunt|dedecor|adsidue|pectus|cohaero|surgo|dolore|degero|suspendo|cubicularis|vorax|triumphus|cometes|abscido|templum|iure|suggero|caecus|utor|soleo|tametsi|virgo|sol|congregatio|solvo|ademptio|corona|voluptate|inventore|tutis|veritas|templum|acervus|tolero|tabgo|aequitas|circumvenio|occaecati|tabula|derelinquo|accedo|despecto|odio|aggredior|triumphus|adhaero
vigor|quas|2022-01-20 21:08:55|2019-09-26 07:00:26|ex|cohibeo|comis|contigo|2017-12-24 12:52:42|addo|desino|conicio|voveo|beatae|averto|somnus|umquam|cena|quis|caelestis|summa|impedit|territo|sono|aestus|vito|ambitus|ventosus|acsi|aeger|complectus|careo|coadunatio|dolor|cicuta|advoco|decimus|strenuus|confugo|depopulo|suffoco|pauper|claudeo|vorax|laborum|ulterius|similique|denuncio|possimus|vado|deleniti|tum|error|modi|alienus
decimus|acceptus|2022-10-07 00:26:28|2023-06-17 01:32:11|excepturi|cohibeo|cauda|ipsam|2019-10-31 01:39:12|brevis|vestigium|alii|delicate|acidus|sapiente|astrum|thymbra|cubo|arguo|aequus|celo|vinum|possimus|aperio|tergiversatio|articulus|depulso|paulatim|deludo|coadunatio|ventito|adicio|arceo|attero|sordeo|fugiat|aliquid|compello|aut|hic|coaegresco|adamo|utroque|amiculum|ad|coerceo|animi|consectetur|colo|vesper|sublime|cedo|tenuis|arbustum|delibero
aetas|dolorum|2018-12-04 23:30:38|2020-04-16 03:02:20|demulceo|porro|complectus|textus|2024-10-05 19:01:34|autus|ademptio|ventus|ventito|dens|speciosus|thymbra|non|barba|amiculum|deludo|synagoga|carcer|accusantium|deleniti|tertius|bis|asporto|aequus|cado|curriculum|celo|adhuc|eos|atqui|magnam|tametsi|deputo|statim|tamen|corrigo|toties|concedo|arcus|caput|eligendi|delibero|auctor|vita|curiositas|sapiente|bellum|sunt|deputo|suppono|abbas
spectaculum|tergiversatio|2024-02-05 22:15:12|2019-04-29 05:58:02|acidus|adinventitias|ciminatio|conturbo|2025-02-06 06:47:02|comes|amaritudo|adaugeo|tersus|suscipio|tripudio|vero|catena|comparo|allatus|claudeo|dolorem|exercitationem|similique|aestivus|casso|earum|admoneo|stultus|voluntarius|administratio|contego|quibusdam|audeo|pectus|aspicio|pax|tot|tabernus|sunt|tyrannus|vespillo|asporto|decerno|labore|ver|quaerat|turpis|cresco|creptio|clibanus|adeptio|vomito|exercitationem|triduana|adfectus
abeo|taedium|2025-07-31 11:40:04|2024-04-07 21:22:20|deporto|comptus|sub|admoveo|2019-01-18 18:27:51|tego|curto|solutio|sufficio|cado|vix|callide|cruentus|socius|sopor|denique|beneficium|barba|capitulus|ater|somniculosus|dedecor|culpo|aequus|adicio|demum|tumultus|super|spectaculum|colo|ultio|quod|comburo|eius|capio|aspernatur|vulnus|ascit|spiculum|sodalitas|accendo|catena|sulum|ducimus|libero|curriculum|alius|aureus|denique|molestias|verumtamen
error|spes|2021-04-30 12:47:11|2024-07-29 10:43:57|titulus|venio|quibusdam|utique|2022-06-15 07:03:42|curis|vereor|claro|eaque|socius|spiculum|iure|amita|vomito|victoria|desipio|illum|demum|thymbra|depulso|comparo|cur|trado|aspernatur|canis|voluptate|advoco|quisquam|vomer|ipsa|rerum|ocer|deprimo|eum|textor|crustulum|aliquid|cui|sperno|antea|tabella|celo|caute|comminor|victus|demulceo|eos|charisma|studio|spiculum|tergum
suasoria|degero|2018-04-06 05:12:07|2023-05-10 21:32:53|villa|decumbo|ademptio|via|2018-06-03 07:43:43|aegrus|amita|comis|coadunatio|cupressus|texo|sapiente|sulum|desolo|caute|allatus|tremo|infit|amor|careo|quos|custodia|celo|accusamus|vulpes|asper|conturbo|iste|tumultus|bis|attonbitus|quis|ut|civitas|aureus|territo|adipiscor|ager|sodalitas|cui|perspiciatis|terminatio|adulescens|uxor|demulceo|omnis|urbs|utpote|tremo|cursim|porro
virga|vesco|2022-03-17 10:43:22|2023-01-21 01:51:38|volubilis|volutabrum|ab|perferendis|2019-10-01 12:34:20|claro|corpus|harum|claro|tamen|odit|corpus|timor|delectatio|nesciunt|confugo|suffoco|curso|callide|curis|explicabo|cubitum|comburo|confugo|aut|ter|eos|absens|conor|ambulo|celer|dicta|ipsam|venustas|aetas|commemoro|vomer|architecto|vito|allatus|vulariter|audentia|tempore|tergiversatio|soleo|adhuc|vita|damnatio|veniam|subito|cornu
adaugeo|solum|2025-12-21 14:43:27|2025-04-03 20:58:04|tardus|aqua|quaerat|textus|2017-02-08 18:59:35|tres|alii|avarus|civitas|infit|urbanus|vitae|crur|pecco|tempus|tantillus|crudelis|trepide|vox|adsuesco|audacia|cursim|nihil|adsidue|culpo|aer|non|consectetur|bos|bene|viridis|unde|verbum|utor|vulnero|tamen|demo|averto|tenuis|ait|stillicidium|cenaculum|conscendo|crudelis|vester|thalassinus|ademptio|annus|auctus|atque|sodalitas
aspernatur|tardus|2018-11-07 16:32:54|2019-08-21 16:58:42|quasi|ut|corpus|crastinus|2022-05-01 11:38:37|corrumpo|ascit|sortitus|vigilo|amoveo|defluo|tero|tergo|tamdiu|clam|amaritudo|ara|trans|valeo|calcar|astrum|asporto|colo|spiculum|terebro|soleo|usus|derideo|auctus|cinis|confugo|maxime|valeo|atavus|tempus|umerus|tracto|vesica|aspernatur|cavus|absens|astrum|subseco|decumbo|pecto|aptus|xiphias|alius|sint|conforto|urbs
calculus|tamisium|2018-04-25 14:47:52|2023-10-02 05:27:52|pecus|adeptio|triumphus|universe|2023-04-23 16:57:53|bis|crinis|crudelis|amicitia|caveo|vomer|cervus|celo|nesciunt|uter|corrigo|centum|dedico|viriliter|deduco|pauper|aequitas|dolorem|curo|amoveo|talis|aedificium|pauci|confido|velum|aufero|constans|apto|abscido|tutamen|subnecto|tamquam|itaque|conventus|taceo|sodalitas|candidus|ulciscor|crapula|curo|vulnero|debilito|corporis|excepturi|testimonium|abutor
exercitationem|laborum|2017-02-25 06:24:43|2021-01-12 03:13:25|vomito|nisi|adinventitias|magni|2022-07-07 04:14:22|cetera|dens|corona|tripudio|occaecati|altus|anser|vitiosus|architecto|denuo|appositus|voro|utrum|causa|thesis|tres|cohaero|quibusdam|adeptio|patruus|circumvenio|tamquam|eaque|stipes|cruentus|corona|vesica|tabesco|patrocinor|aqua|amoveo|arca|terebro|compono|adamo|valetudo|cimentarius|celo|curatio|urbanus|ver|bene|decerno|consectetur|quis|vindico
terebro|eligendi|2018-08-17 13:04:48|2016-10-24 08:03:43|atavus|odit|consuasor|esse|2019-10-26 11:13:21|celebrer|vomica|aequitas|curis|ascit|ab|adversus|benevolentia|vinum|arma|tracto|conventus|dolorum|animus|corporis|solutio|cito|vorax|ante|vilis|aggredior|tardus|accusantium|condico|cui|ascit|dolorum|vox|crinis|speciosus|constans|vix|comburo|via|creber|callide|amor|depromo|saepe|victus|excepturi|viriliter|suadeo|ipsa|constans|atque
utique|argentum|2018-05-14 04:54:26|2018-01-03 18:22:23|eveniet|temptatio|defessus|tremo|2019-01-29 07:40:26|curtus|voro|apto|admoneo|vulnus|celer|somniculosus|carmen|defero|aliquam|arcesso|compono|nulla|supellex|amita|tenuis|voluptate|facilis|vesica|cervus|tondeo|tamquam|decipio|admoneo|suggero|trucido|quibusdam|infit|reprehenderit|vigilo|venia|adeptio|depopulo|crudelis|pecco|creator|quasi|defleo|umquam|ventito|velit|arceo|valens|vobis|uberrime|quaerat
thymbra|amplus|2024-07-17 22:01:41|2017-02-24 05:34:37|vespillo|bene|sodalitas|cubicularis|2020-07-29 22:01:54|considero|cum|temptatio|comes|curto|cervus|magni|advoco|traho|vulticulus|quod|deleo|corrigo|pecto|custodia|conventus|cimentarius|cometes|ventosus|fugiat|sponte|sursum|celer|calamitas|auctor|villa|talio|deleo|corpus|ascisco|depereo|verbum|trucido|canonicus|vilis|uxor|sponte|demonstro|benevolentia|traho|cupio|nam|vito|cibo|varius|suffragium
ceno|carmen|2019-03-21 10:57:35|2018-07-07 11:01:39|itaque|constans|copiose|totidem|2017-07-16 07:33:37|aeger|spiculum|veritatis|nesciunt|substantia|volubilis|velut|fugit|tactus|modi|bene|sono|tenuis|tot|officiis|condico|esse|cupressus|corona|arto|cohibeo|totus|demoror|atque|beneficium|creber|considero|amplitudo|appono|debilito|cinis|basium|deleo|cenaculum|fugit|cinis|tibi|supplanto|vitium|considero|audentia|tripudio|copiose|depulso|adhuc|reiciendis
umbra|utique|2017-11-19 17:05:24|2020-02-08 07:49:27|animus|accusantium|vorago|defessus|2018-08-09 16:20:13|tribuo|ipsum|abscido|succedo|statim|thesis|tendo|accedo|vigilo|vestrum|officiis|vos|doloribus|textilis|denique|cumque|stultus|ambitus|auctor|demum|communis|vulnero|amor|sto|valeo|adsum|alius|viridis|deprecator|audio|assumenda|porro|admiratio|vespillo|similique|sub|aestas|tabernus|libero|colo|nihil|constans|supra|artificiose|defessus|coruscus
nesciunt|asporto|2021-02-17 21:46:43|2020-01-28 12:27:00|suadeo|decimus|taceo|trepide|2017-10-07 11:43:13|adsum|coerceo|damnatio|spiculum|cotidie|vir|damnatio|dens|vesco|teneo|amplexus|attollo|tam|patria|vae|umbra|theologus|video|annus|calcar|tubineus|patria|tondeo|stella|cauda|dolores|benevolentia|eum|cupressus|blanditiis|amet|aduro|varius|adversus|consequatur|aggredior|uberrime|vaco|voluptas|quisquam|trepide|tricesimus|demulceo|textus|porro|vestigium
adulatio|molestias|2016-09-12 21:53:00|2017-05-14 08:04:28|colligo|peccatus|demum|sophismata|2025-12-10 20:27:38|suasoria|decor|urbanus|doloremque|summa|demonstro|ventosus|solvo|commemoro|celo|audax|summopere|turba|tepidus|teneo|tubineus|creta|ullus|uter|conitor|aut|corpus|cultellus|antea|viduo|acervus|calamitas|utor|altus|suppellex|conor|cubo|sordeo|audentia|textilis|repellat|depopulo|depopulo|curiositas|turbo|spero|depono|astrum|surgo|complectus|consuasor
reprehenderit|accendo|2019-09-20 13:30:57|2025-08-16 03:37:30|complectus|delectus|conqueror|complectus|2024-04-07 07:35:12|sursum|timor|caput|tamisium|vigilo|contra|sortitus|corroboro|viduo|conitor|tenetur|aperiam|confido|defendo|auctus|approbo|valeo|sponte|contra|perferendis|dolorum|temeritas|corrumpo|adhaero|tutamen|torqueo|iusto|tantum|cogo|subito|ventito|consequatur|conforto|concido|aliquam|desino|caute|xiphias|culpo|vindico|terreo|ago|cunae|arbustum|suscipit|collum
desidero|vobis|2022-10-07 15:20:06|2026-07-06 00:35:35|barba|deficio|alius|venia|2024-09-14 18:32:56|versus|desidero|summopere|stella|denuo|depromo|carmen|arbustum|audentia|adnuo|vulgo|desolo|derelinquo|explicabo|occaecati|civis|caste|comprehendo|solio|caput|denuo|taceo|somniculosus|voro|asporto|tamdiu|adversus|adfero|cur|aestas|tondeo|aestus|possimus|talis|arcesso|averto|comparo|qui|dedecor|auxilium|atqui|ademptio|bellum|voro|torrens|caelestis
vigor|surgo|2025-06-02 21:39:24|2023-02-09 00:15:31|aegrotatio|caritas|supra|constans|2017-09-20 09:39:35|ubi|cur|decet|aegrotatio|nisi|coniecto|administratio|conor|viduo|agnosco|tabesco|accedo|vinitor|auctus|tabernus|arbor|solitudo|viriliter|decimus|natus|tandem|antepono|statim|textilis|attero|suggero|tripudio|amicitia|comprehendo|sulum|aegre|valens|abscido|denuncio|solum|tergeo|uter|validus|vociferor|antepono|dolorum|adfectus|tracto|supra|angelus|catena
voveo|teres|2025-07-01 04:15:52|2016-12-31 04:49:33|decimus|volup|considero|succurro|2025-02-14 13:04:36|debilito|aranea|bellicus|optio|auxilium|cupressus|ipsa|commodi|timor|peccatus|stabilis|sumo|bos|solio|solus|decumbo|fugit|cupio|tracto|absque|carpo|adamo|cognomen|amplexus|ustilo|cupiditas|cornu|aliquid|candidus|absum|curis|ocer|ambulo|caries|causa|autus|tergeo|volutabrum|tantum|cinis|certus|subito|claudeo|comminor|comitatus|complectus
cunctatio|templum|2023-07-04 09:52:25|2017-07-20 20:57:52|varietas|ambitus|defaeco|atrox|2018-11-18 23:52:33|substantia|cervus|deserunt|abbas|ter|curto|earum|accendo|pel|ultra|cruciamentum|unde|tot|solio|chirographum|cupiditas|adnuo|conspergo|temptatio|sui|patior|deprecator|thesis|carcer|sum|civis|arto|apud|tenetur|talio|tutis|eos|amitto|dedecor|acidus|delectatio|admitto|solio|tenus|amitto|veniam|teres|cultellus|tui|tergeo|sumo
quisquam|amitto|2023-10-16 01:54:45|2022-11-14 08:17:22|tracto|delinquo|cura|quo|2019-05-24 22:34:51|attollo|caritas|villa|arcesso|textilis|comburo|certus|talio|spero|patria|crastinus|utroque|arcus|deficio|volup|avarus|colo|carus|tricesimus|terga|unus|demum|custodia|clementia|tenus|acerbitas|summopere|tubineus|sequi|argentum|laborum|abscido|ab|copiose|adamo|voro|quasi|sustineo|adaugeo|culpo|adamo|cornu|exercitationem|adfectus|vulnero|tredecim
complectus|demoror|2023-04-13 10:45:07|2018-12-04 02:40:25|usque|vado|nesciunt|sum|2020-11-10 00:12:53|angelus|centum|tondeo|patrocinor|voro|crebro|attollo|curatio|aro|utique|minus|vero|corrigo|comparo|optio|vigor|vae|apparatus|dedico|laboriosam|minima|thorax|adsum|adfectus|debilito|supellex|voluptatum|adimpleo|animi|derelinquo|optio|bos|suscipit|supplanto|amo|deludo|tenus|spes|aperiam|sperno|tutamen|versus|summa|earum|deorsum|aperiam
strues|currus|2026-01-17 07:27:59|2022-08-05 16:44:15|repellendus|arcesso|stillicidium|laudantium|2021-03-27 00:45:32|delibero|viridis|pecus|carbo|vester|allatus|tredecim|deporto|suffragium|ver|blandior|dolore|thymum|curiositas|similique|ustulo|ager|vulgo|vinculum|vulnus|vesco|denuncio|vulariter|teres|ullam|utor|conitor|voluntarius|conqueror|subnecto|attollo|amita|abscido|eveniet|vitiosus|consequatur|pariatur|alienus|benevolentia|pecto|denuo|tubineus|tabula|patrocinor|absorbeo|adduco
sufficio|thesaurus|2022-09-20 21:02:05|2019-02-27 10:55:01|antiquus|creptio|subseco|conscendo|2026-05-06 00:00:32|umquam|viscus|crur|animus|tempora|desidero|decens|thymum|subvenio|optio|culpa|commodi|tamen|autus|tamquam|damnatio|aeneus|bene|vivo|cunabula|facilis|defendo|stillicidium|ulterius|titulus|despecto|claudeo|tempus|aqua|vis|verbum|turpis|talis|ascit|fugit|arbitro|approbo|barba|viridis|benigne|spes|peior|tersus|veritas|cohors|vallum
coerceo|veritatis|2017-09-03 20:52:19|2025-07-09 16:24:20|terra|solutio|calco|vesica|2023-12-11 04:43:48|tabella|incidunt|utrimque|conspergo|corrumpo|custodia|nisi|ventus|averto|ventito|aggredior|victoria|cogo|statim|tenuis|claro|currus|vulnero|incidunt|cedo|perspiciatis|coadunatio|tui|neque|arcesso|vinco|sumptus|balbus|conventus|minima|dolores|accusantium|ago|delinquo|aegre|vae|aperte|arceo|vesica|cena|vallum|commodi|quae|depulso|tandem|cogito
statua|mollitia|2020-12-13 02:49:45|2023-07-15 20:49:16|decipio|spiculum|dignissimos|vestrum|2018-11-24 10:09:56|cresco|callide|certus|tumultus|damnatio|adhaero|ustilo|ratione|omnis|aedificium|modi|vehemens|speculum|crudelis|acer|summisse|celer|benigne|balbus|decretum|corpus|coruscus|viriliter|nam|nulla|earum|bos|contigo|tutis|totam|termes|velut|audeo|crinis|cupiditate|adsidue|tum|ademptio|atrocitas|artificiose|vir|abutor|ustulo|cunae|cupiditas|ullus
volaticus|commodi|2021-11-26 18:34:23|2021-01-16 08:58:54|carus|varietas|tero|praesentium|2017-05-09 04:38:15|tracto|carcer|armarium|defluo|quasi|tum|culpo|custodia|depulso|spectaculum|suscipit|carpo|strues|aliquam|comis|asper|debilito|umerus|tripudio|decet|pax|astrum|rem|nesciunt|blandior|vox|cito|doloribus|vesper|talus|tenetur|tantillus|ulterius|vesica|sapiente|aliqua|campana|vero|templum|tergo|veniam|calcar|conduco|comminor|caste|aggredior
defluo|caste|2022-10-28 09:39:00|2018-11-16 05:43:01|contigo|dignissimos|tamdiu|suffoco|2026-05-24 01:44:57|careo|spargo|cattus|velum|thalassinus|uredo|adimpleo|error|varius|pecto|cupiditas|arbor|tepidus|quos|ulciscor|veritatis|candidus|caecus|veritatis|deputo|impedit|absens|cognomen|ultio|advenio|magni|textor|adsum|provident|ara|repellendus|aestivus|abutor|sursum|somnus|thymbra|rerum|synagoga|color|assentator|molestias|termes|natus|conicio|adulescens|cernuus
considero|demitto|2026-06-20 18:37:15|2025-11-19 03:13:04|vociferor|alo|brevis|triduana|2020-07-27 18:34:38|eos|verto|talio|pariatur|suscipit|adeo|carbo|turba|bene|candidus|caries|tenax|arbitro|magni|alter|validus|curvo|cubicularis|demoror|thesaurus|aperio|solus|terebro|dolorum|coma|venustas|corporis|trado|iure|cunctatio|voluptatum|suscipit|congregatio|catena|summa|denique|constans|tardus|demergo|nobis|aut|vado|votum|deserunt|coadunatio|nulla
vere|iusto|2018-04-11 13:42:42|2020-01-19 14:55:48|ter|tergo|ventosus|admoneo|2021-10-13 18:03:17|auctus|caries|ventito|sono|curis|curo|adstringo|aegrus|arto|eos|cicuta|depereo|deputo|eos|arguo|architecto|timidus|reiciendis|cognomen|degenero|victoria|totus|abbas|curso|cur|sunt|varietas|verto|cicuta|depulso|neque|admoveo|caritas|creator|sint|clamo|subnecto|calcar|ventosus|defleo|quod|decor|maxime|facere|culpa|arx
defessus|aggredior|2020-09-04 18:04:44|2018-10-09 14:52:08|uterque|sto|vesper|eveniet|2025-09-16 10:13:02|depulso|cunctatio|defero|sopor|concido|solvo|exercitationem|caelestis|ullus|tenetur|aestus|ceno|vulnus|sunt|quidem|pectus|subito|clam|voluntarius|veritatis|strues|territo|abbas|tres|comis|sapiente|abeo|usitas|conventus|conscendo|somnus|est|comis|doloremque|laborum|aureus|certus|viscus|amaritudo|deficio|ter|pax|varietas|sophismata|uter|pecus
occaecati|vivo|2022-12-21 06:32:25|2024-01-02 09:56:41|torqueo|tumultus|voluptatum|bene|2022-01-05 10:36:23|sperno|inventore|cuppedia|defetiscor|contra|accedo|desino|apto|doloribus|ascisco|conventus|eos|teres|adhaero|desparatus|adsuesco|capio|aurum|quibusdam|coadunatio|venustas|video|nam|sub|teneo|voluptates|arguo|vomito|colo|quibusdam|ante|bis|vulticulus|odit|spoliatio|suggero|ara|voluptas|apto|curia|vulnus|solus|confugo|sophismata|cotidie|uter
umerus|vitiosus|2023-01-30 19:50:02|2025-06-12 14:16:05|clibanus|validus|tenuis|tribuo|2016-11-15 05:32:22|calco|sponte|curia|despecto|absum|taedium|testimonium|tolero|utpote|minima|totam|conduco|aggero|decerno|ascisco|versus|tabesco|ante|adiuvo|velum|arbor|agnosco|a|arceo|nam|tantum|abutor|celebrer|vulgo|anser|demum|admoveo|consuasor|torqueo|ducimus|officia|accedo|dedecor|adulatio|dens|cubo|tamen|reiciendis|adsidue|vilis|pauci
consequuntur|ver|2025-02-24 10:58:59|2025-04-01 11:11:06|adamo|quos|tenus|compello|2024-07-25 18:53:21|quod|utrum|apto|solio|patria|defluo|una|cattus|barba|curto|depereo|cattus|catena|caelestis|consequatur|curiositas|baiulus|considero|curso|auctor|suppono|clementia|depraedor|umerus|decet|decet|tot|vulgaris|ars|audio|beatus|vicinus|taceo|commodo|vado|crastinus|tremo|suffragium|calco|vulgivagus|libero|explicabo|atrocitas|veritatis|desolo|amiculum
vulnero|tero|2021-12-26 21:54:42|2017-01-29 10:56:11|unde|abundans|adulatio|conturbo|2025-06-09 14:43:14|ciminatio|circumvenio|nesciunt|solum|atrox|celo|sordeo|error|conicio|appello|sonitus|admiratio|rem|eius|conscendo|appositus|despecto|sollers|territo|fugiat|venio|corroboro|incidunt|demum|desidero|cultellus|pax|appositus|reiciendis|thermae|vado|desolo|cerno|causa|magni|inflammatio|derideo|vulnus|non|dolore|tamen|ustulo|saepe|accusamus|subvenio|nulla
ventus|cervus|2020-01-08 22:49:57|2021-07-19 04:57:45|asperiores|admoneo|patrocinor|aliquam|2018-03-11 14:53:46|corporis|suscipio|tersus|clam|ipsum|casso|patria|aestivus|certus|voluptatibus|argentum|adduco|approbo|canis|calcar|correptius|alius|somnus|cum|terreo|tener|articulus|vito|patria|arcus|terror|pecto|sollicito|vergo|vorax|aduro|quasi|ea|decens|ater|anser|vigilo|clementia|ciminatio|deludo|vulgo|aduro|asper|acervus|coniuratio|depono
ascisco|deleo|2024-07-31 18:18:56|2018-02-19 02:00:37|demo|territo|colligo|sto|2020-03-11 00:08:24|tam|cauda|atrox|basium|sol|annus|ullam|theca|ullam|terreo|id|victoria|suppellex|paens|approbo|vos|argentum|corpus|bonus|vorax|certus|acies|bonus|nobis|cum|ventus|demonstro|carbo|beneficium|conturbo|vesper|conscendo|absorbeo|audentia|corona|soleo|amissio|commemoro|degusto|sollers|consequatur|demonstro|talis|delego|caveo|voluptas
antepono|apto|2018-03-30 00:36:13|2021-08-15 20:30:53|consequuntur|auctus|calculus|degusto|2023-08-20 04:12:49|apud|aliquid|cubicularis|succedo|tutis|velit|tactus|derelinquo|animadverto|aetas|statua|victus|maxime|tener|constans|aequus|terra|custodia|venia|terra|uter|cetera|aetas|corona|solutio|tepidus|desolo|cito|curvo|thermae|tantum|crudelis|pectus|nesciunt|eligendi|quia|cognomen|solio|appositus|constans|denego|stabilis|repudiandae|universe|corona|paulatim
amet|totidem|2024-06-04 03:54:40|2022-03-28 08:52:43|compello|quasi|uxor|cultellus|2021-07-15 04:46:33|bene|tumultus|cumque|carbo|voro|calcar|quis|tribuo|reprehenderit|corrupti|adsum|aduro|reiciendis|itaque|suppellex|caveo|casso|acidus|corrigo|numquam|ipsum|universe|viriliter|adimpleo|assentator|civitas|video|aureus|combibo|conventus|attero|depraedor|conscendo|provident|recusandae|coadunatio|abutor|depopulo|conscendo|cado|vinculum|teneo|tutis|statim|depereo|testimonium
candidus|tamen|2021-02-17 05:36:40|2024-02-14 18:58:08|arx|damno|carcer|voveo|2026-04-28 22:27:50|subnecto|coma|sono|cupressus|quibusdam|quos|adfero|charisma|timidus|terga|allatus|congregatio|carmen|cumque|colo|corrigo|aperio|summa|urbanus|suffoco|tempore|villa|est|asporto|accedo|atqui|vero|amplus|canonicus|approbo|arbitro|eius|succurro|aspicio|virga|spoliatio|beatae|aqua|conduco|conqueror|curis|adeo|sodalitas|nostrum|voluptate|video
nulla|tabernus|2018-07-23 13:32:21|2023-05-27 08:13:09|repellat|solitudo|magni|usque|2023-04-05 09:40:02|sunt|aegre|adnuo|tenax|cogito|considero|tamquam|coniuratio|succedo|civis|amor|caste|deputo|credo|temporibus|sumptus|sulum|distinctio|coaegresco|casso|vapulus|accommodo|curiositas|patruus|viduo|circumvenio|substantia|vester|taceo|aurum|peccatus|super|placeat|conscendo|iure|admiratio|aperio|constans|vomer|defetiscor|velum|cohibeo|atavus|undique|tabernus|vulgo
comitatus|admiratio|2019-09-16 22:34:32|2017-06-20 20:28:16|bardus|demulceo|maiores|appono|2024-09-09 09:56:15|conforto|summa|commodo|aspernatur|verbera|doloribus|dens|sol|argentum|accusantium|peccatus|velum|angulus|studio|tertius|crinis|absens|vespillo|tredecim|ea|decet|accendo|eius|cenaculum|pariatur|spiculum|celer|avaritia|deserunt|itaque|possimus|totus|ocer|quaerat|voveo|verbum|cognatus|curia|abstergo|caritas|combibo|voluptatibus|qui|concedo|apud|tumultus
dolorum|benigne|2025-06-17 20:45:45|2023-01-27 10:41:14|ultio|aufero|cura|spectaculum|2024-12-21 03:25:46|correptius|solitudo|sublime|curto|explicabo|certe|adsuesco|comminor|accusamus|sopor|tondeo|corroboro|caveo|tripudio|acerbitas|color|demens|synagoga|atavus|cetera|terebro|valens|asper|ut|baiulus|trado|perspiciatis|adsidue|comedo|vomica|admiratio|supplanto|tergum|amo|vilis|auctor|maxime|perspiciatis|suffragium|a|adflicto|cena|administratio|angustus|suscipit|est
compono|accusamus|2023-01-17 00:07:55|2017-08-19 12:13:40|defessus|vulticulus|ver|volo|2022-09-23 21:01:50|deripio|tabella|viriliter|eos|cogo|quaerat|caput|ocer|eaque|praesentium|deprecator|decimus|nemo|illo|valde|vigor|complectus|amo|sulum|sophismata|attero|vitiosus|brevis|carbo|delibero|corrumpo|ullus|sodalitas|vigilo|sortitus|trado|casus|aequus|suadeo|speciosus|alii|colo|ubi|creator|stipes|quis|adulescens|arca|verto|amplus|cotidie
umerus|templum|2020-07-30 19:32:46|2017-10-02 10:10:32|tempora|paulatim|cubo|delibero|2024-05-07 05:35:52|sono|ab|amissio|accedo|paulatim|aqua|omnis|aqua|admoneo|velit|perspiciatis|aedificium|terreo|caute|supplanto|quidem|sint|pauci|vicinus|amita|tonsor|torqueo|teres|abundans|amor|cupiditas|exercitationem|una|impedit|suus|arma|tabella|confero|tempus|vox|carbo|una|caries|peior|tubineus|derelinquo|solvo|quis|vae|vomer|conculco
catena|cometes|2021-04-06 16:09:19|2016-09-27 17:11:00|saepe|odit|comparo|dicta|2021-01-03 17:30:00|depopulo|turpis|atque|decipio|voro|eligendi|ascisco|titulus|sono|trepide|deinde|dolores|cuppedia|fugit|demens|appono|caecus|ademptio|utrimque|nisi|harum|comptus|vito|condico|avaritia|ventosus|conicio|comminor|basium|vitiosus|vulgaris|fugiat|victus|ago|averto|aufero|alo|ciminatio|textilis|tunc|crepusculum|voco|abutor|mollitia|cui|truculenter
pauper|verto|2023-07-13 09:23:45|2020-05-24 11:47:19|corrigo|dedecor|adduco|talis|2020-06-14 13:54:21|conservo|taceo|sol|aspernatur|textilis|sponte|aureus|tricesimus|doloremque|angelus|vix|carus|assentator|volubilis|adversus|amplexus|conventus|vespillo|culpa|terga|ex|tenus|aggredior|suppono|ipsam|utpote|admiratio|civis|creta|nemo|tertius|pectus|deorsum|vulgo|clarus|confido|annus|teres|accusantium|facilis|termes|decipio|condico|adfero|vacuus|virga
cornu|thermae|2026-02-12 15:00:50|2018-08-06 23:34:32|casus|adeo|non|voluptatum|2020-04-19 16:51:09|veritatis|demum|curia|reprehenderit|acidus|antea|constans|uxor|abduco|vomer|voluptates|solium|undique|numquam|defleo|decens|arbor|cribro|nulla|cursim|tenax|ademptio|testimonium|tertius|sufficio|curriculum|tergeo|odit|decerno|alienus|varius|speculum|ademptio|articulus|vae|tumultus|tutis|decor|iusto|urbanus|creptio|aedificium|damnatio|conicio|sui|terra
trado|turpis|2022-04-26 14:56:12|2025-02-07 14:29:06|adimpleo|modi|theca|amplitudo|2024-10-02 11:30:13|demens|cursim|totam|acquiro|cimentarius|quam|casso|capto|spiculum|numquam|ambulo|aggero|depulso|cicuta|valetudo|cubitum|auctus|tristis|ex|tabula|circumvenio|teres|sodalitas|sono|inventore|sint|utilis|adflicto|doloremque|aestus|texo|adinventitias|sursum|communis|sollicito|vel|placeat|angulus|thalassinus|cariosus|tibi|cultellus|decor|taceo|corrumpo|vacuus
decens|una|2018-02-16 10:13:35|2024-01-20 11:36:49|terga|sui|absorbeo|auxilium|2026-09-06 17:52:08|voluptatibus|vel|celo|temperantia|capillus|architecto|socius|credo|comparo|virga|sublime|paulatim|argentum|cavus|timor|aggredior|suspendo|agnosco|somnus|varietas|deinde|arca|crustulum|cruciamentum|voluntarius|omnis|auctus|absum|consuasor|acerbitas|titulus|aedificium|fugiat|denique|agnosco|repellat|arto|animus|tenus|autem|spargo|aperio|degusto|bos|aranea|dens
comis|recusandae|2017-05-13 20:41:40|2021-02-08 17:08:39|conor|varius|depopulo|quae|2024-03-04 18:05:44|quibusdam|arma|acsi|ante|testimonium|vobis|tam|vulgo|traho|vobis|stultus|abeo|inventore|aperio|volup|thymbra|verumtamen|maiores|denuncio|subseco|ipsa|aliquid|artificiose|theatrum|capio|desipio|circumvenio|beatus|velum|vacuus|bellicus|autem|compello|avarus|necessitatibus|utrimque|vitae|sui|commodo|tersus|cumque|tricesimus|cursus|deleniti|tandem|animi
cur|admiratio|2024-04-09 03:04:06|2019-11-15 12:29:46|vae|tertius|calculus|impedit|2022-09-01 03:31:20|repellat|accendo|quod|ter|ad|careo|dapifer|officia|aureus|velociter|appono|arx|vomer|acidus|vilicus|ocer|ultio|ipsa|solutio|adiuvo|speculum|tracto|vado|acquiro|cattus|claustrum|utor|theatrum|tersus|utique|alienus|praesentium|unde|sint|ait|terebro|cariosus|statim|vindico|thymbra|deporto|defaeco|articulus|quibusdam|videlicet|pecto
auditor|appositus|2021-04-09 13:40:12|2018-01-26 15:17:42|textus|consuasor|vobis|vilicus|2017-08-30 14:54:49|triduana|uxor|thalassinus|vero|deprecator|officiis|quibusdam|similique|amissio|coadunatio|compono|delinquo|cervus|cometes|molestiae|conqueror|ceno|civitas|adeo|magni|ara|cur|convoco|vivo|campana|veritas|quisquam|claro|adicio|tabella|curtus|ager|abstergo|votum|decretum|deputo|tepidus|delinquo|pel|conor|aduro|commodi|certe|vulgaris|coniuratio|vulpes
demo|vulgo|2020-01-17 19:25:25|2024-05-26 19:49:55|adflicto|demitto|triumphus|canonicus|2024-12-11 15:05:34|nulla|audio|utrimque|vaco|cornu|credo|conturbo|causa|vestrum|arbitro|averto|consequatur|coepi|venia|cribro|conicio|vestigium|canto|vetus|colo|dens|temeritas|aestus|spes|vinitor|synagoga|ocer|carbo|amita|deleo|doloribus|creta|cervus|laboriosam|tam|abbas|demonstro|calculus|vapulus|solvo|summa|cultellus|acies|consectetur|certus|cerno
optio|summisse|2026-08-02 20:41:23|2025-08-06 07:02:47|cunae|tantum|minus|apostolus|2018-05-09 17:04:09|decerno|tristis|tantillus|deripio|cilicium|provident|vinco|substantia|tyrannus|theatrum|trans|demulceo|virgo|cauda|callide|id|ceno|ademptio|demulceo|consectetur|civis|dolores|terminatio|tero|valens|curia|cumque|alias|curvo|id|acquiro|autus|baiulus|spiculum|victus|cohibeo|sperno|provident|aptus|quod|suadeo|nihil|magni|utrum|demulceo|acsi
vicinus|earum|2019-08-15 20:40:31|2026-04-06 10:32:01|altus|quae|crepusculum|defaeco|2020-08-16 15:14:10|subnecto|stultus|cohors|adfero|tametsi|corpus|cetera|capillus|centum|amaritudo|coepi|volutabrum|aveho|annus|adiuvo|conicio|basium|cribro|texo|suadeo|audax|saepe|triumphus|cresco|desino|denuncio|succurro|tutis|tracto|sustineo|solutio|celebrer|tonsor|voro|dignissimos|aufero|anser|valde|perferendis|thymbra|clamo|suspendo|crastinus|vulnus|cum|vinco
alias|delectatio|2024-12-13 05:07:22|2024-05-04 04:47:09|tego|appello|adnuo|id|2020-09-16 09:25:33|viduo|truculenter|virga|cenaculum|sequi|pax|culpo|colligo|summisse|tolero|torqueo|armarium|sono|velut|suggero|currus|illo|tenuis|blanditiis|thermae|sulum|torrens|carcer|conscendo|toties|averto|stillicidium|creo|comes|earum|suggero|suggero|ocer|voco|valde|vulnus|talis|accedo|tui|ducimus|cauda|taedium|basium|suadeo|tergum|defleo
accommodo|arbor|2022-10-12 06:51:39|2022-07-07 03:41:45|theca|suppono|sollicito|umerus|2018-11-18 07:02:33|crastinus|voluptas|debilito|delibero|cultellus|curso|advenio|catena|caelestis|altus|admoneo|vicinus|coadunatio|adicio|curso|quidem|veritatis|nobis|patior|amet|acerbitas|absque|collum|venia|pectus|maiores|utpote|desino|strenuus|solium|depereo|caritas|certus|aggredior|aer|utique|temptatio|soleo|celo|ipsum|sumptus|cinis|thema|commodi|argumentum|ascit
excepturi|debitis|2020-04-21 19:48:57|2016-10-26 05:15:50|aeternus|tolero|tertius|caterva|2024-04-13 19:43:54|adulatio|apto|arbitro|suggero|terreo|theologus|peior|spargo|una|civitas|defungo|verus|cotidie|amplexus|voco|sunt|territo|cornu|laboriosam|carus|compello|possimus|cohors|urbanus|qui|stabilis|odio|decor|volaticus|temeritas|exercitationem|xiphias|triumphus|aggredior|adimpleo|sit|coma|succurro|voluntarius|summopere|doloribus|sequi|vulnero|adficio|umbra|depulso
tantum|victus|2021-11-16 21:25:50|2023-02-02 08:00:19|voluptatem|aeneus|incidunt|sublime|2024-04-18 19:24:22|urbs|despecto|clibanus|tabula|corrupti|comis|absum|crux|templum|agnitio|nisi|adeptio|carbo|vigor|aegre|umquam|vilicus|thalassinus|alveus|cupiditate|vicinus|amet|placeat|tandem|dolorum|vigilo|aperiam|carpo|vulariter|corrupti|audio|tero|conduco|absconditus|adeptio|certe|ait|caste|apud|vigor|sum|confero|sui|neque|arma|vulgo
verbera|coruscus|2025-11-12 00:48:54|2017-07-03 15:04:39|tollo|capio|audio|amitto|2021-06-27 17:20:48|commodo|coaegresco|testimonium|aequitas|tracto|utrum|veritatis|synagoga|sufficio|denuncio|turba|praesentium|tredecim|cibo|annus|vallum|vorago|chirographum|amplus|odio|ancilla|considero|spectaculum|adipisci|demens|decumbo|aliqua|adulatio|viscus|fugiat|sum|velum|quo|trepide|defluo|ustilo|spectaculum|adfectus|auctor|clam|caveo|conatus|canto|tempora|ager|stipes
possimus|rem|2022-07-06 00:29:27|2018-10-26 02:19:40|aranea|ver|delectatio|tabernus|2023-12-26 01:52:33|solium|tamquam|conqueror|supplanto|defleo|vilis|summisse|crepusculum|aro|alioqui|coruscus|succurro|patrocinor|vitium|alienus|degero|spiculum|claro|totus|volva|cum|decumbo|vix|pauper|subvenio|crastinus|crur|triumphus|cernuus|temporibus|ago|compello|confugo|vigilo|tabernus|facere|eveniet|sumo|aequitas|theatrum|subvenio|capio|tabella|viduo|denique|avarus
consequuntur|tutis|2018-09-07 16:18:12|2020-09-21 07:11:56|venia|soluta|capio|turbo|2025-08-08 07:13:12|amplexus|corpus|arto|cupiditate|caelestis|contra|theologus|vero|clementia|tamen|aestas|campana|copia|modi|confero|creber|summa|cruciamentum|delibero|sponte|defungo|contigo|summisse|strues|maxime|adficio|ars|crastinus|ademptio|adopto|coruscus|nostrum|summisse|tendo|verecundia|explicabo|volup|iure|enim|auxilium|vestrum|tenax|sit|ustilo|demoror|crux
cum|odit|2019-06-19 08:50:58|2025-02-09 16:12:47|corrigo|vobis|dolor|votum|2022-06-13 19:40:12|uter|vigilo|vox|cohors|viduo|suscipit|tutis|dedico|dolore|coepi|animus|dapifer|toties|curvo|surgo|depromo|complectus|vos|convoco|expedita|somniculosus|tamisium|sonitus|corona|amissio|aetas|praesentium|causa|statua|pectus|tam|creo|delectus|anser|video|nesciunt|tener|aeger|clementia|labore|adimpleo|vespillo|canonicus|eveniet|tondeo|quibusdam
trepide|voluptates|2022-09-06 12:51:42|2026-09-03 14:46:51|ullam|comparo|utroque|vacuus|2017-07-01 07:00:44|vinco|statua|canto|acidus|credo|ustilo|totus|blandior|accusator|nulla|totidem|tribuo|traho|balbus|vehemens|vacuus|textor|talus|commemoro|totidem|cunae|adhuc|cultellus|asper|anser|assentator|vicinus|argumentum|studio|desparatus|textor|cibus|claro|verus|ancilla|audio|auxilium|umbra|placeat|thymum|nulla|aggero|canto|apud|comminor|amplus
depraedor|artificiose|2023-08-11 17:02:16|2017-05-07 12:38:03|voco|conitor|sed|templum|2022-08-08 08:40:23|curvo|super|aptus|acidus|vita|facere|dignissimos|copiose|tumultus|dedico|demulceo|curiositas|cado|thermae|comis|suscipit|vilitas|barba|tristis|recusandae|tabella|verecundia|viduo|territo|aestivus|dedico|adficio|deinde|accusantium|pel|compello|aggredior|cognomen|dolore|pax|adipisci|caterva|animus|curtus|cimentarius|corpus|teneo|peior|amplus|celebrer|defaeco
sollers|voluptatum|2022-06-27 16:23:51|2022-10-09 18:49:08|tego|eum|coadunatio|conventus|2019-11-27 22:40:10|audio|spiculum|sodalitas|sum|spiculum|venio|sulum|tamisium|sufficio|causa|provident|vobis|canto|dedico|viduo|pauci|exercitationem|depono|animadverto|amor|ipsam|sollicito|uredo|crastinus|vindico|volutabrum|solitudo|quas|ago|acies|timor|demoror|alter|valeo|utpote|cuppedia|cervus|laudantium|nobis|temporibus|caveo|tantillus|bardus|cultura|earum|auditor
corroboro|curto|2026-02-02 06:58:48|2017-05-03 11:22:51|nihil|confero|spoliatio|trucido|2020-04-09 06:19:31|comis|vos|desolo|ambitus|vesco|demens|viduo|pectus|complectus|cruciamentum|tersus|crepusculum|corrigo|minus|modi|infit|coadunatio|bibo|neque|alii|quae|pectus|abscido|thesaurus|volva|tui|atque|bonus|utrimque|cunae|atrocitas|peior|trado|coadunatio|aedificium|ubi|cimentarius|porro|uberrime|constans|currus|ulterius|vulgo|ascisco|decet|depromo
amet|suffragium|2024-04-06 10:06:48|2021-03-14 16:55:18|quis|despecto|cado|assumenda|2016-12-17 22:27:37|voluptatibus|defendo|comitatus|turbo|attonbitus|supplanto|vulgo|patrocinor|civis|aggero|cedo|circumvenio|ipsum|quidem|caritas|angustus|cavus|terga|capio|utrimque|coadunatio|theatrum|sollers|aegre|cena|quisquam|crepusculum|venustas|modi|vehemens|volubilis|valde|magnam|creta|sunt|decerno|veritas|vomer|vita|valens|carbo|candidus|stabilis|credo|custodia|damno
uredo|hic|2024-03-19 20:02:45|2019-08-24 08:01:39|desino|desolo|desino|eum|2022-10-16 21:30:52|temperantia|vilis|tabula|ceno|corrupti|cetera|minus|delicate|cicuta|vulgivagus|eum|labore|curvo|curriculum|vomito|texo|sui|thesis|capitulus|conturbo|commodi|curvo|aggero|nihil|depopulo|vita|aro|campana|valde|voluptatibus|vix|ubi|despecto|theatrum|aegrotatio|suggero|adulescens|tenetur|utor|desparatus|cruciamentum|adiuvo|suadeo|theca|blanditiis|vacuus
absque|dignissimos|2024-12-28 18:12:34|2023-02-13 02:09:04|crepusculum|tamquam|approbo|ademptio|2024-10-08 01:55:16|video|atqui|textor|voluptatem|bene|ademptio|somnus|tibi|trans|caritas|spiritus|sonitus|tergiversatio|campana|cogito|suffragium|temperantia|tondeo|beatae|delectus|abbas|stips|ascisco|facere|tepesco|celer|error|bibo|compello|caelum|totam|cognomen|amor|terga|verbera|uberrime|usus|appositus|damnatio|tubineus|comes|crapula|correptius|bene|decipio|neque
nisi|damnatio|2019-12-04 05:32:16|2023-11-22 03:07:45|vesper|saepe|cunae|distinctio|2026-01-15 03:38:00|coniecto|aro|vehemens|deorsum|ex|creo|admoveo|illum|anser|qui|illum|adipiscor|statua|acquiro|admoneo|explicabo|dedico|aspicio|addo|vester|stillicidium|arca|amita|aufero|contabesco|aperio|tamisium|capitulus|solus|casus|bellicus|cito|dapifer|conatus|amplus|calco|curatio|alias|asperiores|neque|tolero|auxilium|condico|venia|valeo|ustulo
pel|cultura|2020-02-09 03:59:24|2019-02-03 12:31:10|copia|volup|clibanus|catena|2024-02-08 06:43:17|tricesimus|conatus|cibo|tenax|thema|veniam|accendo|acer|constans|venustas|cupiditate|templum|cuius|defluo|viridis|carbo|ceno|contabesco|terebro|tenax|tersus|cribro|causa|alveus|cunae|coepi|culpo|ademptio|demo|tolero|suffoco|ventosus|subnecto|unde|asperiores|tunc|enim|tutis|vinculum|coadunatio|aufero|enim|sit|audax|torqueo|autus
ocer|cena|2018-09-17 20:39:21|2020-04-08 08:59:25|claustrum|nesciunt|apostolus|derideo|2022-12-17 07:33:29|conservo|cultellus|cauda|acceptus|corrupti|assentator|vulnus|benevolentia|crux|sumo|cotidie|arx|admitto|aspernatur|cognatus|terebro|ceno|agnosco|viduo|comptus|videlicet|canis|amplitudo|cui|solitudo|thema|cupressus|deripio|aspicio|deludo|vomito|contigo|considero|sordeo|utrum|vestrum|vilicus|acer|tenetur|socius|tempora|aperio|arbor|accendo|vicinus|tamquam
thermae|subiungo|2021-01-23 22:35:56|2018-04-04 14:41:52|cubicularis|tollo|adnuo|decretum|2022-12-02 19:01:03|cura|labore|suspendo|depereo|cunae|absens|alveus|dignissimos|balbus|aveho|apparatus|venustas|venia|synagoga|commodi|suppono|uterque|utique|turba|alii|comitatus|quaerat|illum|abbas|cura|venia|mollitia|celo|tersus|vir|surgo|averto|comis|damnatio|minus|iste|aeternus|subiungo|soluta|aliqua|alter|uredo|vapulus|censura|demergo|comprehendo
deludo|alioqui|2024-11-22 18:16:49|2019-08-24 08:30:34|congregatio|tonsor|administratio|cum|2022-09-02 10:34:16|excepturi|tricesimus|cohors|impedit|synagoga|basium|ustilo|tyrannus|adficio|terror|vigilo|absum|caries|creta|arx|veritas|inventore|antepono|venustas|amo|paens|coerceo|vulgo|vicinus|verto|utpote|textus|cunabula|casso|aer|aestus|deputo|ara|curiositas|aliquam|earum|tubineus|cometes|pecus|deripio|demulceo|sum|constans|cometes|comparo|corrumpo
turpis|ducimus|2023-02-09 03:48:53|2021-07-17 09:48:59|virga|tutamen|admitto|bellum|2021-03-09 11:05:36|recusandae|rerum|defendo|creta|derideo|animus|tendo|blandior|apparatus|cilicium|cerno|voluptates|claustrum|cupressus|delinquo|attero|sponte|umbra|amitto|speculum|cupiditate|summa|curia|vehemens|demoror|sono|adipiscor|doloribus|earum|ara|tego|acceptus|ambitus|arcesso|benevolentia|auctor|torrens|verbum|textus|tardus|talus|vilicus|stillicidium|decor|torqueo|vos
eveniet|sodalitas|2025-06-10 23:20:19|2021-11-02 01:03:55|victus|tersus|crux|trepide|2021-11-30 09:36:07|verus|temporibus|commemoro|capto|decipio|sufficio|vergo|cubitum|advoco|umbra|undique|itaque|calamitas|aperiam|vitium|decerno|contigo|dolorem|desidero|stabilis|cena|avarus|amo|conculco|dicta|tam|commodo|agnitio|campana|usque|coruscus|tripudio|benevolentia|odio|asperiores|stultus|deorsum|auxilium|tabesco|sublime|alii|sumptus|quod|consequatur|vociferor|temperantia
conturbo|odit|2025-03-13 03:04:32|2020-10-03 21:33:02|tactus|nihil|villa|vinculum|2023-03-30 17:01:19|curis|aeneus|denuo|celer|quos|capio|depromo|tabernus|cenaculum|concido|statua|statua|accusantium|curiositas|ascit|clam|certus|deleniti|vociferor|tui|tunc|defungo|vilitas|ademptio|cerno|audacia|suadeo|coruscus|thorax|aurum|tam|tredecim|temporibus|aestivus|surgo|blanditiis|theca|termes|coaegresco|virtus|calculus|balbus|vergo|quibusdam|suffragium|ademptio
viriliter|vitium|2020-03-13 14:09:55|2017-08-10 05:27:31|abduco|voluptate|accusator|usitas|2017-05-20 16:01:49|aiunt|abundans|enim|cicuta|succurro|subiungo|chirographum|veritas|tabella|depopulo|tametsi|alius|usitas|aegrus|demoror|cunae|sum|comis|summisse|summisse|thesaurus|summopere|sperno|basium|cornu|theatrum|enim|bene|charisma|dolorem|adimpleo|tyrannus|facere|admoneo|derelinquo|studio|vaco|conitor|crepusculum|antiquus|qui|artificiose|tabernus|cupiditas|combibo|vir
dolorum|arcus|2026-08-29 22:41:29|2018-11-04 23:03:28|stips|videlicet|strenuus|advenio|2025-01-27 12:31:16|sub|viriliter|acies|suffoco|utpote|tenax|libero|depulso|amita|laudantium|cimentarius|nam|tergiversatio|concido|peccatus|impedit|xiphias|vulgus|molestias|cura|veritatis|decens|caries|capto|caries|tamquam|cursim|solium|tempora|timidus|magnam|versus|decipio|adimpleo|terreo|pauper|vomer|ambulo|casso|voluptates|dolores|votum|currus|virga|adicio|aer
tenetur|qui|2017-06-26 22:32:04|2024-12-16 20:02:37|similique|tam|tero|tersus|2017-12-29 14:56:48|atque|vapulus|crebro|voluptas|tenus|clamo|spero|amissio|possimus|consectetur|casus|ipsa|ambulo|cupiditas|comis|verbera|contigo|aro|demum|amor|volutabrum|cornu|pecto|assentator|vicinus|tollo|desolo|acquiro|tempus|via|solus|advenio|conqueror|bonus|ante|aperte|cubicularis|valetudo|acquiro|amita|ulterius|animadverto|demoror|viscus|sumptus|quaerat
officia|carmen|2024-03-17 18:05:01|2019-02-09 03:48:41|certus|vitae|assentator|attero|2025-10-16 11:21:56|celer|theca|sonitus|campana|similique|arbitro|candidus|ocer|eius|vaco|caritas|condico|copia|creptio|depromo|sodalitas|aegrus|nobis|vinculum|comparo|vicinus|admoveo|thermae|via|concedo|beatus|arma|surgo|comburo|aegrus|aegrotatio|distinctio|tabesco|utrimque|utrimque|venio|amoveo|cena|totus|vergo|universe|contigo|adduco|carpo|cohaero|derideo
autem|accusantium|2017-02-23 21:49:33|2017-04-07 03:05:32|cunae|autus|ait|civis|2022-10-11 07:51:10|vereor|somnus|speciosus|socius|villa|defluo|concedo|aeternus|cedo|civis|verbera|ea|varietas|celebrer|curto|quod|audio|cupiditate|crux|atavus|tollo|explicabo|corroboro|deporto|blanditiis|tamdiu|cubicularis|asper|velut|credo|tui|coma|vetus|nemo|sophismata|caritas|vitae|claustrum|cubo|cohors|totus|aveho|curatio|depulso|correptius|speciosus
ultra|enim|2017-12-20 18:09:45|2023-07-30 07:14:41|est|conduco|utpote|coniecto|2020-01-14 23:38:01|tam|vinitor|pectus|modi|vicinus|cuppedia|tracto|supra|facere|cotidie|aegre|admoveo|adsuesco|vulgo|uter|quaerat|coerceo|natus|totus|facere|voluptatum|quod|absconditus|thymum|eum|turpis|trepide|apostolus|comitatus|delicate|iusto|conspergo|crudelis|sodalitas|cohibeo|congregatio|avarus|astrum|annus|abduco|amplitudo|abundans|substantia|vilitas|terga|virgo
verus|sint|2024-10-02 22:54:30|2016-12-25 04:35:25|soluta|tunc|surculus|patria|2017-09-18 14:05:54|terra|speciosus|abduco|decerno|aperio|amet|animadverto|vomito|verto|sunt|surculus|umquam|creber|arceo|absconditus|adicio|avarus|aurum|capto|celer|vapulus|velit|urbs|vulgus|decumbo|derelinquo|theatrum|corpus|saepe|conduco|illum|videlicet|solum|soluta|ulciscor|vae|ipsa|ulterius|crux|depulso|suadeo|clementia|eaque|accusator|testimonium|dignissimos
allatus|vehemens|2020-02-07 17:28:41|2017-11-12 11:09:38|esse|defungo|conspergo|spero|2022-06-04 08:20:31|qui|vigor|vobis|vindico|cetera|accusamus|cariosus|cicuta|concedo|decens|cibus|administratio|aegre|sequi|civitas|atavus|soluta|quod|crapula|suspendo|id|thymbra|desipio|assentator|sum|ait|supplanto|solium|subseco|averto|similique|assentator|in|votum|spiritus|officiis|ventosus|tametsi|demulceo|baiulus|validus|esse|ante|dedico|tutamen|anser
odio|considero|2025-04-14 17:10:38|2023-10-28 18:17:23|demens|tempus|umerus|conculco|2018-07-18 21:25:39|volva|vinco|officia|derelinquo|quasi|tamquam|tricesimus|tracto|quia|vilicus|perferendis|arto|temperantia|casus|cedo|coadunatio|tempora|depereo|praesentium|concedo|nobis|causa|usitas|damno|statua|aer|verecundia|eius|ullam|eligendi|curatio|utroque|crudelis|demoror|uredo|pauper|capillus|damno|vulariter|vicinus|doloremque|absconditus|crastinus|conventus|vinitor|peccatus
arceo|vos|2024-01-12 00:27:07|2024-05-04 17:39:46|celebrer|derelinquo|quos|atrox|2017-12-17 05:59:21|suppono|teneo|nobis|ratione|vulticulus|adipisci|congregatio|vilicus|studio|cum|talis|stultus|beneficium|dolores|atque|attollo|caput|tamisium|derelinquo|abbas|cresco|arguo|absum|demonstro|tergiversatio|toties|corrigo|caelestis|corona|summopere|cariosus|supra|damnatio|vergo|nemo|tabella|valens|accommodo|ultra|claustrum|cubo|ustulo|adicio|desipio|atrox|adamo
vinum|soleo|2023-01-07 18:10:06|2021-11-21 04:48:26|virgo|numquam|terebro|culpo|2018-12-29 15:47:02|aqua|voluptatem|cenaculum|temeritas|quod|quo|blandior|valens|aequus|molestias|verumtamen|accedo|turpis|amiculum|provident|creta|verto|peccatus|damnatio|tenax|earum|suspendo|basium|carbo|solium|admoveo|ars|repellendus|turba|concido|thymum|ocer|depromo|adhaero|solutio|reiciendis|tego|vorax|bellum|tametsi|tersus|crudelis|beatus|verbum|cupiditas|alii
fugiat|ipsum|2020-04-13 19:37:45|2017-09-05 20:23:39|a|vehemens|terror|delectatio|2017-09-22 22:06:46|suppono|via|decens|bos|suppellex|curiositas|claustrum|decipio|vomer|voveo|contabesco|cuius|aedificium|argentum|odit|accedo|creptio|addo|caecus|vespillo|statim|brevis|timidus|esse|est|amo|adeo|vitiosus|cupiditas|urbanus|abundans|amissio|adsuesco|torrens|vinum|sint|tandem|amitto|centum|vulnus|studio|valeo|corrumpo|timor|cura|molestiae
repudiandae|complectus|2025-11-20 13:55:59|2017-10-24 14:07:12|incidunt|allatus|at|non|2024-02-06 16:53:31|consectetur|concido|celer|astrum|thermae|provident|aperte|temperantia|averto|voco|vicinus|vilicus|amoveo|vindico|abbas|summisse|amitto|validus|quis|sono|creta|conicio|anser|constans|contra|vigilo|volo|cupiditas|summa|vox|texo|terga|agnosco|amo|animi|inventore|basium|asper|curso|utrum|dens|ratione|teneo|desolo|canto|solitudo
templum|arceo|2020-06-20 21:59:19|2023-05-19 20:47:25|tenuis|contra|deinde|suus|2023-03-14 17:38:45|sursum|thesaurus|ter|commemoro|corpus|voluptatem|officiis|curtus|arcesso|truculenter|unde|viscus|antepono|admoneo|votum|color|adulescens|quos|vitae|iure|aestas|uterque|accusamus|decerno|decipio|caelestis|solium|ago|tres|strenuus|adfero|theatrum|chirographum|succedo|curriculum|voluntarius|tenetur|vehemens|vitae|fugit|officia|venio|adhaero|tactus|suscipio|adsum
veniam|tripudio|2024-06-20 13:08:58|2023-12-06 23:28:29|sol|blandior|venio|synagoga|2017-11-16 20:04:22|aestivus|cavus|summa|arca|adipiscor|caput|stips|vivo|aliqua|timor|soluta|colo|adversus|ocer|verbera|dolore|audax|virtus|sequi|corrigo|ante|soluta|laborum|cado|ustulo|adduco|trepide|vito|conscendo|summopere|corpus|verumtamen|vitium|vesper|communis|dolore|catena|anser|velociter|aegre|solium|tertius|pel|velut|auditor|demoror
corrigo|porro|2016-12-19 15:45:04|2019-04-13 05:55:53|stillicidium|odit|tabella|thesaurus|2023-03-21 19:15:26|velit|arto|decretum|amet|cometes|conturbo|templum|auctus|adhaero|ceno|delinquo|trepide|ara|creator|beneficium|animus|balbus|triumphus|thalassinus|damnatio|derideo|volaticus|ventosus|denego|magnam|venia|ciminatio|depereo|at|pax|libero|aliquam|deduco|cogito|depono|clibanus|ea|aspicio|adsuesco|trucido|bibo|animus|cattus|delibero|causa|defleo
voluptatum|color|2016-10-29 19:07:03|2023-06-27 13:47:16|annus|maxime|aqua|tamquam|2021-06-27 09:48:04|conqueror|vigilo|alter|natus|absens|stillicidium|volo|ante|charisma|somniculosus|quasi|strenuus|sponte|spectaculum|denego|derelinquo|caste|cimentarius|adnuo|impedit|tolero|terga|aptus|comburo|acceptus|placeat|adopto|tergiversatio|sint|arguo|aequus|acerbitas|ustilo|officiis|somniculosus|blandior|trepide|spero|sub|usus|abbas|cubicularis|audio|carbo|aiunt|apparatus
non|utrum|2018-09-06 20:45:21|2026-01-03 00:28:41|tubineus|curriculum|supra|derideo|2022-04-16 06:04:27|amiculum|cavus|vulgaris|adhaero|cernuus|una|tenax|beneficium|audio|taedium|appello|correptius|amicitia|odio|occaecati|studio|ratione|velum|averto|bis|aliquid|dolor|carbo|voluptates|certus|libero|totidem|beatus|sunt|degenero|adfero|cupiditas|depereo|sono|substantia|comes|commodi|creptio|tabesco|asper|aro|colligo|alioqui|constans|convoco|contego
accusantium|acsi|2024-01-16 06:51:38|2023-04-27 22:00:05|sollicito|et|atavus|ara|2016-09-30 18:43:25|cultellus|tertius|eveniet|studio|aperte|votum|temporibus|terga|curatio|victoria|creta|consequuntur|tyrannus|vesco|censura|aeneus|trucido|tutis|repellendus|vetus|demo|sordeo|consuasor|tabula|corona|decretum|depulso|argentum|amplexus|utilis|utrum|subnecto|articulus|ambulo|amitto|tantum|cognatus|tabula|vita|cum|ustilo|basium|territo|thalassinus|aggredior|demum
vir|abutor|2018-02-08 05:04:07|2019-09-24 05:36:09|studio|assumenda|at|accusator|2022-03-02 05:06:20|triduana|antiquus|strues|comitatus|acies|sopor|chirographum|tum|cauda|defero|voluptatum|acquiro|absens|creo|civis|necessitatibus|speciosus|decretum|adficio|comedo|crapula|temperantia|benevolentia|culpa|certe|sulum|aggredior|amoveo|saepe|capto|arma|trucido|totidem|adsidue|patior|crapula|texo|ipsa|tabesco|depopulo|antiquus|dedico|cursus|sursum|caute|solitudo
vilicus|similique|2021-11-06 03:42:09|2023-03-13 01:02:33|subiungo|deorsum|textus|aperiam|2022-02-15 09:50:11|caritas|aureus|tabgo|anser|repudiandae|certe|tremo|vita|adinventitias|admoveo|desidero|suus|iusto|error|repellendus|speciosus|callide|conforto|speculum|valens|undique|aut|tam|admoveo|curia|color|creptio|tremo|tantum|adeo|infit|ago|libero|addo|attollo|decens|asperiores|animadverto|ratione|tunc|tenetur|deserunt|solus|aestus|abutor|sumo
sodalitas|acquiro|2019-05-31 18:51:41|2025-07-19 04:57:27|concido|deleo|caste|utrimque|2017-02-12 13:02:04|ait|cohibeo|amitto|vaco|cunctatio|facilis|vester|conicio|conspergo|votum|basium|thorax|vapulus|atqui|sublime|nemo|aedificium|suffoco|sulum|avaritia|quidem|terminatio|temeritas|quae|cinis|vox|cur|combibo|vesica|undique|comis|ubi|amor|quam|arcesso|deludo|astrum|villa|peccatus|pauper|voluptate|solio|sursum|decens|truculenter|verto
saepe|praesentium|2024-03-04 12:02:09|2022-07-01 01:53:42|tui|amplitudo|natus|thymum|2025-01-20 02:44:08|vaco|amplitudo|ambitus|nostrum|deripio|desparatus|decumbo|civitas|curvo|somniculosus|aetas|iure|fuga|sto|compono|conservo|vulgus|crepusculum|reiciendis|voluptatum|audax|vicinus|occaecati|defluo|magnam|cohaero|voro|cariosus|delego|ara|arca|varietas|vicinus|coepi|deprecator|accusantium|ducimus|absconditus|ambitus|urbs|demoror|asporto|tenetur|ademptio|compello|arcesso
dens|vobis|2023-03-08 07:11:33|2017-04-14 15:22:24|ventus|venustas|sustineo|abundans|2017-02-21 00:24:18|conservo|autem|angustus|deduco|speculum|spoliatio|centum|canto|culpa|contabesco|beatae|varietas|confero|defendo|tepidus|aestus|demonstro|corrumpo|certus|arto|cibus|brevis|creo|tabgo|deserunt|sponte|casus|cauda|uxor|ustilo|comitatus|demum|veritas|supra|coepi|terreo|aegre|tergum|cohaero|veritatis|ciminatio|sursum|certe|succurro|similique|amplexus
demitto|aegrotatio|2024-09-18 18:46:43|2019-05-05 23:32:02|vallum|angustus|id|sursum|2026-06-23 21:44:23|adulescens|textor|uberrime|vulgaris|vigor|crux|terror|utrum|deputo|cursim|talio|tutamen|tergum|totus|allatus|illum|adsidue|aduro|error|vel|curiositas|occaecati|celer|thermae|amplexus|ater|carus|conventus|perferendis|commodi|assumenda|cibo|inflammatio|victus|illum|adficio|thermae|conor|thesaurus|certe|vulnero|universe|vilicus|thymbra|absconditus|convoco
umbra|pecus|2024-07-29 05:01:47|2023-01-29 07:19:08|apparatus|vallum|asperiores|usitas|2024-06-24 23:19:01|modi|compono|sonitus|id|comptus|speciosus|defungo|quaerat|maxime|corrumpo|catena|corpus|tero|denuncio|textilis|aggredior|arca|administratio|corroboro|appositus|condico|summisse|utor|accedo|adipisci|urbs|antea|adeo|ventito|ulterius|ultra|coerceo|conicio|vergo|blanditiis|supellex|ustilo|pecus|aperte|porro|vorago|tabula|usque|canto|curo|amoveo
suffoco|demens|2019-07-11 05:49:26|2020-06-15 00:48:06|studio|calculus|utroque|tergeo|2018-02-12 05:30:56|sustineo|tonsor|commodo|auxilium|super|dicta|adstringo|somniculosus|consequatur|calcar|tabernus|curatio|allatus|cras|alienus|cornu|surculus|victoria|doloribus|vere|despecto|magni|absorbeo|subito|calco|veniam|admoneo|tepidus|admiratio|adhaero|denego|ultio|bellicus|placeat|alioqui|carus|somniculosus|debilito|accendo|amor|ait|cenaculum|calcar|aggero|pecus|cursus
voluptate|alter|2021-08-01 14:55:29|2024-03-05 22:44:07|valde|tempore|admoneo|volaticus|2021-10-20 05:24:07|laborum|sustineo|statim|trans|centum|cometes|consuasor|celer|vicinus|quasi|sonitus|auxilium|amor|denique|vita|viduo|curis|cursus|cursim|commemoro|magnam|contego|sum|absens|tabella|sapiente|modi|vulnero|aspicio|temperantia|nostrum|utroque|bestia|thermae|triduana|cervus|ventito|caelum|abbas|tactus|decor|volup|decumbo|thymum|tripudio|vulticulus
texo|ancilla|2025-08-02 20:19:58|2018-08-30 23:09:42|caveo|cicuta|ventito|alo|2018-09-15 18:26:47|sum|solum|via|patruus|subito|charisma|recusandae|vox|crastinus|auxilium|vinitor|terminatio|voveo|pauci|vilis|comis|adamo|vir|quasi|similique|natus|sophismata|demum|arma|autus|volutabrum|tametsi|solvo|ad|strues|eveniet|consequuntur|concido|tenuis|vilicus|aveho|timidus|tricesimus|cultellus|coerceo|coaegresco|varius|utpote|explicabo|omnis|defleo
quisquam|atque|2023-03-08 06:27:12|2019-02-18 16:47:27|sperno|vorago|turpis|dedico|2020-11-13 07:11:18|comis|coaegresco|averto|fugit|cado|deleo|suadeo|tactus|truculenter|avarus|calco|provident|cubicularis|tum|canto|iure|aestus|damnatio|cupiditate|quis|vere|sequi|vobis|volaticus|agnosco|iste|coruscus|combibo|aperte|suscipit|antiquus|deinde|adulatio|non|depereo|advenio|aspicio|cinis|usitas|possimus|aufero|cornu|videlicet|verto|peior|approbo
capio|decet|2016-09-15 21:56:32|2018-05-13 01:36:06|vilitas|ullus|arbustum|admiratio|2018-08-06 20:57:31|odit|claustrum|tenetur|desolo|conor|a|demens|conservo|dolorem|clamo|tantum|totam|victoria|curis|suffoco|numquam|vulnus|demo|abscido|conturbo|cruciamentum|degenero|tunc|corpus|arbitro|tendo|caritas|sublime|brevis|cariosus|harum|coaegresco|candidus|reprehenderit|totus|dapifer|ultio|baiulus|caelum|sapiente|triumphus|suppono|decretum|aequus|venia|capto
acquiro|corrumpo|2024-07-17 18:44:15|2023-12-07 05:09:10|vero|terminatio|delinquo|sumo|2018-01-02 11:26:27|cetera|vilitas|bonus|vicissitudo|uxor|aggero|creo|delectus|cavus|angelus|crepusculum|inflammatio|nam|aestus|tego|in|patria|triduana|cibus|dicta|vilicus|tubineus|tam|ut|non|bis|administratio|coerceo|vestrum|amita|aro|arguo|arceo|omnis|statim|aro|comis|quaerat|tenuis|bis|ambitus|causa|surgo|suadeo|ventus|vorago
civitas|varius|2023-05-27 08:06:32|2019-01-03 00:47:59|confugo|volaticus|charisma|alienus|2022-03-24 18:02:03|solus|suppono|anser|sequi|traho|comburo|eos|coaegresco|aedificium|ancilla|concedo|ubi|porro|cum|vitae|concedo|abutor|confugo|est|aeger|cimentarius|cuppedia|curia|acies|artificiose|corpus|tamdiu|summa|defaeco|adfectus|degero|eveniet|triduana|cometes|aequitas|conspergo|sunt|adficio|caste|tonsor|utrimque|incidunt|sollers|molestiae|brevis|comptus
deorsum|thesis|2021-08-26 18:43:00|2026-06-06 03:17:53|canis|alias|aqua|tutis|2024-11-18 03:45:21|tergiversatio|traho|demitto|tricesimus|bellicus|nostrum|tempus|voluptas|studio|vulgo|sto|addo|alias|sopor|neque|modi|speciosus|creptio|virga|beatae|cohibeo|officiis|tabella|adsum|cupio|altus|victoria|clibanus|sui|ullus|cognatus|spectaculum|tremo|concido|demergo|correptius|amplexus|theologus|dicta|totus|omnis|unus|ago|vita|occaecati|id
inventore|varietas|2016-09-30 03:12:51|2025-06-23 00:45:02|explicabo|spiculum|iusto|cunctatio|2020-12-31 10:34:44|vapulus|bonus|cunctatio|ulciscor|venio|solum|abutor|solus|laboriosam|architecto|soleo|cruciamentum|texo|cito|eligendi|tribuo|decipio|beneficium|collum|tempore|dicta|suppellex|thesis|voluptatibus|bestia|sufficio|alioqui|caecus|quidem|stillicidium|corona|cedo|villa|utilis|clibanus|exercitationem|vita|adfectus|recusandae|viscus|totam|aperiam|tremo|demoror|adamo|vesco
pecco|tenetur|2025-10-03 21:19:58|2020-12-23 05:58:07|voluptates|suggero|textor|teneo|2023-06-22 18:55:48|adduco|summisse|saepe|suus|ventosus|tactus|vel|id|theatrum|cultellus|tredecim|bellum|deorsum|abscido|color|appono|ara|subseco|alienus|solitudo|tribuo|subseco|accommodo|defungo|ademptio|temporibus|verecundia|cariosus|derelinquo|quae|venustas|sono|conatus|alii|dolor|velum|cibus|asperiores|desolo|auctus|spectaculum|paulatim|somniculosus|nam|conduco|reiciendis
crapula|illum|2026-09-01 08:11:46|2023-10-09 15:35:37|verumtamen|modi|voveo|sum|2020-05-01 04:19:57|sub|appono|usitas|voluptatum|cum|expedita|tener|victoria|tondeo|tempore|eaque|articulus|vicinus|ait|modi|defetiscor|cohibeo|venustas|coniecto|umerus|audax|beatae|defessus|abeo|vehemens|agnosco|attollo|canonicus|debilito|ciminatio|alius|delibero|barba|accusator|cuppedia|quae|dolor|adhaero|supellex|adfero|curvo|placeat|arguo|tabula|amor|tenax
curto|tricesimus|2018-09-16 10:36:52|2022-06-15 17:14:21|spectaculum|assumenda|deinde|angelus|2018-10-31 15:07:18|turbo|undique|quibusdam|ustilo|apto|pecus|deficio|cito|vos|textus|aer|asper|incidunt|molestias|copia|coniecto|crapula|aliquid|decet|ceno|corrigo|cribro|traho|absconditus|aptus|victoria|aro|aggredior|trado|urbs|ipsam|arto|caecus|terror|aspernatur|claustrum|vehemens|confero|bellum|temperantia|vulgaris|ipsam|sublime|adulatio|attonbitus|suadeo
cernuus|adnuo|2021-12-24 23:20:56|2023-03-04 04:10:00|animi|cetera|perspiciatis|tenuis|2021-07-14 09:41:40|sunt|officiis|terga|cetera|consectetur|textilis|amita|atqui|toties|magni|auctus|deserunt|iusto|maxime|vallum|caritas|crustulum|capio|totidem|spargo|neque|subseco|defendo|labore|caste|coniuratio|eius|uberrime|comis|nam|suasoria|stabilis|virgo|temperantia|debeo|doloremque|coerceo|pecus|viscus|curso|cubicularis|usitas|tam|vigor|cuius|laudantium
verecundia|eaque|2024-04-05 17:10:08|2019-06-12 10:51:50|facilis|texo|vesco|viscus|2021-06-08 14:45:24|aiunt|tener|defaeco|soluta|alo|assentator|templum|officiis|audentia|amissio|corpus|aggredior|tum|thema|libero|canonicus|pariatur|correptius|suppono|tabella|delicate|acsi|abstergo|comedo|vallum|averto|vinitor|degusto|temperantia|nulla|cupiditate|barba|strenuus|viscus|cilicium|communis|pel|basium|comprehendo|culpa|amiculum|consequatur|inventore|corroboro|adfero|trucido
adhuc|ambitus|2022-01-15 22:54:40|2019-02-22 05:56:55|nostrum|alienus|tricesimus|antepono|2016-09-21 03:51:39|careo|curvo|audacia|cibus|ut|cum|vesper|venia|beatus|conforto|damnatio|cresco|vinitor|maiores|tredecim|alo|quasi|aurum|allatus|demulceo|solitudo|assumenda|abduco|arguo|tepidus|tego|tabula|adinventitias|carmen|celo|tenuis|vergo|iste|versus|officiis|decerno|coma|amoveo|adversus|vulgo|peior|adeptio|artificiose|tepidus|carmen|aequitas
odit|creber|2022-03-17 19:01:54|2026-05-18 09:53:46|enim|tabesco|universe|alter|2023-11-04 03:42:14|spiritus|quam|amet|viridis|varius|virtus|arceo|demitto|contra|depraedor|quo|quaerat|capto|antea|beatae|torrens|tripudio|cui|cado|crinis|venio|tepidus|arcesso|provident|sumo|tumultus|quis|suscipio|dolore|hic|arx|pel|amet|vomica|tumultus|verbum|cur|acies|paulatim|temporibus|crapula|capillus|modi|caecus|sui|toties
tondeo|tantillus|2018-11-24 19:35:00|2025-12-15 17:04:02|tam|sui|crapula|quasi|2026-07-20 17:08:00|totus|videlicet|patior|celo|bene|aut|tabella|subito|adsum|deripio|tutis|quisquam|vulgaris|charisma|demoror|templum|adipisci|comprehendo|vociferor|concedo|ipsum|spiritus|ustilo|sonitus|articulus|careo|maiores|beatus|terra|absum|ventosus|tot|calamitas|dens|thymum|sumptus|tenetur|pecto|conitor|aureus|audax|pecco|vindico|vitium|damnatio|amicitia
teneo|impedit|2025-01-24 15:36:33|2019-08-11 01:07:28|taceo|amplus|compono|spero|2026-06-01 13:33:23|condico|aqua|teneo|acies|facilis|deripio|distinctio|claudeo|amplitudo|appono|reiciendis|aveho|antepono|subnecto|cultellus|ustilo|adduco|advenio|defaeco|sperno|ventus|valens|aestivus|asperiores|cui|occaecati|vindico|sto|absconditus|claudeo|ancilla|audacia|amor|explicabo|caelum|creator|adamo|comptus|copia|paens|eveniet|adhuc|vulariter|addo|curto|crepusculum
convoco|mollitia|2023-07-24 17:49:06|2021-06-09 08:44:07|vindico|crudelis|degero|sopor|2023-04-14 14:57:09|arbitro|taedium|denuncio|commemoro|dolore|vindico|demulceo|curia|vestigium|pauper|triumphus|vigor|uterque|blandior|varietas|acidus|depopulo|venio|villa|defendo|ciminatio|dolorem|cotidie|confugo|viscus|alveus|advoco|eum|subiungo|cavus|temporibus|valde|astrum|dolorem|soleo|earum|vacuus|demergo|pecto|vae|tandem|sollicito|omnis|tametsi|contego|collum
inventore|demulceo|2025-12-19 14:42:20|2021-10-17 20:25:24|vesica|verecundia|ipsum|corrigo|2026-01-15 04:57:25|versus|tero|vilis|adfero|peior|clamo|arbitro|tepesco|denego|veniam|alter|quos|uxor|totus|soleo|canonicus|talus|vestrum|utrimque|velociter|sophismata|torqueo|civis|thymbra|tabgo|vir|crapula|pecus|contigo|aestus|deprecator|tantillus|ademptio|agnitio|vicissitudo|civitas|velum|conturbo|acerbitas|dolore|astrum|tempore|terga|cometes|spes|officia
utrum|conculco|2026-06-05 08:13:54|2017-05-31 22:01:00|uterque|spes|infit|abbas|2019-03-04 07:53:27|bellum|debeo|varius|tepesco|venio|utrimque|decipio|pecto|quae|pauci|cohors|coniecto|vestrum|voluntarius|arcus|absorbeo|aperte|verus|vomito|centum|tui|vespillo|id|quae|ademptio|trado|degero|pel|cattus|confido|administratio|statim|deinde|degusto|tenax|vilis|conturbo|urbs|deputo|cubicularis|tenax|carpo|rem|claro|crapula|ater
voluptate|stella|2018-04-18 12:05:42|2018-08-12 11:11:43|confugo|patruus|aut|artificiose|2016-11-29 00:12:27|appositus|totidem|illum|tergeo|tenetur|ducimus|tutamen|demoror|iure|amplus|acidus|animus|depereo|quo|confugo|convoco|suus|argentum|abeo|ab|aranea|apto|atrocitas|creptio|adfero|stipes|audax|videlicet|vere|nam|eligendi|teres|dedico|sto|arbustum|ab|damno|aetas|cum|conatus|defendo|substantia|colo|vestigium|conscendo|creber
colligo|vis|2020-10-20 11:28:32|2023-08-09 09:45:42|ullam|carus|corpus|substantia|2021-07-08 04:13:15|pauper|quod|tredecim|via|repellat|venio|virgo|commodo|thymbra|demergo|correptius|apud|aro|arbitro|audacia|adipisci|suffoco|tam|admitto|votum|suscipio|commodo|copiose|deinde|animus|conspergo|laborum|umerus|adficio|triumphus|in|optio|cohibeo|virga|pauci|tandem|crustulum|viscus|adfero|arcus|confugo|utpote|allatus|capillus|deserunt|tenus
aptus|atqui|2026-08-31 10:08:41|2022-05-18 01:17:42|cuius|conservo|sit|magni|2017-09-18 05:43:32|damnatio|verus|cohors|cimentarius|comes|amoveo|molestiae|auctus|aeger|cui|fuga|balbus|vestigium|sumptus|adipisci|cumque|adhuc|cohaero|nemo|callide|deorsum|vester|trado|suffoco|eaque|brevis|deinde|cupio|cinis|magnam|ubi|vos|tumultus|demonstro|theatrum|vito|speciosus|numquam|cultura|approbo|valeo|currus|ter|suppono|expedita|tui
coadunatio|vis|2021-02-22 18:49:33|2024-01-27 12:50:02|maxime|amor|minus|stipes|2025-05-18 03:42:44|toties|vereor|constans|sumo|perspiciatis|harum|tabula|defetiscor|quisquam|dedecor|suasoria|amoveo|solum|benevolentia|comprehendo|clamo|charisma|arguo|thesaurus|canis|antepono|contra|acies|uter|solvo|audentia|terga|vitiosus|modi|totidem|caecus|trucido|terga|depraedor|accommodo|thesis|ultra|vigor|adiuvo|ante|tenetur|ascisco|victoria|creator|volubilis|amiculum
absens|nostrum|2024-01-07 05:47:14|2016-10-01 01:43:54|decipio|surgo|ago|aptus|2017-04-02 17:14:12|cavus|utpote|thymbra|aggredior|infit|testimonium|pecco|volaticus|denuo|vitiosus|crepusculum|delectus|vilicus|comitatus|ater|volo|optio|aestivus|acer|curatio|annus|blandior|facilis|cibo|nobis|tamen|tubineus|pax|bellum|corrumpo|rerum|sequi|ultio|denego|sui|contra|vinco|laboriosam|uberrime|cupio|ciminatio|calculus|tubineus|subnecto|quos|subseco
allatus|conduco|2018-11-17 17:12:54|2020-05-31 15:40:43|coma|comptus|bibo|timor|2024-02-27 16:04:32|sufficio|admoveo|porro|vaco|quo|admitto|advenio|despecto|adeo|culpo|corporis|atavus|voro|summa|consuasor|veritas|arguo|tum|taceo|tricesimus|volubilis|stabilis|spiculum|vulgus|titulus|omnis|certus|texo|volubilis|quas|angustus|cavus|velit|alo|peccatus|a|repellat|adnuo|statim|ea|commemoro|patruus|alias|caste|synagoga|aestivus
eum|desino|2022-06-14 02:41:31|2024-01-27 15:58:01|administratio|utilis|cetera|depono|2021-04-20 13:05:03|utilis|coaegresco|solvo|deprecator|ustilo|unus|ullam|ver|temperantia|voro|textor|subito|qui|modi|volup|decerno|armarium|talis|claro|curatio|auctus|accendo|benevolentia|brevis|clam|astrum|suspendo|tepidus|recusandae|deludo|benigne|delinquo|minima|tibi|candidus|amor|enim|civitas|venustas|necessitatibus|aspernatur|et|caelestis|callide|decerno|stella
animadverto|volo|2022-06-16 03:29:16|2022-10-09 05:11:02|necessitatibus|adiuvo|trado|ratione|2021-05-05 06:25:01|volo|ambulo|ultio|depereo|sopor|ducimus|candidus|delectus|torqueo|conitor|solus|tum|aequitas|strenuus|vigilo|corrumpo|demitto|vigor|temporibus|cavus|spiculum|baiulus|adstringo|deputo|numquam|ipsum|vulgo|bardus|ab|sufficio|sumptus|sunt|commodo|unus|quas|aequitas|cupiditas|volubilis|censura|adfero|casus|venustas|verbum|itaque|vinitor|at
dolorum|varietas|2023-03-28 09:22:05|2025-11-13 21:44:56|tero|aeneus|sumptus|undique|2026-01-17 02:04:16|tutamen|deduco|dedico|alienus|tollo|tergum|attero|carcer|arcesso|spargo|tamisium|armarium|deserunt|vacuus|confido|valetudo|comis|delectatio|tollo|vinum|magnam|ultra|capillus|unus|conduco|nobis|uxor|torqueo|debitis|voluptas|solum|victoria|versus|vorago|curatio|maxime|laboriosam|colligo|virga|crustulum|debeo|vicinus|sum|cibo|verus|quis
carcer|vomica|2020-06-03 21:11:17|2025-12-13 05:59:55|conqueror|decimus|valeo|arto|2024-04-23 17:22:21|aliquam|demo|somnus|tepesco|aliquam|ascisco|spiritus|volva|vox|trans|decimus|administratio|stillicidium|vicinus|velociter|harum|aptus|auxilium|curriculum|sustineo|assumenda|traho|clementia|una|ago|velociter|taceo|sequi|averto|dens|adficio|debeo|cuppedia|certe|utpote|constans|amiculum|patior|adipiscor|aperte|caries|in|termes|adsidue|dedico|inflammatio
utrum|voluntarius|2020-07-24 04:37:46|2023-01-20 22:46:21|vetus|sonitus|natus|antiquus|2019-04-07 07:46:45|theca|subito|tumultus|somniculosus|aperio|adhuc|vitae|caveo|claustrum|iusto|valde|cur|totus|crux|careo|tenus|curriculum|cum|attero|surgo|adflicto|vitium|curatio|cena|beneficium|delego|territo|deporto|inventore|ademptio|itaque|dedico|alo|verumtamen|cohors|clam|crux|sortitus|sollers|suffoco|depopulo|armarium|odit|provident|trepide|surculus
sollicito|sodalitas|2021-02-04 13:13:56|2024-03-15 06:35:50|solum|benigne|cibo|coerceo|2023-03-11 04:11:26|desparatus|vulgaris|turpis|desino|barba|talus|cetera|voro|eaque|unus|cui|atavus|campana|angustus|verus|impedit|volva|tametsi|nemo|antea|cultellus|cado|vicissitudo|tergiversatio|stips|amoveo|id|cilicium|laudantium|vulgivagus|dicta|cruciamentum|teres|abutor|curto|vindico|abbas|pax|vos|basium|cattus|distinctio|ciminatio|amaritudo|distinctio|coaegresco
acer|ago|2025-02-16 20:29:44|2021-05-07 14:25:50|vulnus|decimus|accommodo|cupressus|2026-07-14 00:41:10|cado|complectus|cariosus|coepi|curvo|cenaculum|comparo|undique|attonbitus|conturbo|desino|creator|facere|non|terga|creptio|umquam|facere|culpo|sulum|aeger|studio|apud|thalassinus|ocer|denique|vinco|cupio|corrigo|amor|solium|alius|vesco|universe|conitor|absens|auditor|calco|atrox|tepidus|depraedor|ullam|eaque|ante|cum|teneo
textus|amoveo|2019-01-21 01:30:46|2019-12-25 08:48:58|thymum|tempore|consequatur|undique|2024-04-28 19:56:50|vesper|titulus|minima|beatae|vado|decimus|anser|cupiditas|ducimus|textus|paulatim|aggredior|valetudo|somniculosus|eos|artificiose|cedo|deleniti|vesper|est|terra|textus|aliqua|capillus|verbera|autem|censura|teres|aedificium|termes|voluptas|vere|decens|vomer|vado|odit|aranea|natus|aspicio|clibanus|adopto|cuppedia|inflammatio|unus|theologus|agnitio
solum|verumtamen|2018-10-02 22:48:14|2022-02-06 12:33:21|caput|thermae|vigilo|clamo|2022-09-21 16:19:08|advenio|modi|sunt|utique|sapiente|causa|callide|altus|nulla|cimentarius|bestia|incidunt|aureus|voluptates|denego|strues|conatus|coadunatio|adsum|praesentium|sortitus|adhuc|nostrum|carus|vulticulus|titulus|culpa|coerceo|curis|solum|blandior|aegrus|denique|alius|bos|timidus|vivo|provident|quaerat|adversus|adinventitias|claudeo|sumptus|accendo|depopulo|nulla
quam|est|2019-03-26 02:28:55|2022-06-09 15:52:50|ducimus|valeo|cerno|solium|2017-08-09 10:55:47|aestas|aegre|celer|pariatur|cursus|facilis|aequitas|crustulum|beatus|amitto|cedo|crux|canis|facere|comburo|turba|argumentum|dolorum|urbs|earum|culpa|creo|verus|asporto|ullus|tristis|adficio|caput|videlicet|comedo|ullam|vulnero|deprecator|utroque|aro|tui|cruentus|cenaculum|amplus|patrocinor|adimpleo|omnis|concedo|sollicito|cupiditas|distinctio
comburo|baiulus|2024-01-23 21:53:25|2026-06-14 00:51:16|arx|quae|tribuo|appello|2023-09-28 11:31:35|subito|utpote|veritatis|uter|conventus|altus|torqueo|peccatus|amor|tener|amo|depono|delicate|dolor|repellat|verus|corroboro|defendo|amplus|commodo|bonus|claustrum|cavus|curriculum|clementia|venio|depereo|illo|accendo|cimentarius|inventore|aurum|vapulus|cohibeo|aer|vester|thesaurus|creber|vilitas|bellicus|thymbra|spectaculum|iste|defendo|deficio|decretum
tametsi|sophismata|2020-03-31 07:08:52|2021-04-23 19:29:32|aer|bardus|comedo|veritatis|2022-10-23 20:55:49|carpo|surgo|conatus|defero|eos|alii|sto|atrox|doloribus|viriliter|illo|mollitia|vomer|aer|voluptates|nostrum|atque|caritas|crinis|aspicio|repudiandae|vesco|victoria|peior|curatio|adimpleo|cicuta|statim|vix|pecco|theatrum|virgo|clementia|spero|spiritus|vomito|ullus|demoror|velum|tener|adsum|adicio|ea|similique|cohors|territo
arto|conspergo|2019-06-02 06:32:51|2018-02-06 10:32:34|apostolus|venustas|aurum|tunc|2023-03-02 03:30:51|cognomen|viridis|caelestis|thema|tergiversatio|taedium|ambulo|censura|atque|voco|curo|temeritas|antea|vox|excepturi|viridis|sonitus|urbanus|verbera|molestias|cura|desidero|currus|cavus|vilitas|decimus|concido|laudantium|esse|certe|in|arcesso|via|viscus|odio|celo|contigo|bos|ademptio|voco|corporis|aliqua|utilis|delibero|apparatus|cras
voluptates|uredo|2019-12-30 05:11:15|2025-12-16 04:39:18|decens|nobis|adipisci|theatrum|2017-09-05 20:26:07|tunc|velit|vox|sono|doloribus|communis|alter|demoror|accusator|desparatus|contego|tamisium|blanditiis|caste|suggero|absens|damno|caute|adnuo|admoneo|nam|nisi|tener|suscipit|cometes|deficio|aduro|theatrum|adficio|utpote|triumphus|adamo|commodo|cupiditas|conforto|circumvenio|sustineo|commemoro|triduana|aufero|sollers|urbs|terra|usus|ustulo|benevolentia
antiquus|cum|2019-05-12 19:42:17|2023-06-28 22:05:49|amaritudo|arx|urbs|neque|2021-02-17 20:50:45|carus|consequuntur|voluptate|clementia|vulnero|quasi|aequus|valetudo|truculenter|temperantia|iusto|statim|inventore|acsi|reiciendis|custodia|velociter|apostolus|carus|vulgo|maxime|curto|occaecati|voluptatibus|sunt|aureus|voluptatem|aeger|conatus|valens|cognomen|mollitia|succurro|collum|auctor|spiculum|demonstro|ab|ventus|defendo|modi|voluptatum|talio|tempora|una|cauda
perspiciatis|quisquam|2020-02-15 05:25:36|2023-11-07 17:50:38|vomica|tepesco|quasi|admitto|2018-11-30 19:20:33|valeo|qui|degero|tubineus|aurum|ratione|alveus|eius|turpis|coadunatio|cariosus|viridis|sortitus|versus|velum|pecus|voro|tenax|coerceo|volva|ante|derelinquo|sulum|speciosus|super|ubi|cruciamentum|custodia|sulum|cursus|undique|adicio|synagoga|arbustum|terga|tamdiu|vociferor|quod|summopere|cenaculum|vinum|assentator|amplitudo|vos|compello|vilitas
atrocitas|adaugeo|2017-05-31 08:45:53|2018-11-01 02:41:50|bestia|tenetur|cattus|harum|2018-06-14 02:50:17|ater|confido|usque|summisse|coepi|caelestis|cuppedia|demum|caritas|alienus|barba|aureus|strenuus|balbus|nesciunt|vereor|theatrum|iste|alius|supellex|velociter|cupio|caterva|texo|conitor|utroque|comptus|corrumpo|ciminatio|utilis|asper|curiositas|vestigium|solium|tendo|quam|suasoria|vigilo|unde|natus|perferendis|necessitatibus|adfero|undique|dicta|perferendis
vacuus|condico|2025-08-14 05:59:17|2020-03-15 09:55:39|thermae|cognatus|aspernatur|denuncio|2024-10-11 18:33:59|accendo|cohaero|angustus|tabesco|quaerat|venia|sophismata|dignissimos|vivo|virga|cupiditate|sulum|tener|texo|torqueo|viridis|sit|libero|creo|aut|tabgo|cilicium|vigor|bis|suus|conservo|distinctio|tollo|corporis|alioqui|paens|vulariter|adsidue|accusantium|bellum|arguo|caries|aliquam|casso|constans|conforto|statim|argumentum|coniecto|urbs|adicio
nisi|temptatio|2026-04-24 21:36:40|2025-11-30 06:19:21|ocer|vicissitudo|dolorum|carus|2024-07-09 03:18:05|temptatio|arbustum|tollo|vester|cursim|umerus|barba|quas|volutabrum|occaecati|nihil|vesper|decerno|claudeo|adamo|ciminatio|caritas|cotidie|cribro|tabgo|blandior|vehemens|totus|textus|cursus|absens|coma|attero|ab|verecundia|et|cultellus|quia|tantillus|debeo|confugo|adipisci|spargo|cumque|acquiro|combibo|aliqua|supra|cultellus|patrocinor|animus
via|ascisco|2025-09-26 02:52:26|2018-04-18 05:28:37|aveho|ascit|rerum|territo|2023-01-29 00:20:38|clibanus|quam|voluptate|harum|aestas|umquam|cauda|error|tumultus|ascit|arbitro|capitulus|solus|corroboro|aedificium|utique|vere|theologus|sonitus|vulgus|cuius|comburo|advenio|casso|auxilium|aspicio|confero|dolorem|teneo|cetera|conqueror|ante|sumo|territo|vociferor|supellex|voluptate|sustineo|tabgo|deporto|repellat|supplanto|quidem|alius|arceo|damnatio
speculum|vinitor|2020-08-13 11:11:28|2023-07-27 03:45:24|universe|beatae|utrum|cresco|2018-05-09 11:16:49|conservo|ulterius|sursum|copiose|torqueo|tabernus|fuga|canto|conitor|aliquam|bos|coaegresco|curso|contigo|venustas|ipsam|blanditiis|tracto|vulgo|celer|alii|ab|conduco|quos|angulus|accusantium|vaco|substantia|incidunt|crastinus|depono|quos|crinis|minus|abutor|nulla|abstergo|eligendi|soluta|deludo|harum|valetudo|concedo|adhuc|abstergo|urbanus
reiciendis|velum|2026-08-27 08:21:26|2018-01-08 04:46:51|tot|adeo|suppellex|acer|2024-07-28 20:40:24|crapula|pecto|acquiro|adhaero|bos|brevis|aeneus|cauda|anser|apud|vulnero|ambitus|approbo|denego|cometes|cresco|triumphus|annus|dolore|laborum|somniculosus|adduco|aequus|caterva|vinum|quisquam|sodalitas|quisquam|civis|carbo|demum|accusator|deficio|pecto|chirographum|consectetur|aliquam|utique|textus|decerno|ustilo|verecundia|speculum|calcar|sonitus|creator
praesentium|agnosco|2020-03-13 13:01:20|2026-05-07 17:30:29|aeternus|condico|beatus|trans|2017-12-27 09:36:15|amissio|corporis|cupiditas|adipisci|veritas|nulla|custodia|bos|catena|vel|apparatus|arbor|delectatio|terra|ademptio|thymum|tum|atque|virtus|adopto|coniuratio|ambulo|auctor|absum|tenus|depraedor|video|turpis|bestia|ex|corona|solio|terebro|amoveo|accedo|harum|sonitus|ager|adduco|arbitro|corona|tego|adiuvo|vinculum|vitae|barba
minima|congregatio|2026-08-28 06:14:55|2021-01-26 03:22:16|aspicio|cerno|beneficium|varius|2020-01-22 21:28:42|repellendus|assumenda|aestivus|facilis|repellendus|voluptates|conscendo|summa|vestrum|agnosco|catena|maxime|ab|aequus|vorax|alius|bonus|autem|subnecto|tricesimus|turbo|viscus|certus|deleniti|dolor|tempore|certus|celebrer|tremo|conforto|statua|artificiose|advenio|quae|defaeco|coerceo|laudantium|accusantium|ratione|colligo|vesica|deputo|amet|certus|pectus|atrox
curvo|aut|2023-08-10 02:57:34|2024-08-26 04:55:12|bene|allatus|defetiscor|barba|2020-04-03 22:32:20|attollo|amissio|curtus|arx|soleo|verus|umerus|victoria|vox|campana|laboriosam|volaticus|thesaurus|sophismata|ars|provident|omnis|atqui|antea|crebro|adflicto|nam|congregatio|bellicus|sint|laboriosam|vespillo|nesciunt|tamisium|adulescens|suus|minima|caelum|astrum|cum|avaritia|tergeo|amaritudo|quam|concido|arx|vomica|coruscus|conventus|in|in
volutabrum|comptus|2024-11-13 03:32:07|2020-01-23 16:24:55|totam|termes|temperantia|caute|2020-10-19 03:06:59|curo|natus|terminatio|cognatus|tunc|in|amita|vis|aegrus|stips|surgo|suppono|socius|depopulo|cresco|adfero|angustus|venustas|rerum|subito|cui|repellendus|pauper|spectaculum|cognomen|acer|cognomen|accendo|thesaurus|corporis|demergo|decor|debeo|adipisci|nesciunt|explicabo|blanditiis|decimus|thermae|crinis|utpote|adulatio|degero|vulgaris|corrigo|subnecto
clam|vereor|2017-06-05 15:49:40|2023-10-31 08:33:48|carus|sonitus|theologus|adipiscor|2020-08-05 04:56:17|urbs|validus|vitiosus|tersus|voluptas|aut|collum|quibusdam|absum|sit|aiunt|demonstro|avarus|demulceo|optio|teneo|terreo|maxime|atrocitas|ultra|constans|conqueror|acceptus|vox|sollicito|quod|crebro|stipes|antepono|vita|decet|numquam|cinis|spero|vigilo|verecundia|alias|defleo|aspernatur|deleo|virgo|consuasor|tollo|sponte|aetas|aequus
creo|magni|2018-02-09 00:20:25|2023-02-09 06:56:56|conscendo|atrox|advoco|armarium|2024-07-16 11:03:40|vicinus|quisquam|ambulo|audentia|admoveo|iure|magnam|causa|antepono|virtus|aggredior|coadunatio|tabesco|canto|utroque|ambulo|recusandae|administratio|iusto|solutio|theologus|ducimus|tabesco|celer|capitulus|arto|strues|caecus|tredecim|triumphus|utor|depereo|crepusculum|tunc|tempora|crebro|aegre|varius|curatio|tot|sophismata|cilicium|caecus|suscipio|verus|colligo
certe|cotidie|2023-06-21 21:57:46|2022-04-01 15:42:40|beatae|verto|fuga|itaque|2021-01-31 12:32:22|tenetur|ut|votum|defendo|spoliatio|cerno|repellendus|quasi|debeo|cresco|placeat|adipisci|conventus|adsum|sponte|varius|subiungo|adsuesco|coniuratio|creo|cubo|nisi|causa|id|accusantium|capio|velit|ter|omnis|aranea|utilis|cito|angulus|cursus|adstringo|neque|error|thermae|tubineus|qui|cohors|minus|enim|cupio|aequitas|cinis
virgo|ut|2020-03-05 10:05:59|2018-03-24 05:50:47|coaegresco|eius|constans|volaticus|2022-01-03 07:14:43|illo|adsidue|absque|crur|acer|ante|vere|tribuo|cursus|agnosco|laborum|verbera|culpo|absque|advenio|accommodo|vehemens|suggero|demonstro|vesper|cohibeo|arca|esse|in|appositus|aestas|cervus|ver|animadverto|maxime|conventus|cibus|comedo|civitas|volutabrum|spes|curvo|ducimus|agnosco|saepe|claudeo|depromo|exercitationem|viduo|pauci|vesco
stabilis|deleo|2021-06-30 16:06:26|2025-07-23 11:34:57|tersus|titulus|necessitatibus|saepe|2023-05-19 03:07:35|adversus|auditor|cilicium|urbanus|dignissimos|bellicus|verto|clementia|combibo|benevolentia|colligo|ventosus|cogito|undique|vergo|aiunt|correptius|vesica|officia|theologus|ventito|cumque|speculum|volva|acceptus|bene|ait|ipsum|aggredior|aut|delectatio|autus|creo|aestus|thermae|tui|arceo|vita|angelus|arto|decumbo|quis|sufficio|vulgaris|textus|coaegresco
atqui|viridis|2022-08-06 17:53:30|2023-02-17 15:37:04|voluptas|labore|uterque|cupressus|2019-04-11 20:53:36|capio|compono|canis|sperno|vinculum|collum|vobis|admiratio|succurro|soleo|angelus|carus|subiungo|tergum|vae|cupressus|possimus|crastinus|corroboro|officia|tyrannus|color|crux|agnosco|curis|tero|suggero|decens|aegrotatio|culpa|adeptio|adeo|tactus|unde|pecto|ut|voco|tepidus|cumque|adduco|ut|amissio|demens|culpa|cervus|casus
quas|delibero|2023-06-04 02:24:17|2026-01-07 11:36:43|demulceo|velum|abscido|tandem|2020-09-15 01:11:32|adduco|subiungo|congregatio|socius|adnuo|sunt|facilis|molestiae|advenio|delibero|esse|totam|basium|cenaculum|veniam|absconditus|tabesco|vilicus|denego|carus|caput|vae|aduro|patior|vis|quidem|teneo|sponte|corrigo|quae|undique|super|fugit|benevolentia|tersus|defendo|abstergo|clam|xiphias|volva|summa|sopor|bardus|vobis|ullus|peior
tricesimus|vix|2020-05-13 16:25:34|2025-03-02 19:13:33|defleo|fugiat|denique|cui|2019-06-22 07:19:31|tabernus|civis|statim|ulterius|denique|aliquid|virga|voluntarius|defungo|quidem|corrigo|cura|civitas|aro|cunae|ullam|somnus|ars|celebrer|thymum|sordeo|vita|odit|sto|numquam|officia|velociter|atrox|libero|conatus|tardus|templum|crustulum|crebro|curo|condico|eligendi|virga|delibero|adeo|sulum|subito|demens|caterva|cenaculum|accedo
suasoria|aegre|2026-04-25 18:24:42|2021-02-27 09:19:05|maiores|templum|bene|adhuc|2020-12-27 02:28:41|cogito|currus|texo|cresco|communis|stipes|damno|spectaculum|ater|reiciendis|ipsa|vorago|auxilium|ciminatio|coaegresco|amissio|eaque|commodi|vinco|harum|cenaculum|varius|cribro|cruciamentum|aedificium|molestiae|aduro|inventore|excepturi|utpote|stipes|vae|quis|antepono|aestas|benigne|ambitus|vere|viridis|solutio|thymum|copia|volva|ara|utpote|architecto
aureus|tribuo|2020-12-04 05:30:12|2025-08-16 14:08:42|blandior|sumptus|culpo|vulticulus|2025-06-22 10:55:40|aliqua|damno|curso|adsuesco|assentator|tempus|asperiores|calco|adulatio|clam|at|suspendo|aperio|convoco|sint|beatae|venio|veritas|vinum|adipiscor|complectus|arguo|amplus|sint|assumenda|suppono|tribuo|laborum|circumvenio|audacia|communis|valetudo|vorax|appello|tersus|claudeo|suadeo|pauper|vitae|paens|triduana|creptio|auxilium|aegrus|beatae|vobis
aeger|umquam|2023-08-14 22:34:32|2017-06-04 14:36:47|ager|delicate|demoror|utrimque|2024-11-29 11:51:54|cogito|vinco|caritas|agnosco|magni|maiores|vivo|patruus|absque|taceo|aperio|adipisci|amo|vinitor|terreo|subito|spes|curia|rerum|amissio|tergeo|summopere|paulatim|tempore|bene|uredo|modi|sublime|deleo|solus|advenio|adsuesco|quam|virga|cognatus|vindico|caelestis|decens|autem|recusandae|curriculum|vapulus|calcar|theatrum|taedium|acidus
quas|sortitus|2020-10-07 05:32:16|2022-11-13 21:27:04|veniam|thalassinus|timor|campana|2025-07-11 13:58:52|tibi|admitto|aveho|quibusdam|clarus|corporis|tendo|aureus|cuius|suffragium|cito|conventus|verumtamen|colo|colo|callide|vulgaris|thesaurus|defessus|perspiciatis|vitae|vergo|surgo|attero|vesica|comis|numquam|dolorem|tutamen|defaeco|harum|deputo|totidem|conturbo|ademptio|votum|cognomen|appello|laborum|capillus|calamitas|degenero|depromo|adaugeo|cedo|sunt
ducimus|commodo|2023-03-26 14:41:25|2017-05-02 13:24:49|conspergo|triumphus|vulgivagus|surculus|2019-06-22 09:45:59|ager|supplanto|utique|aduro|ullam|vorax|videlicet|caelum|depraedor|magnam|atavus|repudiandae|caveo|copiose|succedo|allatus|reiciendis|ambulo|placeat|tamquam|baiulus|similique|tabgo|suus|tempora|porro|cognatus|itaque|vomica|cilicium|veritas|deduco|alius|cognomen|arcus|accedo|atavus|adiuvo|cultellus|tracto|capto|ara|subnecto|et|brevis|architecto
comburo|armarium|2022-05-27 16:56:28|2022-04-21 12:43:09|cogito|omnis|denuncio|velut|2025-11-15 13:45:27|conspergo|tener|via|tracto|id|nihil|denique|fugit|adsum|absum|curis|celer|demitto|triumphus|teres|tametsi|alias|abeo|ara|supra|caveo|ocer|mollitia|incidunt|asporto|ullam|surculus|non|tristis|deleo|carus|clam|cursim|vulgaris|fuga|colligo|apto|averto|decretum|comitatus|cicuta|accusantium|sonitus|aeger|totus|qui
denique|cruciamentum|2025-01-29 10:19:56|2017-01-28 13:58:06|alveus|neque|caritas|cur|2021-12-07 12:35:25|suspendo|subvenio|tempore|alveus|tenus|arcesso|verbera|utor|denego|adhaero|curvo|cibo|atrocitas|conculco|decimus|traho|strenuus|accendo|adsidue|triumphus|tabgo|carbo|absens|desipio|conatus|tabula|suspendo|vobis|tener|candidus|volva|tutamen|desino|audentia|depopulo|succurro|audentia|tantum|tunc|sumo|calcar|vulnus|uterque|rerum|ustilo|comes
aggero|conatus|2022-11-09 19:45:53|2017-09-15 00:35:20|aveho|sol|deserunt|quidem|2018-09-14 11:40:39|volo|trans|tricesimus|vis|sunt|culpa|eius|copiose|surgo|adduco|copia|tamquam|confero|uredo|claustrum|aggero|cohaero|acer|cupio|conicio|victoria|reiciendis|suffragium|depulso|ullam|ceno|sollicito|allatus|bellicus|officia|acidus|aveho|alius|cedo|tepidus|abduco|curia|terreo|demum|cotidie|voluptatibus|quibusdam|urbs|sto|civitas|tyrannus
chirographum|comminor|2024-08-21 22:25:44|2024-10-03 10:41:05|vicinus|tyrannus|vicinus|iure|2025-09-08 03:27:10|suggero|subseco|volva|copiose|sumo|somnus|patria|crebro|tunc|xiphias|fugit|compello|ager|quo|quidem|cras|absum|quam|cultura|strenuus|votum|suspendo|tres|capto|vorax|dolorum|suffragium|averto|tametsi|claustrum|supra|talis|ut|ter|tollo|tero|cariosus|spiritus|cras|utique|vulgo|cupiditate|aureus|voco|demitto|placeat
tolero|inflammatio|2025-08-03 21:42:32|2020-03-17 21:42:59|vito|appositus|voluptatibus|hic|2017-06-22 09:36:22|sonitus|textilis|thema|tredecim|quaerat|conturbo|agnosco|coniecto|fugit|artificiose|ago|color|trepide|minima|sustineo|admoveo|ab|cubo|cometes|demitto|coniecto|decimus|copiose|quisquam|apud|cometes|validus|ante|cubitum|suscipit|conor|perspiciatis|adhaero|cunae|decet|thymum|cedo|amicitia|caries|dolor|apostolus|ocer|quisquam|accusator|nemo|defleo
magni|benigne|2024-03-19 11:16:22|2018-12-12 06:56:34|avarus|desino|ducimus|provident|2020-08-07 00:46:21|sed|adopto|turba|delibero|articulus|thesaurus|paens|eaque|doloremque|sumo|voro|civis|dapifer|amitto|versus|aliquam|tribuo|tepesco|pectus|quos|supplanto|viridis|tutis|quos|cultura|valetudo|alter|thesaurus|excepturi|corrigo|bestia|reprehenderit|sursum|amplitudo|depono|spoliatio|armarium|utor|ante|inflammatio|ademptio|sustineo|denique|natus|universe|testimonium
quam|xiphias|2020-01-31 05:19:17|2020-12-19 11:11:06|antepono|tot|deporto|blandior|2019-07-11 16:24:51|contabesco|sequi|argentum|amissio|tactus|sulum|caecus|versus|corrumpo|ventosus|molestiae|odio|coma|corona|accusator|patria|calcar|vix|termes|vallum|absconditus|sopor|demonstro|adulatio|succurro|deprimo|adulescens|crur|culpa|degenero|coniecto|thesaurus|validus|doloremque|iste|carbo|vespillo|perferendis|molestias|porro|supra|subvenio|adversus|capillus|officia|praesentium
vulgo|civis|2023-08-15 03:01:57|2020-10-08 12:46:22|talus|viduo|atrocitas|appello|2022-11-25 02:32:33|atrox|currus|copia|sulum|depulso|defessus|creator|volubilis|tenuis|solium|repellendus|thymum|soluta|thalassinus|suscipit|avaritia|teneo|quasi|tempore|arbor|demonstro|censura|terebro|cura|tunc|spargo|deficio|compello|bestia|cariosus|tendo|asporto|civis|cupio|studio|consuasor|corrigo|conforto|adamo|vulgo|vigor|ara|tracto|dedecor|crudelis|arbitro
cito|ara|2026-06-07 12:11:18|2020-12-05 23:30:15|custodia|apud|antepono|supra|2021-11-16 15:34:18|patria|cohors|vigilo|tener|arca|ultra|accusantium|cedo|sunt|tergiversatio|desipio|tenax|dolores|solutio|contigo|succurro|deserunt|tabgo|neque|curso|adiuvo|video|adfectus|debitis|civitas|calculus|tabesco|corporis|vix|coerceo|umerus|defungo|defendo|attonbitus|beneficium|ars|vomer|cado|denique|aqua|ceno|texo|delicate|tonsor|valeo|tepidus
agnitio|utrimque|2025-11-06 21:39:08|2022-06-20 18:59:35|terebro|celo|appello|delectatio|2023-01-23 04:55:03|absum|tibi|adamo|denego|delibero|bardus|sumo|ultra|spoliatio|ex|spectaculum|strenuus|peccatus|dignissimos|arceo|tristis|versus|omnis|antiquus|suggero|armarium|caute|conforto|adulescens|placeat|attonbitus|strues|vacuus|cibo|suppono|id|sonitus|cometes|aeger|amplus|adinventitias|terra|exercitationem|sum|conforto|conduco|cur|validus|talio|avarus|thalassinus
agnitio|virgo|2016-12-02 03:42:08|2021-03-14 07:22:53|curiositas|absum|repellat|beatus|2016-10-31 11:58:07|alias|tergeo|civitas|minima|asperiores|apud|cumque|auctus|doloribus|acsi|torrens|coepi|venustas|vulticulus|vis|amplus|carus|iste|tibi|clam|tricesimus|patruus|tergum|earum|adsum|denuncio|claustrum|est|vetus|curvo|vehemens|cohaero|blandior|vobis|valeo|eveniet|tot|corroboro|decimus|ambitus|una|voluptate|tyrannus|suppellex|desino|verto
crinis|sollicito|2020-10-04 00:25:19|2025-01-04 06:29:39|contego|nulla|copia|comptus|2020-07-01 00:48:04|nobis|aegre|volubilis|surgo|terra|depromo|totidem|cursim|color|decretum|turpis|sumo|curtus|auxilium|cena|suppellex|auxilium|odit|ante|accusamus|repellendus|degenero|agnosco|umbra|arceo|atrox|adnuo|ventosus|doloremque|uberrime|error|concedo|at|tamquam|rerum|patruus|calculus|centum|dolorem|nesciunt|ullus|alienus|verto|animi|vicinus|et
labore|clarus|2025-12-29 14:57:37|2019-09-04 13:46:50|coniecto|surgo|cerno|eaque|2022-04-20 22:54:47|concido|tripudio|magni|caecus|similique|vestrum|contego|torqueo|dapifer|tersus|tabula|vero|caterva|urbanus|alius|alo|ducimus|succurro|summa|cibus|clam|denuo|confido|ulciscor|alius|reprehenderit|tepesco|tui|odio|adflicto|virgo|canto|cedo|tabella|civitas|tenetur|civitas|claro|cogito|ago|strues|thymbra|cado|repellat|somniculosus|defaeco
concido|surgo|2026-01-31 10:48:05|2018-08-14 12:50:44|stella|charisma|accommodo|arx|2023-08-25 20:38:51|clibanus|blanditiis|incidunt|commemoro|tonsor|utrum|terminatio|iure|amplitudo|molestiae|desolo|congregatio|benevolentia|cohaero|talus|vita|repellendus|vestrum|talio|itaque|dapifer|ter|distinctio|tum|considero|quos|depopulo|aeger|incidunt|xiphias|tondeo|natus|vaco|socius|aro|cerno|tero|angustus|suscipit|canto|eum|depromo|eius|arcus|amitto|sumo
cunctatio|supra|2023-11-11 11:53:53|2021-11-12 14:34:04|delectatio|atque|callide|agnitio|2017-02-04 17:13:56|apud|tamquam|advenio|vulgus|terebro|atrox|earum|teneo|magnam|fugiat|supra|incidunt|beatus|comptus|cur|beneficium|adiuvo|vehemens|debitis|tergum|solutio|sortitus|aegre|suasoria|vorago|incidunt|vehemens|cogo|aliqua|suasoria|autem|trado|admoveo|aestus|libero|contabesco|ullam|cognomen|cruciamentum|impedit|angelus|eligendi|culpo|comparo|viduo|bibo
curto|suspendo|2017-11-23 16:58:14|2024-01-12 07:21:50|certus|curis|asporto|vulgaris|2018-10-10 21:06:14|credo|arguo|tantum|clam|cresco|occaecati|caput|triumphus|callide|sapiente|admitto|demo|beatus|amita|quisquam|sed|cariosus|totidem|voluptatem|vero|debitis|altus|caries|comburo|demum|texo|timidus|aureus|utique|adimpleo|cura|peior|tantum|tricesimus|desipio|adsum|textilis|cogito|claustrum|corrigo|ipsa|avarus|xiphias|soluta|tero|tredecim
sperno|denique|2022-12-05 22:01:53|2024-12-22 18:24:10|convoco|auxilium|sonitus|admitto|2022-02-20 08:14:39|coma|doloremque|cura|ciminatio|ciminatio|assentator|cursim|degenero|stella|tyrannus|voveo|certe|dolores|brevis|venia|patruus|expedita|acquiro|sulum|iure|vilitas|amissio|corpus|teres|vulgo|arcus|una|ascit|utrum|sublime|acer|angustus|commemoro|terror|aurum|degero|neque|valeo|vesica|bis|praesentium|suppellex|astrum|velut|tenuis|sit
calcar|defaeco|2021-05-06 00:40:35|2024-02-09 09:17:14|curo|tam|alius|centum|2018-10-19 02:30:02|cogo|pauper|culpo|alii|voluptate|ubi|solvo|damnatio|asperiores|surgo|coniecto|suasoria|nam|desparatus|ancilla|repellat|theatrum|occaecati|custodia|aegrotatio|tremo|desparatus|acsi|vinum|apparatus|repellat|arca|bibo|usque|decerno|combibo|enim|teres|temeritas|rerum|officiis|comis|ea|suadeo|ipsa|dapifer|incidunt|conicio|vulnero|adstringo|rerum
calamitas|baiulus|2024-01-14 17:36:49|2022-11-05 14:18:17|omnis|beneficium|baiulus|cogo|2023-09-21 05:48:58|volutabrum|tenuis|acerbitas|cena|usitas|thymum|doloribus|stipes|ad|calculus|valeo|explicabo|cedo|talis|debeo|vesica|atqui|decimus|tamquam|perspiciatis|comes|usitas|arbustum|venio|tendo|acerbitas|surculus|convoco|umbra|creptio|cursim|tergum|ustilo|totus|est|videlicet|dolore|termes|voluptatem|culpo|clam|aliquam|tabernus|sono|adfero|vito
cicuta|apostolus|2024-04-28 15:01:13|2018-08-10 08:48:40|volup|placeat|admoneo|deputo|2025-08-02 00:01:09|una|amicitia|tum|valde|apto|ceno|voluptatem|bis|xiphias|abbas|dolorem|cohors|caveo|quo|amor|magnam|conculco|suscipit|contego|adulatio|terror|error|deprimo|adipiscor|consectetur|aureus|adipisci|clementia|blandior|balbus|odio|sonitus|curis|alius|tardus|aestus|acsi|aestas|contego|quod|tubineus|civitas|cito|tremo|desparatus|utique
voluptatem|nihil|2018-04-22 16:34:35|2024-05-18 06:50:27|comes|annus|odit|paens|2022-11-18 02:45:40|cruciamentum|ratione|super|tenax|patrocinor|clarus|arma|qui|quis|veritatis|sodalitas|vulariter|doloremque|conservo|acidus|adeptio|coaegresco|comminor|excepturi|strues|venio|vestrum|vespillo|capitulus|aufero|viscus|quo|adicio|admoveo|commodi|depopulo|aequus|deprimo|animadverto|expedita|cattus|delibero|consuasor|caute|sum|sonitus|contego|ascit|cumque|corpus|testimonium
quibusdam|adsidue|2017-05-10 02:25:59|2017-12-26 14:27:04|pecto|talus|crinis|decerno|2022-06-30 19:59:00|conscendo|crapula|vir|vesper|aptus|fugit|adhuc|calamitas|cavus|incidunt|utor|tredecim|ceno|bellum|decet|alienus|certus|defendo|utique|occaecati|culpo|aliqua|admoneo|argentum|tribuo|alienus|decipio|clam|sit|pel|ascit|virgo|desidero|cras|sordeo|demonstro|cogito|impedit|decerno|abduco|veritas|officia|curiositas|crur|celebrer|defendo
culpa|curvo|2018-02-21 16:38:09|2020-09-12 15:24:33|cimentarius|angustus|candidus|nisi|2019-12-10 14:39:35|sono|doloribus|ancilla|aperte|adicio|cursim|sumptus|demoror|auctus|derelinquo|sui|vitae|consequuntur|debeo|vaco|ambulo|aeger|tergum|centum|suadeo|tam|cupressus|vomer|tollo|aequitas|defessus|sollicito|tumultus|defendo|pel|urbs|aut|comprehendo|corona|eos|super|pauci|aegrus|cribro|cauda|tero|fuga|annus|degusto|colo|repudiandae
amitto|canto|2017-03-09 09:47:30|2019-06-01 13:37:57|canto|ocer|armarium|verbum|2022-04-22 19:05:08|cunabula|desolo|vestrum|turpis|abduco|callide|vulnero|ocer|baiulus|claustrum|spiritus|commodo|iusto|defluo|acervus|sol|vulnero|adiuvo|denego|vix|tendo|xiphias|depromo|cum|commemoro|explicabo|vicissitudo|apto|arca|tutis|antepono|ara|vereor|aliquid|suppellex|ocer|cubo|iste|anser|urbanus|atque|concido|depulso|capitulus|appono|voluptates
vehemens|turbo|2022-08-10 19:18:44|2022-10-27 22:04:56|correptius|cedo|blanditiis|minus|2019-01-19 02:52:59|vomica|vinitor|animi|curto|libero|cursus|sortitus|ex|desidero|vel|sustineo|deleo|una|carbo|strues|omnis|sum|tener|acceptus|sit|clam|desidero|similique|argentum|considero|valde|tertius|illo|cena|possimus|crebro|aspernatur|assumenda|eos|utique|administratio|voluptates|capillus|nisi|solio|colo|cado|totus|abutor|sperno|thermae
tubineus|defleo|2020-06-15 18:38:36|2022-08-08 00:07:42|tyrannus|velociter|vivo|beneficium|2021-11-03 16:17:10|talis|tam|vomica|trepide|stultus|toties|solum|deputo|aureus|capillus|nesciunt|cernuus|comburo|synagoga|tenuis|magni|molestias|verumtamen|ancilla|antea|auctus|summopere|tremo|a|vix|caute|attonbitus|ocer|aufero|cotidie|solutio|desipio|ipsam|officia|quisquam|decimus|incidunt|textor|aureus|soleo|coaegresco|tyrannus|aptus|adsum|enim|adstringo
sollers|argentum|2017-12-19 06:38:49|2020-04-17 15:16:53|sapiente|advoco|quo|campana|2021-07-11 02:04:19|valde|degenero|valens|adulatio|caste|asper|voluptatibus|comptus|crapula|creber|amplus|attonbitus|minima|unde|aestus|animus|cresco|cohors|constans|templum|vulticulus|itaque|abduco|adfectus|unus|desidero|amor|aperte|textor|peior|comprehendo|vulgaris|adficio|quo|desipio|aegrotatio|trans|celo|vulnero|placeat|aliquam|conqueror|conitor|averto|decipio|tristis
tollo|summa|2021-01-30 02:26:52|2024-12-16 07:29:23|atqui|amicitia|corona|condico|2019-09-20 03:41:49|molestiae|astrum|confugo|blandior|crudelis|appono|strues|nam|caste|comes|tamisium|uredo|deripio|crudelis|nulla|ullus|curis|solvo|conspergo|magnam|verto|super|clementia|arcus|tergum|clementia|labore|crustulum|in|sordeo|aperte|ascisco|corrigo|canis|nesciunt|tersus|admiratio|vociferor|varietas|acies|asper|cerno|bos|comes|casus|sublime
altus|voluptatem|2024-08-19 19:13:36|2022-12-11 22:08:21|eveniet|capillus|cena|colo|2016-10-01 08:35:08|amplus|spes|victoria|armarium|sequi|arbor|porro|vilitas|sit|cupio|bardus|vulgus|auxilium|accusamus|corrigo|somnus|supra|pecto|aliquam|articulus|benevolentia|vesper|tabesco|absque|contigo|vergo|vigor|fugiat|tondeo|subseco|caelestis|thymum|tumultus|tempora|degusto|carbo|spargo|ad|ubi|cumque|tristis|tracto|creo|demergo|deludo|cursim
sollicito|concido|2025-11-08 21:51:34|2018-03-19 13:10:33|coaegresco|voluptatum|venustas|denuncio|2018-06-30 19:28:08|vestigium|creator|congregatio|demulceo|subiungo|cruentus|est|temporibus|conculco|dignissimos|cervus|campana|utique|statua|odio|accusantium|cetera|amicitia|convoco|umbra|at|assentator|utrum|vacuus|deputo|tamquam|absens|dedecor|appello|voluptas|utrum|vulnero|vel|doloremque|adimpleo|aegrotatio|tamisium|magnam|aro|modi|desolo|stultus|doloribus|aufero|congregatio|expedita
deduco|curo|2021-09-30 19:35:46|2017-03-20 08:19:54|volaticus|dolor|thema|vita|2020-10-26 08:23:37|denego|vigor|bene|caute|cupiditate|censura|abutor|victus|tot|adaugeo|demitto|thermae|peior|alioqui|tredecim|acidus|amet|surculus|templum|uberrime|depulso|suffragium|solitudo|adulescens|vigilo|amplus|attero|bellicus|charisma|auctus|terminatio|aegrotatio|arma|cauda|voluntarius|decipio|apto|venia|aliqua|absum|tandem|aduro|aliqua|carpo|arguo|defero
cimentarius|ustilo|2022-07-08 16:13:28|2017-07-04 18:30:43|cura|versus|casus|subiungo|2025-05-02 00:51:40|ulterius|thermae|unus|amissio|aperiam|tunc|decretum|utique|ver|condico|suppono|cogo|spes|impedit|auctus|claro|adnuo|atrocitas|aperio|quaerat|compello|desipio|arma|bestia|cogo|quaerat|inventore|abduco|aveho|cotidie|tactus|necessitatibus|amissio|sunt|commodi|spargo|sollers|rem|agnosco|molestias|trucido|sustineo|vobis|inventore|confugo|apparatus
cibo|comedo|2017-10-15 19:00:06|2017-09-29 04:57:33|ultio|suadeo|conqueror|dignissimos|2022-08-22 23:04:09|defessus|tener|cauda|consectetur|attero|vel|vesica|tamquam|urbs|patria|comedo|sunt|claudeo|summisse|currus|villa|ceno|quas|desolo|nulla|crepusculum|dolorum|anser|explicabo|aeger|adimpleo|statua|stabilis|custodia|demo|acervus|bos|cornu|virtus|cunae|careo|circumvenio|assentator|subiungo|vitiosus|impedit|venio|degusto|tonsor|vicinus|velociter
denuo|valeo|2018-09-09 21:47:12|2018-05-17 07:50:15|aufero|est|defaeco|itaque|2025-06-28 02:46:57|demo|terra|verus|praesentium|ubi|magni|cumque|sufficio|acervus|voluptatum|theatrum|consectetur|tibi|alioqui|velut|validus|theologus|speciosus|bellum|advoco|totus|clarus|suspendo|acervus|odio|clam|minima|pecus|vigilo|dolore|sublime|est|vilicus|aegrotatio|beneficium|tunc|quaerat|studio|pectus|curto|hic|nisi|bellicus|coniuratio|creta|comminor
congregatio|avarus|2017-04-05 11:36:07|2026-08-06 23:10:31|varius|sperno|caute|amplus|2020-09-02 06:10:24|substantia|ait|cunctatio|dicta|desparatus|copiose|temeritas|xiphias|subseco|custodia|appositus|amissio|argumentum|arma|sursum|vita|depereo|unde|aegrus|celer|fugiat|suscipit|tripudio|arbor|color|demergo|viduo|communis|ultra|vir|adulatio|altus|admoveo|adsuesco|viscus|cupiditas|amita|cras|provident|suffoco|curto|earum|tremo|cenaculum|tabgo|considero
stillicidium|suasoria|2017-11-06 00:17:54|2019-02-12 23:57:07|summisse|copiose|alveus|aegrotatio|2025-11-11 17:52:40|desolo|optio|degero|acies|speculum|creo|coma|asper|spes|vitiosus|cras|aranea|magni|curia|defleo|aveho|coepi|turpis|thymbra|vobis|quasi|damnatio|cuppedia|patruus|usus|cohors|terga|commodo|arma|solutio|taedium|arbustum|taceo|conatus|suus|vereor|desparatus|agnosco|versus|videlicet|curia|sono|reprehenderit|vilis|varius|consectetur
subseco|tamquam|2026-09-08 02:55:26|2023-10-21 04:26:03|deputo|reiciendis|neque|viduo|2023-11-11 03:38:33|vulgo|celer|audacia|tredecim|perspiciatis|adipisci|calculus|reiciendis|abbas|quia|peccatus|coniuratio|pectus|arguo|deficio|decumbo|admiratio|dolor|cariosus|vulariter|paulatim|autus|curia|creta|taceo|sum|deripio|defetiscor|solvo|solum|atqui|sursum|cetera|bos|et|avarus|tenus|infit|depono|aperio|eos|cornu|benigne|quae|arguo|animus
ager|vulticulus|2026-08-13 04:07:56|2016-10-28 02:00:59|assentator|ipsam|aestas|vulgivagus|2017-07-03 18:23:40|convoco|uxor|sumo|colligo|contra|voveo|iste|decet|absorbeo|patruus|spectaculum|aro|summa|attollo|harum|tolero|cuius|arcus|toties|carpo|certe|corpus|adfectus|corporis|speciosus|apto|aedificium|utor|terra|auctor|somniculosus|comis|abeo|viridis|tabernus|vos|voco|adsidue|tergeo|beatus|tunc|tabernus|utroque|cicuta|ademptio|territo
vulgivagus|atque|2018-10-13 22:45:39|2020-10-03 17:59:13|depopulo|barba|maiores|summa|2018-09-16 15:23:53|temptatio|voluptas|voluptate|cavus|aspernatur|quos|denuncio|caritas|vae|admiratio|vero|bellum|vacuus|commodi|itaque|conforto|sortitus|defendo|ipsum|verumtamen|creta|speculum|amissio|absconditus|ullam|vel|comitatus|summopere|universe|accusantium|tabella|stipes|tergo|velit|sapiente|vester|cruciamentum|velociter|subnecto|vero|solum|vicissitudo|cicuta|nostrum|amiculum|circumvenio
textor|deporto|2017-01-18 06:04:30|2018-12-17 12:48:56|vero|surculus|coepi|tepesco|2019-05-26 23:25:34|inventore|damnatio|unde|dedico|nobis|clarus|termes|adimpleo|pauci|demitto|aperio|adduco|natus|combibo|ad|admoveo|arguo|tibi|aptus|terebro|ara|patruus|itaque|tempus|bis|beatae|vespillo|tollo|summisse|thalassinus|abduco|amplitudo|aeger|atrocitas|solum|dedico|patior|illo|decretum|cena|alias|carus|possimus|summopere|ancilla|alii
apto|carus|2022-02-06 12:23:28|2021-09-02 11:22:58|coma|aestus|cui|aperio|2022-09-14 04:36:57|toties|tandem|avaritia|deleniti|conscendo|ubi|claudeo|utilis|sulum|venustas|ustulo|arma|coniuratio|carbo|thema|utpote|taedium|comburo|vinculum|vesper|thermae|accedo|vetus|beneficium|terreo|pecco|aut|ver|vomito|delego|omnis|attero|umquam|adhuc|vox|amplexus|cinis|demergo|tot|capio|deleo|victus|in|corpus|adeptio|basium
corpus|accusamus|2021-02-14 05:22:06|2020-01-27 10:34:45|ustulo|subnecto|ventito|deleo|2024-07-28 22:31:36|a|totus|crebro|anser|thesis|acceptus|esse|celo|eligendi|carus|uter|cavus|usus|adicio|magnam|verbum|bestia|adnuo|venustas|condico|cornu|tersus|harum|cernuus|curatio|totus|talis|voluptates|vitiosus|comedo|cado|natus|creber|infit|agnitio|uterque|vita|illum|coepi|supra|abduco|usus|curto|voluptatem|tamdiu|aestas
ducimus|amissio|2018-01-12 03:40:18|2018-04-22 16:36:17|cuppedia|laboriosam|tubineus|alo|2019-11-13 00:28:08|cibus|abstergo|cometes|degenero|administratio|beatae|tabula|cognatus|vomito|caecus|colligo|curiositas|administratio|cognomen|agnitio|unus|credo|cruentus|aeger|defaeco|carmen|numquam|consequuntur|timidus|tonsor|timidus|deserunt|corrigo|amiculum|vindico|benigne|sordeo|ipsum|aiunt|assumenda|delectus|deprimo|sulum|ascisco|decimus|benigne|adhuc|bellicus|labore|expedita|aegrotatio
asper|convoco|2024-05-07 18:50:25|2018-06-08 09:30:25|spes|culpa|demum|pecco|2020-12-14 11:17:36|cattus|spiritus|similique|adsidue|veritas|thymum|canis|necessitatibus|esse|maiores|peior|animadverto|utrimque|coma|depereo|aptus|vero|studio|deripio|aer|trepide|coma|tabella|utrimque|voluntarius|comedo|umquam|adsuesco|corrigo|succurro|amplitudo|appello|ut|qui|thalassinus|aetas|vindico|versus|pauci|totam|voluptatum|depulso|vallum|admoveo|synagoga|ex
coma|curtus|2024-04-16 12:03:34|2022-10-30 13:15:05|consequatur|defaeco|sulum|atrox|2025-11-06 14:18:41|tempus|architecto|sumo|attero|tergum|testimonium|cupiditas|viduo|depono|beatae|sustineo|tabella|vir|consequatur|sursum|advenio|maiores|commemoro|laborum|cilicium|comedo|terror|averto|utroque|verbum|aptus|atqui|comis|thesis|comptus|ipsum|depono|corpus|infit|vestrum|cimentarius|callide|tibi|ventito|caries|laudantium|thema|constans|pel|asper|amaritudo
aegrotatio|vicissitudo|2025-03-17 02:38:46|2022-12-06 02:57:37|temporibus|correptius|solutio|amo|2017-11-25 11:49:29|dolorum|canto|coaegresco|canonicus|tergo|sollers|curiositas|deduco|ademptio|tandem|combibo|celebrer|adsidue|circumvenio|curatio|cognomen|cognomen|tergiversatio|sto|totidem|eaque|stabilis|terebro|ulterius|sollicito|tollo|ubi|adaugeo|deleo|quis|benevolentia|auctus|cibo|attero|porro|cotidie|copia|tripudio|usitas|virgo|compello|amoveo|conforto|conitor|abstergo|angustus
argumentum|dapifer|2018-01-15 15:36:03|2023-10-30 00:23:18|viridis|vestrum|accendo|adicio|2018-06-22 13:34:42|caries|auctor|sperno|xiphias|turpis|adulatio|voluptatum|mollitia|illum|solio|aestivus|vulpes|corrupti|conitor|temeritas|at|tego|culpo|ducimus|cupio|ab|decens|arx|sortitus|deficio|cribro|tepesco|tollo|inventore|somnus|cubitum|defero|quibusdam|animi|coniuratio|culpa|collum|tenetur|cauda|quis|coadunatio|patria|candidus|temporibus|tondeo|solitudo
theca|calco|2024-05-25 23:53:09|2016-10-02 04:57:11|depromo|nisi|auxilium|confugo|2021-07-22 15:38:31|vulnus|utrum|barba|sortitus|quo|admiratio|adipisci|solus|tepidus|solum|tripudio|succedo|aedificium|cogito|caritas|denuo|cohaero|amoveo|avarus|timor|deleniti|tres|thesaurus|credo|pel|compono|pecus|adflicto|amplus|agnosco|creta|esse|blandior|clam|teres|ancilla|ratione|tonsor|pauci|suffoco|contigo|creator|canto|deputo|consuasor|attero
est|deinde|2026-05-26 01:01:17|2022-05-11 01:59:55|coepi|aperiam|illum|carmen|2017-11-19 06:09:25|provident|sodalitas|ipsam|desparatus|curriculum|sit|vergo|avaritia|rem|versus|totam|cura|deludo|abutor|deleo|apparatus|urbs|inventore|ante|paens|dolorum|tendo|tabella|cupiditas|auctus|antiquus|textilis|artificiose|sophismata|unus|tergo|maiores|atrox|tego|cognatus|decipio|aufero|argentum|currus|urbs|quibusdam|vehemens|vulgivagus|color|debitis|cohors
vulgus|aer|2017-09-29 01:01:57|2020-03-20 05:05:31|pecus|bibo|sollicito|stillicidium|2024-03-13 03:21:23|summisse|voluptates|auctor|blanditiis|mollitia|cultellus|tepesco|adsum|suasoria|defaeco|tardus|summopere|altus|amplus|aetas|amicitia|aestas|abeo|aqua|defaeco|administratio|vereor|architecto|alii|subvenio|delicate|pectus|neque|articulus|arceo|bonus|delego|cum|cras|abscido|advoco|magnam|deserunt|itaque|contabesco|desino|admoneo|attero|demonstro|suffragium|cetera
cupressus|tricesimus|2020-01-18 16:39:07|2026-02-09 20:52:20|vinitor|vos|bardus|ademptio|2018-01-26 10:54:59|subvenio|animadverto|supellex|depereo|clibanus|repellendus|temeritas|cupio|termes|non|repudiandae|quasi|recusandae|ater|deficio|admoveo|somnus|utpote|antepono|infit|tolero|conscendo|culpo|argentum|coerceo|advoco|depulso|sono|contra|vorago|communis|video|exercitationem|talus|coniuratio|sto|defero|vomer|acceptus|votum|alias|reprehenderit|benevolentia|utrimque|virgo|testimonium
quod|carcer|2020-06-22 01:01:28|2023-03-23 03:06:00|vinum|cursus|beneficium|suggero|2017-10-26 14:56:12|desipio|sub|alo|adeo|utor|varius|torrens|vivo|corroboro|triduana|color|aveho|causa|viscus|deleniti|asporto|tantillus|vox|aliquam|vulticulus|amplus|vulnus|deleo|expedita|cicuta|auxilium|quia|valetudo|varietas|cruentus|eveniet|curso|aggredior|odio|ducimus|amicitia|corrigo|defungo|decretum|conicio|viduo|alioqui|cinis|deputo|appositus|approbo
cognatus|aggredior|2022-12-13 16:14:29|2018-03-06 11:26:05|sui|attonbitus|dolorem|comprehendo|2022-08-10 23:07:20|acsi|terminatio|dignissimos|distinctio|claro|delego|placeat|arbor|magni|ea|vereor|nesciunt|natus|torrens|suscipit|ait|tripudio|bene|delicate|video|sto|quas|deprimo|xiphias|asperiores|tabesco|cubicularis|cribro|benigne|cursim|desparatus|quo|somnus|blanditiis|abundans|alioqui|cognatus|deputo|currus|tardus|cribro|magni|vacuus|vinum|apto|ventosus
adsidue|tametsi|2023-06-24 17:54:56|2025-03-31 16:05:11|sublime|aestivus|substantia|aperiam|2025-04-18 20:51:10|accusantium|talio|culpa|earum|stillicidium|tergum|veritatis|angulus|argumentum|cras|velociter|defendo|tandem|dolor|animadverto|porro|eaque|conventus|dolores|eum|defessus|tremo|distinctio|deficio|vilitas|patria|carbo|campana|cum|amitto|acervus|carpo|veniam|comptus|pectus|stips|dolores|molestias|quam|vorax|curtus|temeritas|talis|certe|nesciunt|pauper
attonbitus|paulatim|2021-09-22 02:51:07|2018-03-17 15:08:12|advoco|at|barba|vel|2024-08-18 08:28:04|dignissimos|cogito|adhaero|laborum|ter|capillus|cultura|abbas|somniculosus|concedo|quos|pecus|spiritus|veritatis|talio|ancilla|demum|bestia|tergum|conduco|speculum|spero|amor|patior|tenax|audentia|territo|tersus|vesco|ventito|comprehendo|damno|casso|tergum|astrum|mollitia|conturbo|vallum|atqui|abutor|annus|arbor|urbs|dignissimos|derideo|voco
assentator|turpis|2021-03-17 19:47:03|2022-11-17 08:08:15|talio|defero|supellex|adversus|2024-06-22 14:11:32|amaritudo|solium|labore|vulariter|mollitia|vox|vis|alter|nesciunt|spero|sophismata|deficio|cenaculum|ocer|caritas|cito|animus|damno|peior|amoveo|aestus|antea|admoneo|casso|addo|deprecator|denuo|saepe|magnam|pel|coma|timidus|sophismata|comis|adfectus|curto|thema|desparatus|vinculum|curtus|magnam|decumbo|aspicio|allatus|vulnus|basium
modi|cresco|2019-11-22 13:09:40|2017-11-06 13:11:38|vicinus|comis|confero|temperantia|2021-12-15 01:35:00|pectus|theatrum|speciosus|conscendo|damnatio|urbs|conservo|culpo|tres|absconditus|quasi|compono|dapifer|alioqui|caelum|cilicium|aer|terror|vita|cresco|comprehendo|theologus|distinctio|adduco|solium|curso|vilitas|templum|aeternus|repellendus|argentum|delibero|cattus|beatus|asperiores|amplus|vespillo|verecundia|speciosus|peior|pecto|patria|explicabo|tantillus|uredo|minus
virga|et|2024-08-15 23:18:49|2025-07-08 12:50:48|universe|tubineus|urbs|nesciunt|2018-01-27 03:33:10|aveho|cavus|censura|carpo|caveo|subvenio|corpus|veritas|compono|summa|adsidue|possimus|conforto|agnitio|casus|terga|talus|toties|cui|atrocitas|vulariter|cibo|necessitatibus|cunae|acidus|triduana|commodo|vita|aequitas|adfero|angulus|vere|sono|adfero|artificiose|acquiro|amiculum|aranea|alveus|villa|alioqui|cupiditate|carcer|recusandae|usus|suffragium
carus|adsum|2023-06-15 22:16:10|2018-11-29 20:21:02|suscipio|cogo|quae|subiungo|2021-09-12 18:59:09|et|non|aliqua|inflammatio|vulgo|cohors|color|coma|condico|cuppedia|derelinquo|terreo|arbor|beneficium|conicio|ascisco|quo|arcesso|tyrannus|incidunt|alo|verbera|desipio|causa|amplexus|vociferor|virga|spectaculum|ultio|terreo|vigilo|viduo|deduco|cerno|blanditiis|cresco|sapiente|nesciunt|cupio|ab|angulus|benigne|derelinquo|nemo|venia|varius
consequatur|delectatio|2017-02-14 14:43:17|2018-07-20 00:11:18|dedico|bibo|audentia|ver|2021-07-31 00:15:09|ocer|ait|enim|tenuis|arbustum|cimentarius|traho|atrocitas|damnatio|aedificium|totam|assentator|vinculum|patrocinor|velut|atrocitas|accedo|ara|aperiam|uredo|usque|facilis|supra|turbo|quo|sulum|totus|cum|temperantia|conturbo|usitas|vicissitudo|vado|absconditus|deserunt|causa|traho|currus|coaegresco|collum|certus|tamdiu|crinis|coniuratio|cumque|volup
vulgaris|subiungo|2021-08-11 07:39:33|2025-01-05 05:04:20|tripudio|alter|adsum|spes|2019-07-18 16:00:09|derideo|itaque|aveho|tam|calamitas|suscipio|theologus|vomica|bellum|fugit|repudiandae|suppono|amet|combibo|nesciunt|eaque|amiculum|civitas|sperno|officiis|demoror|vesper|vaco|barba|adipisci|candidus|cerno|calamitas|credo|reiciendis|vitium|tutamen|validus|vilitas|denuncio|vindico|votum|comis|admiratio|non|atrox|carpo|est|tergo|decumbo|harum
odio|ex|2023-07-06 13:51:34|2022-09-30 16:16:00|pauci|averto|culpo|defleo|2021-03-25 19:03:00|vicissitudo|contra|ex|cribro|vociferor|verbum|aspicio|uter|tenax|suadeo|sequi|aranea|dolores|texo|vae|vomito|depulso|terror|theca|victus|corroboro|perspiciatis|copia|tergum|caste|via|agnitio|claro|usitas|uberrime|verumtamen|adflicto|acsi|supra|tamisium|absens|strues|arcus|cattus|abutor|careo|ratione|totam|provident|atque|dens
virga|virga|2024-02-02 22:51:27|2018-06-20 16:40:54|caelum|libero|adamo|appono|2021-11-20 04:24:24|id|sint|addo|cur|vester|minima|cibo|veritatis|sollicito|deprecator|summisse|crinis|vix|eveniet|caries|corrigo|celer|texo|talio|sponte|voluptatibus|deficio|desipio|patria|solus|demoror|desparatus|contabesco|deinde|defaeco|demoror|vestigium|quibusdam|cultura|esse|summopere|apparatus|ultio|commemoro|vitium|totam|amo|pax|vivo|clibanus|beatae
capto|color|2023-12-02 17:16:21|2020-04-10 17:24:57|conduco|vinculum|quo|itaque|2021-09-16 22:55:20|conculco|voluptatum|cresco|aequus|vulnero|adficio|cruciamentum|debeo|solitudo|libero|texo|depono|aeger|acidus|vinitor|venio|vita|admoveo|commemoro|admiratio|suscipit|desino|quos|creator|desolo|vomica|dolorem|tunc|unde|officiis|crur|pecco|contego|temeritas|aeger|valens|theologus|tabella|surgo|arguo|defleo|benigne|caries|conculco|candidus|tego
molestias|stipes|2026-06-09 11:05:04|2022-12-22 05:30:57|textor|textus|adsum|aeternus|2021-03-26 00:24:38|adhuc|delicate|omnis|spiculum|denuo|ullam|summopere|arbitro|amissio|curtus|animi|coniecto|peior|itaque|ducimus|adficio|abundans|aegrotatio|supellex|vociferor|est|in|beneficium|tumultus|auctus|sum|facilis|volaticus|angulus|adipiscor|debeo|attollo|despecto|cresco|colo|territo|quo|stabilis|tolero|vinco|conitor|apto|vitiosus|curvo|alioqui|totam
vereor|vorago|2025-07-01 23:39:07|2022-04-28 17:40:31|dedico|capto|vinculum|depereo|2017-01-19 11:57:00|alioqui|acies|adulescens|veritatis|amoveo|creta|accedo|artificiose|ago|votum|assumenda|thermae|tantillus|adversus|aspernatur|capio|clarus|accendo|velut|pectus|angelus|culpo|speculum|degero|vereor|cado|atque|sumptus|conduco|patrocinor|angulus|acidus|quam|undique|appello|demitto|creta|theca|subito|uredo|tamen|ullus|audacia|valeo|adfectus|theca
artificiose|canto|2026-02-02 22:51:39|2026-08-15 05:58:01|vallum|usitas|accommodo|viscus|2022-11-29 23:51:40|necessitatibus|delicate|acquiro|patior|antiquus|summopere|vorago|demergo|acidus|unde|trans|caveo|valeo|surgo|patrocinor|caste|carpo|articulus|aeneus|aequitas|deludo|delectus|aestas|quasi|virgo|dens|abscido|nam|pariatur|venio|comes|quibusdam|adaugeo|defaeco|expedita|contigo|similique|cogo|culpo|arbitro|admiratio|creta|avarus|canto|maxime|cumque
nostrum|sonitus|2022-01-20 01:49:10|2022-06-14 07:54:28|voluptatibus|delicate|urbs|aqua|2018-04-29 14:45:26|ventus|triduana|adficio|corrupti|sumptus|aptus|inflammatio|animus|clementia|facilis|capillus|soleo|cubicularis|contigo|volup|alienus|ver|venustas|apparatus|ustilo|ventito|videlicet|cogo|nesciunt|natus|tondeo|carmen|strues|vinco|amiculum|alioqui|tabgo|tibi|clarus|uter|dolorum|dolor|ver|terror|cursus|dapifer|beatus|caste|cum|at|absorbeo
admiratio|corrumpo|2021-01-19 04:08:42|2017-01-24 16:19:20|crebro|terreo|architecto|apud|2023-09-29 01:23:28|beatae|umbra|sursum|itaque|dedecor|degusto|derideo|cubo|verumtamen|arca|rem|surculus|aspicio|turbo|catena|tempus|comprehendo|tunc|ubi|stultus|cur|tenax|suffoco|arbitro|ab|aegrus|advoco|defetiscor|explicabo|molestias|vitae|teres|abeo|enim|succurro|comminor|universe|advenio|aliquam|abduco|abundans|quas|non|curriculum|quisquam|cuppedia
avaritia|adflicto|2021-04-22 09:01:29|2020-11-11 01:27:50|eveniet|dolor|vergo|aut|2018-01-18 17:07:51|temeritas|tempora|deludo|demoror|delego|super|thymum|pauci|tamisium|comptus|desidero|natus|atrocitas|triumphus|tam|ambitus|stillicidium|viridis|cavus|usque|centum|curriculum|deduco|tamdiu|rerum|sustineo|textor|dedecor|conventus|apparatus|doloremque|umquam|acidus|animadverto|cum|cumque|consuasor|tui|adeptio|adamo|assumenda|suus|depono|capto|cruentus|decretum
solio|decet|2022-10-31 11:37:24|2019-03-02 10:57:26|accusator|accusator|vigor|atavus|2026-05-15 03:03:30|vesper|caput|iure|accendo|atqui|umquam|crustulum|bonus|voluptatibus|contra|cognatus|defendo|alo|cogito|facere|bellicus|terreo|natus|verecundia|custodia|caveo|cena|vereor|tero|casus|terminatio|deinde|terror|atavus|aveho|voluptatibus|tredecim|suffragium|quae|claustrum|quasi|cohibeo|solium|vulariter|auctus|labore|vero|totam|abbas|capillus|tredecim
tantum|a|2017-06-30 14:53:04|2021-07-17 03:56:07|cauda|caveo|stella|pauper|2019-03-19 08:46:25|summopere|vulnus|cerno|usus|amiculum|aperiam|cui|ante|tredecim|apto|vinum|at|tabella|claustrum|aufero|vulgaris|clarus|suppellex|sum|spoliatio|stella|decerno|corona|solus|depopulo|pecco|correptius|decretum|aro|vinculum|candidus|adaugeo|porro|solum|cupressus|adduco|conculco|desino|tepidus|earum|conor|dedico|callide|unus|degenero|soluta
callide|tum|2018-06-15 05:46:04|2020-06-20 09:50:16|brevis|utor|validus|versus|2025-12-16 20:14:18|verus|demum|attero|taedium|voluptatibus|civis|audacia|utique|desparatus|tametsi|cinis|defendo|iure|administratio|sto|aeger|non|adversus|basium|delicate|carcer|crudelis|cui|omnis|ultio|depromo|sit|vindico|suadeo|ustulo|deludo|angulus|culpo|tutamen|corrupti|vesica|triumphus|utrum|aspicio|a|cibo|aperio|vir|armarium|consuasor|acervus
abeo|tenetur|2024-12-24 09:06:04|2018-12-19 05:03:10|voluptatem|clibanus|caritas|decerno|2022-07-26 10:21:27|solutio|tempus|usque|argentum|surculus|patruus|vomica|caritas|vulnus|confero|in|vix|minima|theatrum|synagoga|qui|ascisco|totam|adamo|laborum|bibo|uredo|alveus|calamitas|decens|aequitas|acervus|curis|capio|optio|dedico|utrimque|colligo|desolo|sumptus|caste|coaegresco|auxilium|cinis|dolores|voro|sunt|tendo|xiphias|verumtamen|aggredior
minima|alo|2024-03-27 23:10:13|2021-03-12 11:56:57|voluptates|terminatio|calcar|verto|2023-09-02 03:45:15|tepidus|nihil|a|voco|debitis|angustus|talus|absum|cauda|sub|calcar|cornu|accedo|urbanus|sunt|vir|caveo|suffragium|decipio|summopere|desolo|talis|animi|crinis|cimentarius|clamo|aptus|vero|fuga|solvo|ipsam|eveniet|tutis|veritatis|thesis|esse|conqueror|harum|altus|vito|neque|depraedor|maiores|volubilis|spiculum|aestus
totam|comprehendo|2026-06-12 04:48:00|2020-05-23 19:05:55|truculenter|deorsum|summopere|adfectus|2018-10-12 16:14:14|error|tum|avaritia|pauper|amitto|avaritia|accendo|subvenio|repellendus|commodi|tepidus|voluptate|tollo|copia|et|ventito|delibero|cunabula|armarium|cognomen|utilis|celebrer|trepide|artificiose|termes|tego|temperantia|sum|xiphias|casus|derideo|comedo|autem|canis|saepe|aut|pariatur|omnis|civitas|venio|eos|velit|acquiro|avarus|ascit|tabesco
voluptate|virga|2021-09-15 10:36:15|2023-09-12 21:40:39|bardus|cupiditas|sto|spectaculum|2017-10-19 21:48:06|cognatus|acies|temeritas|corroboro|vindico|id|summopere|corpus|utrimque|desino|decet|villa|aiunt|urbs|aufero|vestrum|velum|aveho|debilito|tantillus|basium|debeo|adhuc|villa|eligendi|demulceo|congregatio|amplitudo|rem|excepturi|coaegresco|cubicularis|villa|theologus|cogito|adsidue|alveus|dolore|pecco|verus|ubi|cubo|acquiro|aveho|inflammatio|claudeo
cras|mollitia|2021-08-03 20:48:11|2020-06-11 08:25:57|vulticulus|ciminatio|voluntarius|deludo|2025-05-17 14:55:23|pariatur|ullus|arca|sed|aestus|dolorem|quia|cerno|pectus|perspiciatis|absorbeo|comprehendo|appello|cultura|acerbitas|sono|barba|voveo|textilis|corrigo|cunabula|accusantium|autus|mollitia|sto|eveniet|maxime|circumvenio|nulla|absorbeo|summa|capitulus|angustus|saepe|demoror|crur|confido|thorax|trans|tonsor|attollo|assumenda|ocer|sub|vesica|credo
summopere|ullus|2016-09-30 02:15:29|2019-09-04 23:16:30|calamitas|tolero|velociter|vilis|2022-08-29 07:25:25|approbo|vulnero|coniuratio|defleo|aptus|voluptas|nihil|voveo|tamquam|articulus|coniuratio|cognatus|tego|amita|ager|ratione|tantillus|curo|culpo|culpa|vetus|vilis|dedico|derideo|est|vesica|in|ademptio|caelestis|cognatus|similique|appono|suppellex|aggero|cena|strenuus|absconditus|comedo|molestias|trans|admoveo|teres|tot|ager|canonicus|tempora
combibo|carmen|2025-06-14 19:28:13|2024-06-24 02:27:07|suffragium|sollers|sunt|laboriosam|2023-07-10 10:22:31|tamquam|angelus|vespillo|amplus|tertius|tero|illo|vivo|ante|tempus|asper|alter|brevis|pel|vulnus|vesica|taceo|crapula|depraedor|tristis|illo|clam|numquam|amissio|ad|thymbra|demonstro|peior|depraedor|caput|crapula|paulatim|umquam|coma|strenuus|suspendo|inflammatio|commemoro|cultura|demens|volva|desparatus|caute|delibero|sum|sordeo
socius|harum|2024-05-31 04:29:47|2024-02-27 02:14:00|laborum|concido|earum|adhuc|2018-04-28 04:32:08|cenaculum|audeo|audax|architecto|urbs|sufficio|tolero|xiphias|cotidie|sumptus|tamisium|tenetur|denuo|trepide|incidunt|colo|cresco|ulterius|vestigium|sustineo|aspicio|aiunt|deripio|carus|sit|consequatur|cogito|unus|cursus|aiunt|amor|theca|civis|videlicet|sopor|dolor|desidero|laboriosam|bene|odit|vulgus|depono|utrum|trepide|valde|crebro
voluntarius|coma|2024-03-16 05:05:07|2020-01-30 17:42:34|agnitio|officia|conitor|maiores|2023-08-28 19:19:28|curvo|truculenter|vir|termes|solium|tersus|sursum|bis|absens|pel|quo|acervus|dedecor|crudelis|degero|volva|thermae|adimpleo|alius|admiratio|usus|appono|solio|custodia|arbustum|bellicus|cum|ipsa|clamo|accommodo|adamo|tumultus|clarus|adipisci|basium|conscendo|uberrime|nemo|candidus|versus|volva|depono|tendo|astrum|aveho|consequatur
synagoga|votum|2024-10-20 16:38:23|2022-09-24 02:41:58|est|consuasor|patruus|utrimque|2024-12-17 05:11:47|canonicus|beneficium|vomer|ustulo|vilitas|temporibus|officiis|abstergo|earum|pariatur|coerceo|astrum|curvo|tutamen|commemoro|ars|succurro|capto|turbo|capio|verbum|tabula|apostolus|suus|ipsam|adsidue|et|teneo|curso|subito|denuncio|vicissitudo|carbo|cupressus|ustulo|copia|amita|ara|damnatio|crastinus|tener|soluta|deleo|vere|depono|cohaero
defero|vero|2026-06-12 23:27:18|2020-06-09 01:58:29|auctor|magni|advoco|caelestis|2020-07-18 13:52:58|sint|acidus|sub|certe|officia|una|arcesso|alias|vesco|arcus|theca|audio|texo|abduco|aer|consuasor|fugiat|adflicto|adficio|coma|vita|cernuus|ara|calcar|capillus|sto|quia|coma|voluptatibus|cras|ventus|derelinquo|adsuesco|sol|nesciunt|ipsa|soluta|tempus|maxime|claro|adaugeo|turpis|theca|vomito|vestigium|canis
cohaero|absque|2023-06-21 12:07:43|2021-12-07 03:54:32|repellat|urbanus|reiciendis|cenaculum|2020-02-22 21:17:19|cibo|velociter|tero|minima|terminatio|amplus|carcer|textilis|amita|quam|agnitio|crux|expedita|decerno|tibi|acceptus|cultellus|mollitia|artificiose|conscendo|voco|combibo|tabgo|circumvenio|adiuvo|caterva|ubi|itaque|caveo|odit|tepidus|provident|modi|asperiores|curia|demulceo|statua|cattus|sufficio|aetas|deleniti|solio|defungo|confugo|audax|temporibus
vesper|admoneo|2020-10-17 23:57:02|2023-02-04 07:37:37|utrum|demonstro|aspernatur|adsidue|2020-12-08 21:49:46|anser|adfectus|cursim|vigilo|dicta|vero|atavus|complectus|odio|ultio|aestas|vigilo|tubineus|colligo|celo|molestiae|canis|antepono|libero|ancilla|defleo|avarus|clibanus|artificiose|voco|delectatio|deputo|antiquus|alioqui|dolorum|arbitro|vix|acies|arbor|tero|aurum|carbo|absque|assentator|quidem|suspendo|terebro|comburo|assumenda|totus|suffragium
adamo|aer|2021-07-09 20:46:42|2021-04-09 09:17:47|vulticulus|vulticulus|arcus|audax|2021-10-05 05:40:03|tum|perspiciatis|averto|termes|tribuo|exercitationem|vir|nihil|torqueo|patria|distinctio|torqueo|bellum|vero|surculus|vis|demo|coerceo|curis|neque|dicta|validus|accusantium|tero|consectetur|amplus|patior|contabesco|toties|crustulum|ipsam|caput|tandem|ullam|vos|occaecati|ter|adsidue|delectatio|admoneo|depopulo|atque|terreo|comptus|conitor|tenax
tendo|ullus|2018-12-01 13:17:16|2020-02-06 05:19:26|quos|sufficio|quia|adversus|2019-11-03 06:28:15|ipsam|corrumpo|vester|alias|crastinus|volubilis|chirographum|antea|alii|ager|vos|congregatio|surculus|nesciunt|audacia|crepusculum|demoror|copia|aeneus|quibusdam|adstringo|soleo|virga|repellendus|clamo|comis|appositus|thesis|cunctatio|spectaculum|vulgo|verbum|vir|crepusculum|atque|usus|tandem|delibero|nulla|officiis|vitium|admoneo|valetudo|calco|commodi|comedo
vulpes|ascisco|2024-07-15 09:03:02|2021-11-23 06:45:58|facere|uredo|pecto|pauci|2021-02-28 08:36:16|dens|cuppedia|conitor|cetera|synagoga|cura|cum|demum|comes|auctus|aestas|apud|dapifer|adsuesco|uterque|arcesso|cruentus|amicitia|blandior|ullus|atavus|tumultus|numquam|ater|vehemens|usus|depraedor|placeat|temperantia|altus|celo|desparatus|volaticus|vicissitudo|caveo|vicinus|conor|vitae|adaugeo|contego|creo|atrox|eligendi|claudeo|suggero|tergeo
cariosus|vestrum|2017-08-28 19:54:39|2018-01-22 02:34:09|infit|aptus|audacia|terebro|2020-07-01 08:24:14|nulla|perferendis|vespillo|celo|aegre|somnus|reiciendis|adiuvo|amplitudo|harum|adiuvo|autem|adinventitias|pecto|autus|adfero|ager|thymbra|strues|desipio|vivo|attero|conculco|cometes|socius|vulnus|possimus|vulnero|vacuus|suppellex|crebro|utilis|videlicet|adhuc|defero|curvo|adulescens|ustilo|creta|tempus|tepesco|nulla|denuo|comis|accendo|acceptus
baiulus|acceptus|2022-02-18 11:47:41|2025-02-19 22:50:40|decens|volo|vestigium|angelus|2017-06-26 02:57:02|ter|desipio|ab|tergeo|spiritus|corrumpo|agnitio|confugo|artificiose|careo|articulus|doloremque|acquiro|sulum|pectus|nihil|vis|patior|ascisco|illo|absorbeo|depulso|uter|vacuus|termes|surgo|dolore|tertius|teneo|torrens|totidem|suffoco|comprehendo|pecto|thymum|stipes|caecus|vapulus|trucido|adsum|vereor|adeptio|celebrer|textilis|harum|victus
timor|cruciamentum|2024-10-02 04:39:04|2024-06-06 06:27:32|thymum|defendo|vilicus|vaco|2025-10-21 20:04:08|ducimus|adsuesco|celo|desparatus|iure|venia|aegrotatio|bis|atrox|toties|quo|denego|terror|delectus|vacuus|deduco|spectaculum|ustulo|accendo|ex|praesentium|ulciscor|vilitas|suus|adulatio|vespillo|denuo|earum|aut|cicuta|terminatio|depereo|sollers|aranea|delinquo|cruentus|titulus|alveus|tui|cura|textilis|aeternus|ter|quaerat|villa|quae
cibus|averto|2017-02-05 03:35:41|2018-04-22 11:29:52|nihil|umbra|concedo|ceno|2026-03-22 06:10:50|abstergo|sequi|vos|atrox|qui|cotidie|facilis|cena|venio|crepusculum|cupiditas|quisquam|suasoria|pecco|currus|adipisci|utrimque|cupiditas|accusator|dolorem|deduco|venustas|solium|addo|cedo|titulus|cerno|clibanus|nesciunt|universe|amaritudo|solutio|distinctio|apostolus|currus|thema|desino|copiose|amiculum|hic|subito|volup|thesis|vestrum|ascisco|ademptio
adimpleo|suffoco|2016-11-14 13:39:24|2022-08-24 20:28:13|deinde|cultura|suasoria|animadverto|2021-06-20 14:26:19|xiphias|triduana|cetera|auditor|sum|volaticus|viriliter|cibus|commodo|consequatur|deleniti|cunctatio|somniculosus|itaque|optio|vae|delectus|pariatur|caput|sollicito|aduro|abscido|sublime|alter|apto|fuga|inflammatio|culpa|trans|celebrer|sufficio|inventore|autus|adflicto|adversus|degusto|claudeo|carcer|comes|communis|attonbitus|velociter|doloribus|inflammatio|cotidie|curriculum
blanditiis|vae|2020-11-23 11:40:53|2020-09-24 14:50:49|adaugeo|sollers|arma|deprecator|2016-10-16 03:58:45|occaecati|audax|ultio|currus|aetas|varietas|sequi|inventore|cupiditate|bardus|clarus|cunabula|volva|stabilis|patrocinor|appono|uberrime|despecto|nisi|cupiditas|adduco|molestiae|iusto|absum|xiphias|esse|alius|sollers|truculenter|abduco|solvo|torqueo|candidus|uredo|despecto|cribro|vero|utpote|ara|arca|coruscus|alo|ante|amaritudo|umquam|virgo
amiculum|tracto|2026-01-18 03:58:05|2019-06-11 01:37:51|capitulus|vulgivagus|denego|terror|2022-10-20 06:49:53|adsum|acies|aegrotatio|contego|coma|cerno|apto|adimpleo|cogo|adulescens|inflammatio|congregatio|auctor|crinis|agnosco|solium|cariosus|vae|tergiversatio|curis|sordeo|solio|thorax|nam|accommodo|spectaculum|delego|talio|video|ars|crepusculum|considero|cupiditas|repellendus|decet|adaugeo|conicio|caute|dolores|absum|nostrum|charisma|tantillus|colo|dapifer|clementia
cur|tabgo|2019-12-05 02:41:10|2025-08-06 23:55:10|contabesco|sum|carcer|coniecto|2019-02-13 08:37:51|consuasor|teres|voveo|aurum|at|consectetur|decet|stips|vis|sponte|infit|dolore|deleniti|umerus|demo|tredecim|saepe|usitas|facere|callide|decimus|condico|sint|tergeo|cavus|nihil|delicate|viduo|uter|defluo|cibo|adulescens|alienus|cavus|aperiam|asper|cur|spectaculum|tricesimus|cerno|tantillus|antea|defendo|crur|ventosus|corona
maiores|socius|2023-01-19 12:14:57|2020-04-27 13:22:15|atrocitas|cervus|curatio|aliquid|2018-06-22 14:32:31|accedo|deinde|amissio|cuppedia|canonicus|patria|velociter|confugo|contego|solitudo|coma|eos|apud|doloribus|pariatur|vero|capillus|natus|subnecto|civitas|voco|deporto|vitiosus|certus|ancilla|coaegresco|harum|tamdiu|tantillus|vulgus|vito|tergiversatio|angulus|damno|adiuvo|acervus|conatus|tenetur|crebro|spiritus|vivo|suffragium|curriculum|comparo|accommodo|alioqui
utor|terebro|2024-01-05 22:05:21|2026-05-03 15:11:15|inventore|denuo|calamitas|celer|2024-09-07 07:35:52|quidem|adamo|solutio|corroboro|curia|capio|vomito|aestivus|aduro|voluptatem|conforto|accusantium|acer|stella|usitas|cuppedia|cerno|aperte|thema|comparo|terror|deduco|tepidus|verumtamen|carpo|tabernus|thesis|capillus|delicate|dolor|coaegresco|aequus|utique|tergum|magni|illum|tamisium|curriculum|candidus|conqueror|cometes|corroboro|tumultus|vergo|excepturi|cras
civis|paens|2017-03-25 02:37:40|2020-01-28 16:13:04|eaque|aspernatur|stella|commemoro|2026-06-02 22:48:22|vilis|volutabrum|expedita|valetudo|xiphias|pecto|civitas|velum|cupio|amplitudo|veritatis|cursus|collum|iusto|tendo|tantillus|sum|video|crustulum|adnuo|circumvenio|calco|voluntarius|tutamen|quae|curiositas|strenuus|accendo|vitae|spargo|thorax|doloribus|ara|subiungo|coadunatio|vero|libero|speciosus|dolorem|earum|dolor|civis|aestus|utilis|succedo|sodalitas
ambulo|cometes|2019-07-19 06:59:38|2021-07-13 04:50:46|officiis|audacia|vix|deripio|2019-01-18 08:31:23|canto|carbo|centum|alias|comminor|aperiam|ait|voluptates|conspergo|usus|ducimus|conicio|ventito|maxime|adduco|credo|cinis|acidus|animi|timor|appositus|unus|succurro|auctus|eius|aiunt|eius|minima|averto|talio|eum|adicio|solio|tutis|attero|defetiscor|sponte|cursus|vacuus|conatus|molestiae|libero|laborum|sono|demitto|cultellus
capitulus|supellex|2026-08-22 09:00:02|2023-08-08 04:10:43|coadunatio|casus|tergeo|adinventitias|2020-10-01 10:04:36|terga|sub|assentator|aiunt|decerno|adfectus|agnitio|defungo|apto|articulus|consequuntur|vindico|audentia|clam|molestias|hic|angelus|comes|corrumpo|audio|adimpleo|teneo|verbum|taceo|adversus|crastinus|asperiores|supplanto|tabernus|earum|totus|velociter|vitiosus|uberrime|succedo|aliquid|solio|condico|aspernatur|umquam|vinco|astrum|abbas|vorax|thymum|aqua
depono|odio|2021-09-14 09:00:58|2016-12-14 21:23:35|spiritus|tempore|vulariter|decimus|2023-02-24 16:02:56|corrumpo|defero|calamitas|auxilium|desparatus|patrocinor|volubilis|coruscus|natus|caput|amiculum|comptus|esse|caput|tricesimus|valeo|aranea|dapifer|speciosus|adipiscor|vestrum|bos|sordeo|ambulo|solio|dapifer|charisma|attollo|verus|adduco|delinquo|acer|ara|termes|desolo|illum|carpo|aduro|tamisium|despecto|aranea|eveniet|collum|ventus|vicissitudo|attero
auditor|assentator|2018-08-20 07:32:56|2023-05-29 20:51:49|aufero|acsi|verus|beatae|2024-06-20 09:31:20|trado|inventore|spero|deludo|vesper|coadunatio|ater|spiculum|autus|timidus|verumtamen|tactus|praesentium|canto|vulnus|verecundia|aetas|strenuus|angelus|ambitus|terra|cupiditate|aqua|vulgivagus|statim|vilicus|antiquus|cohaero|asperiores|aeger|ullus|uberrime|crepusculum|cultellus|cognatus|surculus|alias|tergum|cometes|demum|curto|voluptatum|vinco|adipiscor|apparatus|contego
coaegresco|vito|2021-07-27 03:46:30|2024-02-10 05:19:39|corrumpo|voro|colligo|solvo|2021-09-30 22:54:34|tamen|pax|ademptio|pel|audacia|civitas|beatus|volo|ultra|possimus|ago|defaeco|cattus|derideo|quibusdam|quae|aurum|deinde|talio|omnis|curso|depereo|dedecor|una|ago|audeo|candidus|optio|aliqua|cumque|stillicidium|certe|volva|suasoria|demoror|xiphias|supplanto|vero|bibo|defero|vociferor|universe|possimus|aliqua|despecto|defluo
aggero|impedit|2020-06-13 22:43:22|2019-08-06 23:22:39|benigne|virga|ventus|atque|2024-06-19 18:51:15|vulnero|cohors|beatus|deprimo|articulus|cum|virtus|nam|vesper|compono|vorago|comes|confugo|suffragium|aer|averto|voluntarius|tot|damno|demonstro|vado|accedo|omnis|facere|adnuo|villa|talis|patior|theatrum|ademptio|tabesco|incidunt|agnosco|cras|coadunatio|templum|audacia|aspernatur|viscus|pax|claustrum|curis|acsi|supellex|carus|architecto
sono|consectetur|2017-02-25 05:47:42|2017-10-04 01:27:55|ulterius|condico|iusto|annus|2025-10-01 19:59:38|uterque|iusto|sub|molestiae|qui|ulciscor|audax|verus|commodo|textus|sopor|altus|ullus|vel|antea|vinco|cornu|delibero|stella|avaritia|adsidue|arcesso|quo|angulus|cubo|succedo|totam|alii|assentator|inventore|venio|ars|arto|concido|sperno|urbanus|solium|est|theca|vos|valens|alius|infit|crux|ad|virga
arx|conor|2023-09-12 17:23:11|2018-07-29 23:10:40|adsum|spiritus|carcer|spargo|2020-01-16 00:16:52|circumvenio|aveho|charisma|beatus|virga|cernuus|coaegresco|umquam|termes|a|pectus|suppono|annus|pectus|capillus|conduco|averto|adhuc|dolorum|tenus|conventus|depromo|adeptio|auctus|altus|adulescens|adfero|nihil|beatae|degusto|aegrotatio|culpa|carbo|acies|denique|amita|vetus|artificiose|voluptas|amiculum|vereor|nihil|torrens|cito|auditor|minima
acer|thema|2023-06-27 03:51:42|2026-03-01 03:56:38|ustulo|studio|deficio|adsuesco|2025-06-30 01:08:39|truculenter|video|strenuus|trado|agnosco|aranea|terror|tolero|cedo|basium|bardus|coniecto|suspendo|utrimque|nisi|artificiose|cibus|vos|trado|animi|explicabo|conduco|desipio|deporto|vulnus|sursum|vergo|caveo|copia|architecto|carbo|tutamen|beneficium|vulgo|sufficio|sonitus|coruscus|aggredior|vito|verto|campana|statim|appello|cura|neque|tredecim
somnus|cattus|2022-08-16 08:48:45|2023-02-08 07:51:40|aveho|pecco|capto|consequatur|2019-10-06 21:29:20|ultra|synagoga|cumque|exercitationem|veniam|vicissitudo|dolorem|speculum|deficio|repellendus|vado|sustineo|charisma|corroboro|benigne|baiulus|abbas|tepesco|sordeo|verto|accusantium|asperiores|uter|toties|vesper|terminatio|comis|curo|capto|veritas|voco|dedecor|asper|crudelis|vester|thesis|suspendo|degero|architecto|nihil|vesco|ubi|succurro|creator|summisse|ago
atavus|vinitor|2017-02-09 15:41:09|2023-11-09 23:30:58|corroboro|quae|arbitro|depono|2018-06-24 23:51:01|distinctio|antepono|adnuo|truculenter|defungo|strues|stips|dolor|admoneo|bonus|culpo|commodi|repellat|officiis|tergo|attollo|veritas|confugo|vulnus|delectus|deputo|abduco|eos|cui|trado|tempora|nulla|arcesso|vulariter|defendo|trepide|cunctatio|constans|stella|tres|subvenio|comptus|tamisium|usque|tendo|depromo|conqueror|decens|caries|sodalitas|ancilla
allatus|carus|2018-09-26 12:25:46|2021-02-06 23:54:02|conduco|vaco|adicio|thymum|2023-12-01 11:44:24|subvenio|cicuta|quasi|aliqua|tergum|vero|iusto|sit|incidunt|vergo|valeo|sponte|sopor|placeat|coniuratio|vivo|calculus|tertius|cras|defetiscor|beatus|contabesco|tamisium|aro|curatio|voluptates|tempora|illo|adhaero|atqui|thermae|villa|arguo|temptatio|vulpes|verus|vinum|vacuus|quibusdam|depraedor|tempus|audio|vicissitudo|clamo|ulciscor|cubicularis
paulatim|asper|2024-07-16 15:54:59|2025-07-05 10:44:24|deleo|depopulo|aduro|color|2021-04-03 18:46:14|vulgus|arceo|patior|curtus|ager|quas|autem|acer|deleo|voveo|aequitas|ascit|eligendi|tui|modi|sordeo|adversus|tabernus|ocer|temeritas|alter|ulciscor|absconditus|ducimus|defungo|dolorum|ipsa|defetiscor|volup|assumenda|provident|nemo|ancilla|reprehenderit|aeternus|amissio|alioqui|arto|dapifer|auctus|terreo|volutabrum|surculus|aggero|vehemens|utilis
stabilis|coadunatio|2018-02-06 07:00:19|2025-08-09 17:40:35|vinitor|thesis|textor|confero|2021-01-31 07:02:23|patruus|complectus|appello|tumultus|bibo|eius|crustulum|accedo|bibo|claudeo|demulceo|timidus|arguo|nobis|bonus|itaque|appono|tepesco|videlicet|amicitia|umquam|cetera|unde|vehemens|coerceo|adsuesco|amaritudo|tyrannus|cui|non|verbum|deripio|damno|tum|triumphus|soleo|blandior|curvo|ocer|deinde|solum|tamen|studio|cresco|clementia|ait
tibi|ciminatio|2017-08-03 23:03:42|2022-10-29 16:26:22|curiositas|cibus|cunabula|laboriosam|2017-10-14 10:32:47|viscus|ut|theatrum|currus|deserunt|alii|creta|cavus|aliqua|asper|stultus|aspernatur|sollicito|canto|sublime|tamisium|comprehendo|via|autus|cognatus|alias|absens|cilicium|creator|color|officia|aeneus|ventito|animi|adnuo|enim|adficio|sumo|eveniet|acies|libero|voluptatem|adhaero|acsi|veniam|sunt|testimonium|minima|voluptatibus|sto|depromo
sequi|derideo|2022-05-02 15:17:49|2018-09-03 10:18:37|crustulum|magnam|deleniti|agnosco|2017-09-19 01:33:26|clarus|solvo|aer|ait|apto|vito|vesica|accendo|stips|concido|atque|vigilo|conforto|corporis|arma|copia|solvo|succurro|virgo|corrupti|cur|degenero|viduo|ut|asperiores|custodia|circumvenio|voluptatum|voveo|victus|tredecim|sollers|tergiversatio|adnuo|acerbitas|vae|amplitudo|verumtamen|avaritia|crastinus|illo|xiphias|deputo|tardus|minus|depereo
quo|vergo|2020-03-12 16:11:45|2022-05-29 22:58:54|summisse|pecco|undique|strues|2021-08-29 21:53:01|comprehendo|apto|caecus|basium|caelum|aliquid|ceno|expedita|ambitus|a|temperantia|video|conservo|comis|aliqua|demergo|blandior|necessitatibus|perferendis|degero|conitor|aer|cunae|admitto|ulterius|constans|sufficio|vado|comis|vilicus|cresco|supellex|clementia|quos|abduco|cupio|harum|animi|expedita|eum|quo|adamo|tumultus|paens|hic|confero
quos|deficio|2023-10-18 07:33:47|2021-06-01 22:23:22|utrum|creptio|sol|caritas|2017-06-11 22:42:39|quas|subiungo|ulciscor|eius|barba|valde|despecto|id|deprimo|ratione|angustus|caterva|denuncio|sustineo|crapula|cometes|tego|toties|laborum|comitatus|conqueror|pauci|sint|ventosus|adopto|asperiores|tabgo|contabesco|comis|contigo|porro|cursim|theologus|comptus|amitto|appono|ancilla|argumentum|coruscus|comminor|arma|amicitia|rem|suffoco|reiciendis|molestiae
nisi|tertius|2025-11-15 11:43:40|2025-11-11 22:43:48|congregatio|magnam|varietas|abundans|2020-03-17 08:02:45|articulus|confugo|brevis|clementia|tyrannus|tergeo|tunc|laborum|chirographum|appositus|crustulum|termes|ceno|adsuesco|patria|explicabo|tabella|administratio|caelum|auctus|trans|cohors|appello|aetas|anser|impedit|angulus|voluptas|tergo|tardus|adeo|possimus|contra|acies|defero|ventus|tot|mollitia|neque|abeo|ullus|strues|accedo|sophismata|viriliter|aut
vita|vulariter|2017-08-23 05:50:35|2019-03-23 03:41:34|in|deduco|canis|tremo|2022-03-25 16:07:41|villa|quo|tego|curis|rem|spes|censura|tepesco|molestiae|armarium|aveho|colo|color|spero|deduco|utrum|constans|varietas|succedo|quae|alii|vociferor|tenuis|tracto|enim|praesentium|adflicto|viduo|timor|cruentus|apostolus|canonicus|absorbeo|degenero|adsuesco|aspicio|tumultus|cattus|capto|nam|creator|atque|fugiat|ver|cresco|depopulo
deripio|deserunt|2021-03-18 05:20:36|2018-01-19 07:04:05|aegre|solus|currus|dolore|2024-06-23 17:09:17|patria|confero|aequitas|pecto|tener|paens|versus|dedico|deputo|callide|summa|tendo|deputo|et|quam|vere|adulatio|tricesimus|vicinus|vel|comburo|cognatus|cuius|utrum|custodia|credo|civitas|minima|copiose|vigilo|amet|cornu|comburo|torrens|viridis|culpo|adfectus|dedecor|ventosus|abeo|vomer|viscus|dapifer|somnus|alius|audentia
temptatio|sapiente|2024-01-02 04:22:12|2019-08-07 19:30:50|trado|amicitia|corporis|trepide|2026-07-11 06:46:24|agnitio|agnitio|advoco|sponte|abstergo|apparatus|catena|tamdiu|vicinus|ullus|vitiosus|viduo|depono|celebrer|aggredior|sustineo|brevis|tamquam|thema|enim|demulceo|vobis|baiulus|caries|aro|bellum|communis|tamquam|sollers|tutamen|admiratio|cedo|crepusculum|bos|aegrus|vobis|vestrum|deleniti|necessitatibus|cenaculum|cognomen|armarium|arguo|totidem|consequuntur|teneo
cursim|sodalitas|2018-01-02 08:35:47|2024-11-01 16:47:29|verecundia|fugiat|quo|adversus|2021-01-30 06:37:35|vergo|usitas|versus|spiculum|stella|nobis|thalassinus|toties|derelinquo|adeo|basium|comburo|crur|ager|iusto|congregatio|admiratio|crastinus|deludo|conqueror|adnuo|comparo|utrum|tyrannus|triumphus|verecundia|victoria|sui|crustulum|compono|delicate|deleo|atrocitas|tamisium|altus|arcesso|socius|necessitatibus|culpa|videlicet|exercitationem|talis|sponte|vestigium|verus|aequitas
addo|tredecim|2023-01-20 13:34:58|2024-08-12 22:53:32|peccatus|quia|cohaero|trucido|2019-08-27 15:56:33|velociter|varietas|sustineo|tertius|amicitia|astrum|acquiro|pax|defendo|acies|subnecto|ad|ait|defungo|cohors|vilis|pel|conor|statim|caritas|aranea|aliquid|ago|terror|desino|certus|verbum|dolorum|placeat|recusandae|defluo|decimus|tres|utroque|amplus|animi|quas|certus|absens|sint|cernuus|cultellus|arbustum|carpo|valde|talio
subiungo|tam|2024-06-21 23:12:55|2017-09-27 09:27:16|acer|tremo|calco|accusamus|2018-04-10 14:15:51|aperiam|umquam|ante|tantum|caveo|vulnero|comprehendo|bestia|acerbitas|teres|theca|appono|arguo|clementia|ullus|cotidie|cultellus|veritatis|aeneus|delibero|vel|certus|theca|cattus|succurro|denego|defetiscor|abduco|thesaurus|territo|caries|absum|cibus|curiositas|tolero|ager|repellendus|demoror|vivo|blanditiis|hic|clarus|bene|eum|ventosus|cavus
demergo|voluptatem|2026-04-08 13:04:28|2017-12-14 06:26:21|deporto|cohaero|numquam|depereo|2018-11-07 13:44:01|totidem|amitto|acceptus|vero|commodi|causa|a|corrupti|adamo|subvenio|thymum|statua|terror|adsidue|paulatim|coma|solum|basium|autus|confero|careo|acceptus|perferendis|cras|tenus|venio|tempore|suscipio|agnitio|depereo|delego|tondeo|dolores|canis|acquiro|tertius|cognomen|volup|uxor|tenus|articulus|at|temperantia|dignissimos|bonus|spero
votum|accusantium|2022-10-14 00:45:27|2023-08-20 15:05:18|benigne|totus|patior|verbera|2020-03-07 12:23:07|cinis|universe|complectus|textilis|soluta|solus|comparo|turbo|thymum|tabernus|pecto|sufficio|vesper|absorbeo|omnis|aegrotatio|alius|a|stillicidium|deporto|creptio|territo|verecundia|vulgus|talus|adulescens|convoco|tam|surgo|a|magni|summopere|cunae|amita|decerno|attollo|vox|via|ea|error|defetiscor|caveo|copiose|clibanus|autem|adversus
assumenda|possimus|2017-07-31 15:09:17|2021-06-22 13:19:43|ubi|avaritia|comminor|atavus|2018-02-06 10:43:23|aliqua|vado|depono|acerbitas|corpus|alveus|allatus|cui|dolor|vel|complectus|vesco|deputo|amet|votum|arx|adnuo|sollicito|cursus|appositus|vaco|deficio|vociferor|amiculum|atrox|talis|cresco|mollitia|occaecati|ubi|a|ago|utrimque|agnosco|tabella|saepe|animadverto|solus|esse|aiunt|blandior|cedo|absque|tamen|commemoro|tergo
degero|solutio|2025-03-26 11:30:44|2026-09-05 00:54:39|voluptas|volo|voluptate|vulgaris|2020-05-27 20:02:22|corpus|tricesimus|commemoro|aeger|ad|textilis|curiositas|volutabrum|agnitio|vir|ver|advenio|admitto|una|ustulo|cado|strues|thema|soluta|eaque|bonus|consuasor|brevis|torqueo|decens|ventito|vinco|comptus|dedico|tertius|coniecto|ancilla|adaugeo|comis|derelinquo|iste|vitae|cunae|solitudo|bestia|sollicito|vestrum|adulescens|depraedor|sit|tego
vicissitudo|omnis|2021-06-12 17:05:08|2017-11-11 17:02:04|vulnero|tersus|aeneus|acies|2025-11-09 07:27:07|desidero|aspicio|cursus|bos|cernuus|aliquid|nisi|totus|tunc|acies|praesentium|speciosus|denego|defluo|sperno|stultus|totidem|vado|advenio|spiritus|vorax|abundans|vester|nemo|magni|corpus|tempore|mollitia|supra|tenax|tergo|thesis|alveus|consectetur|creber|tui|patior|umbra|solio|facere|subiungo|repellat|credo|nisi|concido|conor
creo|alius|2024-03-22 13:01:41|2025-07-07 18:38:53|deprimo|laborum|deripio|adsuesco|2018-10-24 19:39:43|tendo|substantia|praesentium|ancilla|atavus|necessitatibus|aestus|accendo|avaritia|venio|vulariter|corona|ab|avaritia|claro|distinctio|averto|pectus|quaerat|demergo|tempus|congregatio|talio|sub|adduco|talis|avarus|temeritas|cervus|sperno|supellex|benevolentia|adfero|vulariter|vergo|spiritus|coerceo|tollo|apostolus|sollicito|sumo|sursum|stillicidium|rerum|sufficio|bestia
tamen|reprehenderit|2026-04-04 06:19:58|2020-05-14 22:46:00|amiculum|verumtamen|autus|mollitia|2025-12-08 19:04:50|incidunt|claudeo|peccatus|deludo|ver|sum|bellum|vel|urbs|amicitia|utpote|thymbra|tabgo|vesper|tibi|arguo|vorago|curatio|vigilo|corporis|pectus|turba|perferendis|stella|defetiscor|ultra|adulescens|officia|talus|contego|tremo|minima|vobis|defaeco|velut|agnitio|correptius|thymum|at|consuasor|verecundia|stips|aliquam|culpo|tripudio|beatae
textus|solium|2017-08-08 01:54:35|2019-01-22 15:13:58|suadeo|dolor|asporto|defluo|2022-03-06 11:09:00|cum|tardus|arto|reiciendis|vomer|textor|apostolus|solvo|textilis|substantia|depopulo|cultellus|adinventitias|credo|aestivus|crapula|sapiente|cupiditas|textilis|turba|provident|saepe|sufficio|spargo|vel|speciosus|deficio|trans|succedo|statua|amo|defaeco|concedo|talis|clarus|distinctio|terminatio|adiuvo|vigor|amplus|ancilla|vacuus|sollicito|id|cribro|cum
atque|corroboro|2022-10-05 22:42:37|2025-11-12 22:32:03|solum|temporibus|terreo|undique|2018-08-11 11:41:02|cursus|cribro|theca|congregatio|testimonium|damnatio|culpa|vobis|timidus|ab|aetas|aeternus|suscipit|charisma|cometes|vivo|cohors|valetudo|nulla|apto|dapifer|abbas|dignissimos|cumque|depulso|conitor|quaerat|cenaculum|acer|damno|currus|video|vehemens|vereor|copia|magni|timidus|tenax|substantia|molestiae|trans|admoneo|statim|adeptio|carcer|arbustum
civitas|aurum|2024-12-26 18:31:44|2021-05-11 12:02:22|adipiscor|aeneus|umerus|decet|2017-06-16 05:18:15|capio|cupiditate|spiritus|exercitationem|caritas|careo|strenuus|alioqui|crepusculum|complectus|ara|aequitas|virtus|acer|uxor|spargo|subnecto|amitto|cubitum|carcer|inventore|uterque|usitas|reiciendis|totam|dolorum|tactus|benigne|amaritudo|uxor|alveus|nam|assentator|tubineus|complectus|utrimque|curtus|quaerat|atrox|iure|tero|animi|suspendo|comis|conor|commemoro
timor|curo|2018-11-14 03:11:37|2024-06-07 19:00:23|clarus|labore|charisma|terror|2020-04-29 16:26:23|auxilium|victoria|atqui|strues|somniculosus|officia|desipio|carbo|ducimus|cursim|nesciunt|thalassinus|sint|supellex|vinculum|virgo|distinctio|capillus|mollitia|aestivus|odio|angulus|deprimo|vomica|coaegresco|aegrus|deleniti|texo|cenaculum|verecundia|aestus|trado|sperno|a|earum|tabula|stabilis|clementia|via|doloremque|creo|vorago|sodalitas|sto|synagoga|uterque
crapula|comitatus|2025-11-03 16:44:45|2017-10-09 11:23:54|balbus|sollicito|cumque|ubi|2021-05-24 02:01:44|abutor|tenus|deleniti|casus|adinventitias|pecus|admiratio|adipisci|coma|venio|tactus|ceno|rem|defessus|calculus|aeneus|denego|vos|expedita|enim|vitiosus|speculum|laboriosam|absque|animadverto|amaritudo|vestigium|virga|absum|subseco|spiritus|thorax|suffragium|allatus|demens|alveus|ratione|maxime|ulterius|atrocitas|cohibeo|victoria|pariatur|autus|velociter|conitor
crinis|patior|2022-06-26 01:40:13|2025-10-10 23:23:21|amor|colo|tracto|aeneus|2020-11-07 01:48:08|ex|vilicus|sub|compello|necessitatibus|tripudio|cunae|optio|thymum|ars|amo|coadunatio|damno|aqua|delego|vel|amet|autus|tego|viridis|coerceo|sol|aeternus|turbo|arbitro|curis|vergo|debeo|casso|ratione|alo|suffragium|allatus|torrens|voco|pecus|quidem|ipsum|supellex|somnus|cohors|adfero|coadunatio|excepturi|tamquam|infit
tener|laborum|2017-11-08 16:20:40|2023-10-05 04:28:39|vitiosus|argumentum|vomito|quam|2023-01-05 21:01:59|abscido|timidus|acerbitas|terebro|argumentum|uxor|terreo|anser|antiquus|odit|turba|pax|alii|tabernus|comminor|vinco|aliqua|ventito|ocer|congregatio|eveniet|vesica|sulum|ademptio|ater|substantia|paens|arguo|accedo|adipisci|creta|bibo|calculus|tersus|quasi|debilito|canto|accusantium|laudantium|terga|vomer|minima|apparatus|verbera|aufero|depopulo
nobis|adulescens|2024-07-31 07:51:01|2020-03-09 23:23:52|vitiosus|urbanus|iusto|abutor|2023-05-18 10:43:34|vere|timor|aliquid|suppellex|cinis|tenus|cariosus|tricesimus|valeo|via|taceo|consequuntur|absens|quaerat|temeritas|aro|atqui|acsi|conculco|cursus|abstergo|tribuo|suasoria|auditor|creator|conspergo|caelestis|aperiam|auxilium|tyrannus|curtus|triumphus|ex|timor|stips|combibo|conscendo|ceno|virgo|thalassinus|suscipio|vulnero|capitulus|trans|cicuta|apud
abscido|cicuta|2019-01-10 22:22:13|2020-07-22 15:18:47|universe|atqui|venustas|talis|2025-05-05 00:31:25|necessitatibus|trans|bonus|quae|tondeo|copiose|vita|cras|adduco|animadverto|turbo|aeneus|iure|cado|angustus|sufficio|thermae|admitto|cornu|vilicus|cedo|asper|aduro|accendo|acquiro|abscido|ullus|vicissitudo|subnecto|non|conqueror|confido|ater|teneo|suscipio|quaerat|deporto|amplus|decimus|suppono|adversus|soleo|adhuc|accendo|vulticulus|cicuta
quisquam|concido|2020-09-05 21:16:14|2021-08-02 12:58:46|tempore|vel|allatus|talio|2021-05-02 10:24:10|decet|alius|adficio|carpo|quaerat|tollo|sono|cometes|despecto|aperte|decipio|acidus|depopulo|coadunatio|conatus|quam|coepi|alveus|desipio|celebrer|corporis|apud|vitae|accusator|crebro|curriculum|universe|comitatus|pauper|cresco|terror|aperiam|civitas|quod|amita|vero|tantum|corporis|collum|porro|unus|appono|amplitudo|supellex|quo|adiuvo
thymum|amo|2019-04-29 04:02:20|2017-06-04 03:34:38|vehemens|suggero|spectaculum|suspendo|2025-03-05 13:54:31|utroque|vorax|autem|pecco|absque|angulus|et|decipio|inventore|absens|adimpleo|curriculum|tutis|velum|quibusdam|arguo|degero|amet|volaticus|minima|summa|cuppedia|vehemens|odio|curis|id|abscido|blandior|curia|tracto|decipio|suffoco|comparo|repudiandae|arbitro|aer|accedo|temeritas|suspendo|terror|tempus|adficio|fugiat|thesis|excepturi|sophismata
patrocinor|sophismata|2023-03-29 11:32:14|2024-07-21 05:16:54|conforto|vilicus|turpis|arbor|2026-07-14 21:51:46|apparatus|currus|cupiditas|testimonium|patior|adinventitias|volaticus|fuga|textus|cerno|universe|collum|harum|tamdiu|tepidus|templum|autem|aer|sublime|decretum|crustulum|caecus|adnuo|distinctio|numquam|patruus|comburo|spiritus|thesis|supplanto|curatio|abeo|arto|stipes|ducimus|ex|decet|alter|subseco|caecus|aliquid|centum|cornu|spiculum|depono|tyrannus
apparatus|causa|2024-02-06 03:22:15|2025-04-03 14:45:08|vos|totidem|cibo|adsuesco|2024-04-12 21:31:51|decerno|tutamen|ascit|cursim|sumo|viscus|synagoga|ipsa|cibus|studio|est|absque|debitis|capillus|copiose|ver|adsum|despecto|cohibeo|cernuus|magni|aegrotatio|collum|compono|defetiscor|coma|tabgo|tripudio|tunc|peccatus|mollitia|ante|tenax|nemo|delectatio|conor|timor|unde|repudiandae|cuius|deleo|accusator|cribro|sonitus|ipsam|urbs
decimus|adinventitias|2023-02-25 06:12:45|2022-11-24 00:08:31|absens|compello|voro|ipsam|2023-03-25 20:54:11|comis|eaque|delego|abundans|agnosco|arca|curia|claro|paulatim|arceo|villa|distinctio|curia|stipes|demo|sit|confido|claro|peccatus|claudeo|praesentium|distinctio|ad|adhaero|conspergo|cedo|dolorem|dedecor|candidus|color|utique|bos|adfero|infit|demum|arcus|constans|appello|eveniet|coepi|denuo|bellum|consuasor|cerno|adulescens|absque
conatus|minima|2025-08-21 05:00:30|2022-03-24 18:22:56|subvenio|stabilis|comprehendo|thalassinus|2018-08-15 04:54:30|torrens|sit|varietas|cupiditate|coruscus|venustas|caritas|distinctio|repellendus|culpa|avaritia|vulgaris|capto|sed|defleo|quis|ut|solum|spero|addo|coma|cena|alveus|quia|asper|canis|torrens|velut|confugo|canto|sollers|aufero|vomer|cavus|collum|apto|depraedor|conforto|templum|somniculosus|ipsa|atqui|expedita|appono|undique|teres
tametsi|universe|2026-07-05 18:47:33|2020-01-27 14:02:01|convoco|audax|consuasor|admoneo|2023-01-07 21:14:33|arbitro|capto|vero|viscus|timidus|uter|ullam|tener|quo|angulus|communis|veritatis|ager|civis|capto|suasoria|asperiores|tum|asperiores|quibusdam|titulus|neque|absque|denego|solvo|spectaculum|ademptio|distinctio|adsidue|defluo|terreo|usitas|nemo|atavus|aedificium|tum|tergiversatio|saepe|adfectus|ex|aestus|solitudo|toties|rem|volo|debitis
cupiditas|cur|2017-02-07 02:05:11|2018-12-24 09:19:12|cura|compello|suppellex|theologus|2020-02-21 07:46:36|cur|coniuratio|non|certe|capio|tertius|coniecto|canonicus|comminor|debeo|viduo|angustus|aetas|ad|sono|arceo|textor|vindico|vito|explicabo|admoveo|beatae|decens|clam|quae|adipisci|viduo|catena|cultura|brevis|spoliatio|appositus|quos|vesco|cras|dolor|vetus|ulciscor|facilis|vicinus|apud|tenuis|aegrus|ceno|viduo|depereo
pauper|curiositas|2023-02-19 03:43:28|2022-01-06 13:07:54|crur|spectaculum|abstergo|depereo|2025-01-03 23:50:16|cupiditas|impedit|valeo|quaerat|aspernatur|thymbra|vulgivagus|super|deprecator|molestiae|cerno|approbo|communis|ater|optio|subvenio|solitudo|tondeo|demo|decipio|vindico|utpote|congregatio|tabernus|comparo|nulla|rerum|eveniet|terra|compello|ab|tempus|defendo|adversus|comminor|stultus|tutis|perferendis|tutamen|ulciscor|sumptus|fuga|calculus|subvenio|aestivus|succedo
tredecim|cattus|2020-12-26 05:50:54|2020-08-16 11:38:58|capio|denego|defaeco|comis|2018-05-11 02:25:20|magni|villa|adfectus|vester|magni|compono|cresco|convoco|ter|corporis|accusantium|adficio|cometes|blandior|dignissimos|abstergo|cur|vereor|studio|defetiscor|totus|incidunt|abstergo|bibo|pecco|agnitio|delinquo|fugiat|adinventitias|caries|corpus|debilito|conventus|terror|ter|coniuratio|amaritudo|antepono|adflicto|arcesso|illo|soleo|caterva|acidus|deprecator|tonsor
clam|conculco|2022-01-31 20:29:26|2025-02-23 02:54:45|cruciamentum|cum|nulla|soleo|2021-02-14 04:14:43|ocer|amita|aetas|desparatus|ullam|sui|tollo|aureus|defluo|usitas|decretum|molestiae|chirographum|solus|solus|adipisci|ater|debeo|bardus|cruentus|repudiandae|vestrum|apud|infit|defleo|culpo|cubicularis|caelum|recusandae|amaritudo|mollitia|auctor|artificiose|cuppedia|sum|tui|theologus|anser|campana|sed|sonitus|quas|molestiae|stella|strenuus|debeo
utique|reprehenderit|2019-02-05 11:32:24|2022-10-10 12:35:40|tergo|terga|capto|velociter|2024-11-02 16:05:05|tabernus|magnam|adstringo|vos|et|earum|amitto|tepidus|subnecto|autus|tamisium|aedificium|cuppedia|aestivus|crebro|cursus|vergo|suscipit|vinum|tantillus|nihil|arguo|et|rerum|eligendi|adfero|ventosus|cupiditate|crustulum|concido|adfero|cavus|carus|ventus|atque|doloremque|beatus|calco|degero|tergiversatio|baiulus|votum|vestrum|volup|illum|labore
demergo|crinis|2024-02-06 22:37:01|2022-08-14 11:41:20|coerceo|adulescens|cupressus|constans|2018-01-16 02:20:19|dens|adstringo|traho|cubicularis|timidus|pel|accedo|aestivus|somnus|attonbitus|tactus|conqueror|allatus|vitae|pel|abscido|vulgivagus|ara|doloremque|tendo|cometes|ipsam|desolo|crebro|accusantium|confugo|villa|sollicito|umquam|delinquo|defluo|paens|distinctio|creptio|ullus|ex|cubitum|repudiandae|capto|cursus|vestigium|virgo|caute|subiungo|ascisco|debitis
voluptatem|antepono|2022-09-12 17:28:50|2025-02-19 11:21:32|animi|agnitio|sophismata|nostrum|2025-10-06 23:05:09|cursim|torqueo|tumultus|utroque|suggero|basium|alo|assentator|bis|teneo|vulticulus|cibo|sum|atrox|vulariter|minima|cresco|curis|vulariter|credo|coaegresco|tergeo|comminor|currus|convoco|supra|nobis|tam|amaritudo|aduro|coruscus|cruciamentum|utpote|asporto|corrupti|delibero|taceo|argentum|carpo|vespillo|acquiro|videlicet|tabesco|vulgo|trans|solvo
defungo|curatio|2023-06-23 17:40:11|2022-11-02 20:54:14|custodia|vehemens|tabula|rem|2020-06-24 08:37:28|fugiat|abbas|solus|decretum|comedo|bardus|vitiosus|via|molestiae|desparatus|iusto|cunabula|at|enim|corpus|totidem|vulgivagus|pariatur|sub|super|terebro|solitudo|corrumpo|textor|toties|fugiat|incidunt|trans|patria|subseco|speculum|cornu|altus|catena|depulso|tenus|sopor|doloribus|accendo|consectetur|colo|creo|colo|claustrum|libero|ventito
vicinus|vulgivagus|2025-12-28 03:06:36|2024-06-29 13:08:19|creo|conturbo|concido|atque|2021-05-01 07:43:06|hic|caelum|talis|illum|vestigium|itaque|maiores|defleo|creator|stabilis|balbus|conscendo|atqui|combibo|capio|provident|stella|voluptatum|suus|deprecator|labore|celebrer|degusto|valeo|suffoco|suspendo|aequitas|cornu|denique|concido|ceno|supellex|ascisco|tardus|concedo|subiungo|teneo|antepono|crur|tolero|virga|adulatio|aggredior|quidem|tamisium|tabella
decretum|crudelis|2023-03-08 11:32:49|2024-02-26 15:25:50|arma|tego|assumenda|cupiditas|2020-03-14 05:09:03|fugiat|agnitio|alias|esse|thema|subvenio|bos|dedecor|paulatim|suffoco|decet|numquam|caecus|audentia|fugit|deserunt|contego|adipiscor|harum|ventito|cibus|trans|maiores|ex|vulpes|crastinus|derelinquo|repellendus|suffragium|antiquus|adstringo|amiculum|surgo|cuius|aeternus|abscido|textus|concido|vorax|bellum|adsidue|occaecati|curto|vallum|tondeo|fugiat
audax|cruciamentum|2024-07-10 17:45:20|2018-07-01 05:42:35|defendo|stips|spiculum|cum|2021-08-06 07:36:46|arcesso|ago|somniculosus|tamisium|cursus|auctor|tamen|speciosus|nisi|dicta|tero|casus|defleo|ventito|praesentium|vobis|ventito|autem|ad|celer|appositus|earum|alveus|spiculum|tredecim|adimpleo|creta|officiis|campana|verbera|alveus|ea|volo|speculum|civis|capto|vetus|acerbitas|trado|cicuta|derelinquo|pecto|curiositas|thymum|beatus|capio
verbum|vigor|2023-12-23 05:52:33|2020-10-03 04:11:18|alias|pecus|calamitas|votum|2025-10-04 18:30:01|placeat|comptus|temperantia|tonsor|coaegresco|thymum|varius|odio|clementia|contigo|vae|depraedor|amicitia|ustilo|cultellus|accusantium|uredo|abstergo|debeo|pax|corporis|ter|adipiscor|appello|vesper|celo|deprecator|cariosus|alioqui|adficio|degero|venustas|curatio|auditor|tergiversatio|benigne|cetera|in|trepide|aperio|currus|crustulum|bellum|ocer|inflammatio|vester
molestias|vinco|2019-10-20 10:33:43|2024-02-21 15:42:13|suppono|audeo|verumtamen|vehemens|2022-04-30 00:21:42|vorago|confero|velit|atqui|tersus|vix|coruscus|suggero|uberrime|ultra|denique|tumultus|trans|solvo|ducimus|tredecim|defleo|alienus|depromo|velociter|demulceo|natus|sulum|autem|substantia|non|delibero|viscus|acsi|aeternus|addo|adaugeo|coruscus|socius|delectatio|vobis|quia|ut|vobis|aufero|turpis|tenuis|vorax|tandem|animus|concedo
summa|pecto|2025-04-22 05:22:34|2026-08-30 18:55:53|accendo|appositus|vel|canto|2018-05-19 17:45:21|collum|causa|correptius|adaugeo|volaticus|veniam|tabernus|summa|acsi|certe|error|ter|atavus|impedit|paens|urbanus|approbo|casso|triduana|subiungo|suscipio|tempore|tondeo|aspicio|sollers|arx|bene|appono|autem|solitudo|desipio|usus|considero|utique|coerceo|cumque|eius|uter|suspendo|tollo|eius|curvo|volutabrum|conscendo|aro|demoror
debitis|viridis|2024-06-11 03:16:50|2025-04-23 00:56:55|amet|textor|canis|ver|2022-10-02 04:29:28|adnuo|repellat|carbo|aer|adhaero|supplanto|cedo|vix|est|tergo|exercitationem|voluptates|abstergo|umquam|caelestis|nam|sint|curso|veniam|ascisco|summisse|officia|curso|architecto|eligendi|nihil|arcus|ancilla|spectaculum|facere|expedita|temptatio|temeritas|sunt|necessitatibus|ventito|uredo|eligendi|vicinus|tabella|vesco|conor|adstringo|pel|tabesco|sulum
unde|xiphias|2021-05-18 21:17:39|2017-12-21 02:47:34|ventito|aspicio|ara|sumptus|2022-03-28 14:53:44|bardus|cilicium|mollitia|veritatis|quisquam|benigne|ex|mollitia|porro|quos|adfectus|vinum|degero|ambitus|suscipit|considero|suppellex|uberrime|sophismata|caterva|varietas|arceo|capillus|patior|taceo|ambulo|laboriosam|argentum|nisi|abstergo|auctus|balbus|coepi|pecco|argumentum|temptatio|inventore|sordeo|derelinquo|ter|corrupti|blanditiis|earum|dedecor|excepturi|cursus
sol|aeneus|2024-03-27 03:30:17|2021-01-24 23:33:19|verbera|atqui|doloremque|iusto|2019-12-21 11:53:19|copia|atrocitas|vitiosus|cunae|sursum|demonstro|suus|adduco|approbo|ars|deleniti|aggredior|auctor|aggredior|error|argentum|officia|assentator|sit|toties|adamo|uter|adulatio|cometes|amita|utpote|quibusdam|calco|carcer|ipsa|verto|vester|summopere|constans|ter|vester|tandem|allatus|video|conqueror|corrumpo|decimus|itaque|apparatus|ater|cursim
voluptatum|casus|2024-05-09 01:42:14|2020-10-14 04:35:08|sponte|aedificium|dedecor|deserunt|2017-10-05 05:20:56|voluptatem|arbor|cattus|claro|dolore|vacuus|commodi|appello|voluptates|anser|super|acies|avaritia|aut|canonicus|vulticulus|tepesco|ter|temptatio|sperno|depopulo|suasoria|sto|avarus|absque|calamitas|dedecor|spiculum|advoco|reprehenderit|conculco|caries|deludo|sunt|quae|certe|concido|beatus|thermae|solutio|censura|repellat|eligendi|studio|accendo|vereor
cognomen|excepturi|2024-02-26 12:07:53|2017-10-06 00:46:48|aeternus|curis|celer|ad|2020-01-02 15:22:53|audio|acquiro|agnitio|temptatio|peccatus|quo|crinis|deripio|cultellus|ventosus|eius|compello|bene|audio|supellex|ultio|avarus|occaecati|alveus|defungo|magnam|accedo|viduo|sublime|ustulo|ustulo|pauci|comprehendo|vigilo|vulgaris|iusto|causa|quod|volva|clibanus|valetudo|cumque|alo|capto|attero|capio|articulus|tumultus|bibo|templum|temptatio
tenetur|tamquam|2021-07-18 13:33:07|2025-06-09 22:26:42|animi|textilis|celer|texo|2018-09-23 09:28:35|triumphus|auctus|terreo|aveho|coniecto|cur|stabilis|trans|sono|solus|omnis|subnecto|conitor|cado|abbas|utpote|quidem|ambitus|caute|videlicet|adsuesco|suadeo|corroboro|voveo|cogo|nulla|cicuta|comptus|defleo|dignissimos|curo|conspergo|inflammatio|substantia|nemo|spargo|accedo|creo|victoria|villa|quae|ratione|sublime|aveho|varietas|trans
alo|tunc|2017-12-12 23:18:09|2022-09-24 12:24:44|vulnus|sollicito|adflicto|corporis|2021-01-31 09:55:09|suasoria|sed|dedico|labore|bestia|acceptus|amplus|solitudo|compono|atqui|aureus|sit|ustulo|carus|tabella|suggero|uter|venustas|sint|adstringo|acsi|validus|solum|ventosus|ascisco|basium|ulciscor|vir|adnuo|ut|assumenda|alioqui|absorbeo|virga|asperiores|pecus|averto|voluptatum|cognomen|vestrum|pecto|maiores|adflicto|comptus|dedecor|vapulus
thema|vae|2020-03-23 16:16:41|2019-03-31 21:35:15|cuius|crux|apostolus|volva|2017-08-04 03:25:44|cicuta|degusto|tumultus|acervus|deludo|callide|valetudo|non|torrens|spoliatio|maxime|defaeco|calcar|caute|ante|auditor|ea|sum|defaeco|tamquam|vilicus|sub|ratione|cui|ventosus|sordeo|deleo|creta|contra|patior|varius|canto|reiciendis|agnitio|adaugeo|aspernatur|tenus|cohors|talio|crapula|ver|tepidus|aveho|ancilla|patrocinor|aut
admoneo|ducimus|2022-03-10 08:11:47|2018-04-10 07:39:52|aer|alii|reprehenderit|somniculosus|2020-03-04 15:03:50|animus|tempora|carmen|denique|curatio|fuga|defero|commodi|dignissimos|suscipit|amaritudo|rem|coniecto|cibus|coadunatio|corporis|angulus|ipsum|suscipit|traho|cura|cometes|suus|acidus|capio|defungo|villa|arbor|accusantium|surgo|balbus|comis|arbitro|ancilla|tamen|attollo|apto|desolo|bos|facilis|tyrannus|corroboro|exercitationem|coaegresco|adficio|aestas
tabula|voluptatibus|2024-09-19 05:46:18|2024-02-22 13:53:15|vigor|supra|addo|curto|2026-03-23 07:22:39|urbanus|condico|carcer|antiquus|aequitas|contabesco|tum|alo|catena|absorbeo|soleo|tolero|asperiores|creptio|thalassinus|conor|utrum|vilicus|denique|ventus|quam|unde|viridis|claustrum|ademptio|autus|bellicus|articulus|tenus|commemoro|tonsor|maxime|totam|comprehendo|vos|custodia|caute|illum|catena|tripudio|adimpleo|spoliatio|ago|coniecto|tabella|quasi
demens|vilicus|2018-08-02 20:39:17|2017-06-15 00:06:40|attonbitus|coaegresco|illo|deprimo|2025-09-05 11:58:27|vigilo|defluo|laudantium|ustulo|spoliatio|temporibus|caput|libero|textor|conduco|vereor|denuo|vae|degenero|patrocinor|thesis|carpo|conduco|tamdiu|eaque|eos|depromo|ager|abstergo|decipio|articulus|calcar|suscipio|cresco|vesica|textor|cribro|aperte|super|sulum|capitulus|celo|arceo|accusator|temeritas|cogo|taceo|admitto|vado|deorsum|vesper
corrumpo|verto|2018-01-12 08:26:29|2021-07-27 16:51:37|barba|bellicus|terminatio|id|2023-08-16 15:04:22|coniecto|adversus|adhuc|atavus|tergeo|thesaurus|tenax|recusandae|abundans|asporto|voluptas|nesciunt|aetas|curtus|incidunt|cui|basium|odio|voluntarius|video|comis|vociferor|consequatur|abbas|degusto|vergo|charisma|cresco|urbanus|curo|bellum|tergo|abundans|blanditiis|aptus|virga|coadunatio|vomica|advenio|teres|soleo|congregatio|combibo|aro|bellicus|arma
magni|nisi|2023-03-10 22:42:31|2022-12-27 21:05:35|cotidie|culpa|appello|comptus|2017-07-18 16:44:18|cuppedia|cumque|spoliatio|attollo|arbor|aranea|tutamen|tres|vergo|comis|conventus|dedecor|abbas|deorsum|templum|verbera|demum|possimus|vapulus|appono|ipsam|venio|compono|commemoro|civitas|minima|conculco|sollers|ab|absum|communis|aegre|quam|cattus|quidem|voveo|bellum|explicabo|commodo|aperio|canto|amiculum|audio|capto|demergo|argumentum
thymum|caveo|2026-02-10 21:03:50|2020-10-26 00:49:53|ambitus|speculum|adversus|terebro|2024-07-26 15:24:05|similique|deprimo|ullam|valetudo|desparatus|supellex|ocer|certe|tendo|aequitas|succurro|contra|taceo|atrox|titulus|crapula|validus|tristis|cui|crudelis|absens|delego|accendo|sint|audax|pel|compello|cicuta|adicio|sol|conor|inflammatio|angelus|certe|tergeo|cometes|voro|delicate|demum|thema|quasi|comprehendo|temeritas|sustineo|totam|vir
triumphus|ceno|2018-01-09 17:07:41|2024-08-22 12:54:26|facere|suasoria|succedo|comprehendo|2016-09-16 14:58:26|vinitor|caritas|sophismata|amaritudo|talus|defluo|asperiores|atavus|curtus|curiositas|celo|aurum|ustulo|spiculum|impedit|bonus|distinctio|commemoro|possimus|eos|tego|una|coruscus|adiuvo|officia|audio|aggredior|confugo|tempora|cupressus|truculenter|cupio|caste|doloremque|tempora|solium|pecco|curriculum|temptatio|conitor|trado|convoco|coruscus|sortitus|dolorum|coniuratio
calcar|debeo|2020-05-07 03:43:13|2024-01-26 08:39:39|uxor|voluptatibus|adipiscor|aspernatur|2018-12-05 03:06:24|thema|verecundia|vis|arcesso|esse|vesco|est|callide|amissio|virtus|usque|adsum|tremo|canis|animi|torqueo|tamdiu|vir|vere|nihil|campana|sono|anser|verbera|natus|summa|decor|consequuntur|denego|sperno|contego|defendo|doloribus|territo|credo|expedita|volup|contigo|asperiores|celo|toties|dapifer|versus|ventito|dolorum|amo
tertius|derideo|2019-02-20 09:15:43|2025-02-19 06:14:32|absens|impedit|vesper|cognomen|2025-12-23 08:39:20|amita|callide|delicate|supplanto|clamo|eligendi|defetiscor|vox|quam|comedo|argentum|facilis|vilitas|crinis|adsidue|caritas|appositus|arcus|coruscus|temperantia|atavus|pectus|demens|denego|cupiditate|conatus|cervus|aliquam|laborum|audio|adflicto|vigor|sufficio|conturbo|cohaero|accendo|videlicet|aegre|ultio|undique|desidero|caveo|casso|averto|animi|demitto
pauci|advenio|2025-05-10 13:10:11|2023-09-24 11:24:07|deprimo|careo|ullam|consectetur|2023-02-12 10:55:41|vilitas|tactus|peior|tertius|varius|perspiciatis|absconditus|sufficio|cetera|veritas|tardus|crepusculum|vulgaris|vulticulus|eveniet|tamisium|cruciamentum|ver|tendo|animadverto|conculco|alter|bardus|copiose|minus|vomito|benevolentia|despecto|vacuus|adiuvo|vos|cerno|cuius|balbus|defessus|unde|numquam|deprimo|cicuta|canto|solitudo|sto|saepe|coadunatio|solvo|utroque
tamisium|cursus|2019-12-28 12:12:49|2024-09-15 19:54:53|nihil|curvo|adficio|voluptas|2017-06-18 09:51:43|aedificium|labore|victoria|censura|suadeo|admoneo|sopor|suspendo|quidem|solum|desparatus|audeo|virtus|careo|ventosus|despecto|barba|aveho|acidus|ipsum|vestigium|crudelis|coaegresco|virgo|quia|atrocitas|depopulo|omnis|caput|avarus|correptius|decor|concedo|numquam|audacia|demens|strues|admiratio|tactus|conduco|sublime|adficio|anser|dedecor|ratione|vulariter
at|consectetur|2021-11-26 04:40:01|2023-05-01 00:16:13|amplexus|cubo|aequitas|speculum|2026-08-17 05:13:58|ascisco|exercitationem|ullam|fugiat|voluptate|depereo|varius|arbor|conforto|altus|vitae|curriculum|aegrus|minima|collum|ventito|aetas|suffragium|candidus|esse|sortitus|tricesimus|aliqua|cerno|trucido|neque|derelinquo|rem|amplexus|compello|vulgus|degero|nesciunt|velum|averto|validus|dolor|sono|degenero|conservo|voluptates|facilis|ad|denuncio|aequus|demoror
vociferor|eum|2026-07-07 21:00:13|2024-12-15 03:29:22|vinum|provident|tonsor|conor|2020-05-26 15:06:45|cur|creator|uterque|calco|iusto|bonus|conitor|thymum|conduco|vapulus|defetiscor|concedo|defessus|armarium|vox|thalassinus|supra|calco|tergiversatio|virtus|apostolus|curto|depraedor|audentia|desino|alo|tricesimus|ars|taedium|verumtamen|audax|alias|tardus|arcus|dolorum|commodi|ver|adicio|agnosco|aggero|acidus|theologus|bos|artificiose|arma|asporto
absum|contego|2024-04-29 04:13:22|2025-01-23 04:59:41|pecco|bellum|curvo|bonus|2024-11-06 17:59:57|calco|cuppedia|vulgivagus|cohibeo|arx|illo|defero|acies|spero|non|sunt|spoliatio|minus|succedo|tempus|uxor|callide|benevolentia|stabilis|debeo|quisquam|tolero|tempora|cena|eveniet|absque|pecto|defaeco|corporis|exercitationem|advoco|supplanto|quas|solium|adeptio|alias|comedo|super|cognomen|vita|cogito|virgo|arbustum|condico|speciosus|alias
cruciamentum|adstringo|2017-06-14 05:57:21|2017-02-11 19:17:17|bos|tenuis|id|sopor|2022-09-30 13:05:55|autus|tabgo|crinis|apto|quo|adeo|vitae|vae|beatae|aspicio|spes|canonicus|bos|teneo|torrens|tabesco|subseco|expedita|villa|coniecto|sequi|cado|ad|dolore|audacia|degero|cunabula|vado|tolero|cognatus|textus|civitas|cimentarius|ventito|aedificium|trado|officia|coepi|defaeco|cauda|verumtamen|urbanus|amplitudo|fuga|caput|vel
conculco|degenero|2016-10-20 17:28:53|2022-02-06 03:26:01|vulariter|condico|vester|provident|2025-11-09 10:56:14|contigo|conservo|coerceo|aliquid|assumenda|adiuvo|coaegresco|vitiosus|appono|depereo|tepesco|truculenter|amiculum|delectus|tripudio|arto|corrumpo|vilitas|celo|spiculum|perspiciatis|beneficium|amoveo|vita|combibo|quibusdam|cupiditate|stipes|bibo|aduro|adduco|tempora|vulgaris|dolorem|via|cattus|cogo|ver|avaritia|voluptate|barba|recusandae|vestigium|tantillus|audeo|deputo
soluta|saepe|2017-09-17 09:11:14|2022-07-30 05:40:17|tolero|totam|vicissitudo|consequuntur|2017-10-16 05:28:56|victus|assumenda|timidus|conservo|voluptatibus|delego|minus|termes|sit|denique|ustilo|somnus|desipio|blanditiis|careo|decumbo|absconditus|vaco|terminatio|conspergo|tepesco|usus|tepesco|tubineus|vulgaris|trepide|acer|crastinus|corpus|cogito|amiculum|cupressus|tremo|ea|viridis|convoco|demens|commodo|similique|turbo|adhuc|venia|vicinus|decerno|videlicet|defaeco
suggero|volubilis|2021-03-13 05:32:33|2020-07-23 02:07:56|coepi|vigilo|caput|adulatio|2017-09-26 07:48:51|bardus|asper|contego|colligo|conor|dens|degenero|velut|adamo|tego|via|averto|aro|traho|canonicus|aro|valens|statua|decens|eaque|curis|atque|curiositas|alius|cervus|combibo|synagoga|tollo|cubicularis|quo|avaritia|celo|apostolus|voveo|laboriosam|corpus|tamquam|quam|amo|sto|ver|adicio|beatus|compello|adeptio|crastinus
strues|eligendi|2024-03-24 14:17:33|2025-06-30 17:02:52|sunt|campana|cubo|summisse|2023-10-31 14:04:43|deorsum|curriculum|tutis|desino|accedo|optio|alter|voluptatem|comis|verecundia|valetudo|bellum|summisse|adficio|conicio|texo|bis|cornu|abutor|vilitas|vitium|animus|aer|conatus|despecto|solitudo|laboriosam|comptus|aveho|torrens|dignissimos|desparatus|bellicus|bonus|carbo|comparo|theatrum|hic|cito|cumque|tabesco|eveniet|similique|suus|tempus|cenaculum
vitium|valens|2025-02-01 22:18:36|2021-11-02 03:59:35|incidunt|sed|demonstro|deprecator|2026-05-13 15:02:23|defluo|autem|triumphus|contego|vomica|combibo|talio|templum|creo|autem|venia|undique|demo|ratione|careo|colligo|valens|thesaurus|vitium|demitto|torrens|tabula|alii|constans|caritas|est|arca|arbitro|tristis|stabilis|solum|demonstro|amissio|creptio|brevis|aegrotatio|contabesco|delectus|colligo|thema|curiositas|conatus|vero|theca|acer|una
sono|audeo|2022-09-13 11:32:58|2024-12-15 18:34:08|ascit|tardus|alioqui|theca|2025-01-15 18:31:30|adhuc|turpis|candidus|damnatio|curia|acsi|auctus|articulus|odit|sordeo|tergum|abundans|consectetur|temperantia|socius|consectetur|acceptus|crebro|taceo|vulgivagus|pauci|virga|conitor|amo|calamitas|denego|nihil|vulgo|civis|vomer|veritatis|talus|at|curriculum|verto|quas|laudantium|acceptus|thymum|averto|ratione|adaugeo|quo|crudelis|comburo|cerno
sequi|supplanto|2022-03-26 02:47:29|2026-07-11 01:19:10|clamo|demonstro|correptius|contra|2022-06-25 19:14:41|articulus|amaritudo|aqua|carcer|apud|utor|cimentarius|cometes|atavus|termes|ubi|ater|unde|cumque|congregatio|dolore|maiores|cito|demum|uterque|ceno|careo|explicabo|turpis|complectus|surgo|accusator|spiritus|viduo|confugo|armarium|tabesco|fuga|audio|timidus|aegre|approbo|totam|aggredior|terreo|delectus|valde|vulnero|beatus|sum|comparo
socius|alius|2020-05-27 21:24:38|2020-03-05 07:30:35|cubicularis|velum|thesis|cubitum|2025-11-09 06:35:01|summisse|cubicularis|dapifer|tolero|abutor|aperio|sponte|tenax|sint|careo|beneficium|cura|desino|cilicium|colligo|thorax|nulla|contabesco|odit|sodalitas|utpote|agnitio|tabella|sollers|conforto|volva|animadverto|bonus|colligo|laboriosam|succurro|comis|bonus|stabilis|beneficium|vulticulus|stella|vinculum|canis|volva|conatus|sum|veritatis|eius|alius|usitas
validus|pauper|2018-05-16 00:15:40|2020-12-07 00:32:50|concedo|articulus|defleo|acervus|2021-04-27 12:12:46|vae|careo|cogito|denuo|copia|conforto|absorbeo|curvo|corpus|acidus|trado|cohaero|utroque|aspicio|terebro|cum|qui|terebro|recusandae|alioqui|supellex|cognatus|cum|usus|conduco|decipio|cilicium|canto|cupiditate|vorago|dolores|audentia|cumque|beatae|urbanus|talus|decretum|vitiosus|ultio|dolorem|aliqua|vehemens|benigne|comparo|inventore|adficio
corroboro|xiphias|2023-09-05 23:32:26|2026-05-24 02:45:56|curo|tergiversatio|caelestis|labore|2026-05-02 07:00:34|termes|titulus|ipsam|damno|copia|cibo|creta|suus|provident|acsi|absum|talis|aedificium|vomito|tergeo|tremo|terreo|tutamen|rem|carcer|sordeo|tonsor|nobis|aliqua|error|acies|eveniet|a|suus|video|aegre|coerceo|vester|angelus|agnitio|volo|quidem|terra|cenaculum|votum|caute|campana|despecto|rerum|desino|torrens
adstringo|subito|2018-11-02 21:02:46|2021-11-01 02:17:52|optio|depulso|vulgo|sed|2020-04-15 13:03:03|quod|ambulo|charisma|sum|voluptas|terror|abutor|aer|valetudo|autus|tutis|thermae|calcar|repellendus|acies|angustus|sordeo|stella|ratione|villa|volutabrum|totus|teneo|barba|acsi|eius|tantum|adaugeo|aegre|templum|atqui|celer|conforto|stipes|vitium|tamquam|defaeco|depromo|correptius|tempora|corporis|arx|adeo|volaticus|conor|praesentium
optio|illo|2022-09-20 10:56:47|2024-07-14 01:01:28|clam|nemo|illo|quo|2024-03-30 09:27:54|adversus|synagoga|vicinus|caelestis|voluntarius|creber|aetas|ad|fugiat|autus|super|deprimo|conduco|defluo|tondeo|thymum|urbanus|aperte|adhuc|volaticus|vulticulus|dedico|temporibus|accusamus|soleo|in|iusto|textus|defleo|at|audentia|inventore|cogito|aliquam|in|bellicus|vespillo|pecus|articulus|velociter|cavus|argumentum|supellex|vulticulus|aequus|suppono
valde|cruciamentum|2025-12-11 00:02:42|2024-02-28 01:13:47|nisi|decet|termes|vigor|2019-03-17 06:19:42|clarus|mollitia|exercitationem|cariosus|alveus|sollers|assentator|cur|teneo|ultra|verumtamen|tamen|atrox|addo|sint|deprimo|molestias|taceo|communis|blandior|constans|cuppedia|aranea|accusator|demergo|carcer|comis|dignissimos|auxilium|summopere|peccatus|cicuta|adeptio|solium|saepe|iusto|texo|vivo|teres|atque|antiquus|currus|avarus|tricesimus|magni|quaerat
dolores|soleo|2023-09-21 23:27:46|2026-02-23 04:08:51|eos|aureus|verecundia|universe|2024-11-07 01:25:10|amplitudo|calamitas|vetus|reprehenderit|nostrum|quidem|textilis|abutor|articulus|cohors|acidus|tenuis|tamisium|super|tamdiu|adeo|veritas|necessitatibus|quasi|cetera|collum|abbas|creber|spiritus|culpo|tripudio|viridis|carus|terga|cohaero|clam|vindico|inflammatio|adicio|dolore|supplanto|cervus|depono|averto|neque|depopulo|defluo|collum|via|cotidie|libero
triduana|deludo|2020-09-25 23:16:36|2022-08-28 00:33:49|error|contigo|centum|saepe|2021-10-24 08:26:26|strues|vitae|eos|sum|artificiose|amicitia|celer|aeternus|argumentum|commemoro|decet|una|aspernatur|nemo|tam|centum|tracto|adamo|titulus|assumenda|desino|credo|suadeo|aeger|caritas|cuius|vir|balbus|thorax|cresco|nostrum|vulgivagus|arbor|sortitus|creo|vester|statua|pecto|omnis|calculus|eos|considero|aequus|cariosus|uterque|officia
acceptus|spargo|2018-08-04 12:02:21|2021-01-15 04:34:05|volubilis|depopulo|illum|virga|2024-05-19 00:33:02|tepesco|viridis|colligo|clibanus|speculum|terreo|tenetur|nam|amo|sulum|compono|caecus|statua|clibanus|angustus|uberrime|crinis|ara|adsuesco|optio|acsi|suasoria|aperio|libero|apparatus|voluptatem|voluptates|bellum|dolor|cultellus|possimus|uredo|tamdiu|aranea|appono|spoliatio|tersus|defleo|comes|teneo|turpis|sapiente|civis|bestia|eos|titulus
carus|arbitro|2018-10-16 07:05:27|2020-05-04 15:23:17|apparatus|absorbeo|bis|averto|2019-06-19 11:37:02|validus|demitto|corroboro|apparatus|quas|civis|adstringo|reiciendis|tamquam|pauci|villa|vulgivagus|tertius|demo|arma|combibo|timidus|depono|dedecor|amet|cui|sum|ullam|aduro|blandior|impedit|acervus|vomica|communis|tempore|benevolentia|veritatis|conscendo|tunc|currus|coerceo|civis|aranea|territo|sollicito|tutamen|vulticulus|fugiat|derideo|despecto|triumphus
advoco|color|2022-02-17 02:33:35|2024-03-22 12:17:18|tamdiu|decretum|trepide|bos|2023-12-19 04:25:51|corroboro|theca|aranea|thermae|aranea|solium|crepusculum|ratione|conculco|alter|sum|comitatus|repellendus|absque|iure|absconditus|agnosco|conor|capillus|caelestis|error|tredecim|vilis|somniculosus|doloremque|cupio|cinis|abutor|decipio|amicitia|carbo|quae|vulgus|cultellus|ascisco|culpo|adopto|tempora|vociferor|arma|aequitas|solio|solum|cupio|tristis|conturbo
depraedor|articulus|2024-07-13 05:09:14|2023-01-08 04:56:45|cervus|brevis|angulus|exercitationem|2022-07-29 18:25:08|eius|bis|timor|dedico|spoliatio|casso|cognatus|tumultus|cornu|expedita|caute|suffragium|statua|adnuo|tergum|depulso|tempora|voluntarius|comitatus|verbera|demens|consequuntur|fuga|demens|casus|cuius|sopor|tredecim|ager|alveus|taedium|curo|tamisium|aestas|tactus|cometes|titulus|repudiandae|urbs|succedo|suffragium|abeo|triduana|antea|quibusdam|officia
taedium|artificiose|2022-11-03 11:59:27|2023-12-06 19:50:58|barba|sed|ut|totus|2017-10-04 05:52:54|basium|pecto|temporibus|atrox|teneo|thorax|animus|suffragium|territo|suffoco|quibusdam|tubineus|velociter|tenuis|appello|cura|audacia|arca|verus|defaeco|copiose|possimus|cupiditas|verto|desipio|attero|color|sophismata|vinculum|urbanus|acceptus|vester|bonus|alii|viduo|abeo|cupiditas|conventus|ullus|antiquus|bis|thermae|sono|ancilla|crinis|vulariter
sulum|adulatio|2018-07-19 08:01:53|2018-06-18 20:32:02|una|consequuntur|velit|valetudo|2016-12-23 21:29:56|tubineus|rerum|bonus|vitium|ab|tardus|decens|xiphias|super|debilito|ultra|vaco|tumultus|aegre|condico|tenus|utroque|demoror|delinquo|consectetur|cometes|attonbitus|aeternus|asporto|vindico|compono|solium|cenaculum|tres|conicio|speciosus|adstringo|ad|tollo|caelestis|arto|adicio|conor|decumbo|cenaculum|taedium|utique|tantillus|tyrannus|recusandae|infit
vilis|temeritas|2021-07-18 08:44:58|2023-06-26 23:38:06|communis|talio|abutor|annus|2016-11-22 22:58:39|audacia|stips|carcer|super|alienus|cimentarius|appello|summopere|vulgaris|utique|maxime|aveho|certe|articulus|soluta|termes|tempus|omnis|delinquo|adipisci|vitiosus|concedo|reiciendis|crastinus|cena|appositus|tandem|ducimus|delego|admiratio|cresco|alius|compello|vicissitudo|vindico|voluptatum|theatrum|cinis|demergo|animus|totidem|dolor|facere|verbera|arbitro|allatus
tibi|succedo|2021-11-03 19:13:59|2017-08-18 15:49:19|debilito|thymum|amor|demonstro|2019-03-03 06:33:16|delicate|amissio|consequuntur|temptatio|tardus|tricesimus|adipisci|tabesco|trado|tabernus|cum|atrox|umbra|super|curso|supra|condico|tertius|desolo|confugo|cedo|aiunt|textilis|coadunatio|uredo|stultus|fugiat|tollo|utique|brevis|decipio|dolor|vulgaris|averto|colligo|crux|nostrum|doloremque|incidunt|ago|turba|ademptio|comburo|tolero|vilicus|vos
animi|antea|2024-12-28 16:25:16|2026-01-12 19:27:11|dedico|decerno|fugit|dolores|2026-01-27 16:08:06|tempora|vulgaris|adulatio|numquam|annus|distinctio|arx|adulatio|umerus|clamo|velut|nulla|provident|ventosus|sollers|stillicidium|viriliter|calco|denuo|carpo|defungo|infit|acies|veritatis|natus|timidus|alter|quaerat|abbas|ex|vereor|quod|strues|aegrotatio|sub|delectatio|cubitum|triduana|altus|angelus|stipes|ullus|angustus|aperte|amoveo|venia
tunc|uredo|2022-08-31 21:42:19|2023-07-15 06:41:16|autus|carcer|tutamen|concedo|2022-04-05 02:39:08|sequi|victoria|est|amplitudo|optio|spiritus|quasi|paens|clam|vesper|perferendis|suffoco|earum|compello|architecto|bellum|bardus|ambulo|defetiscor|tum|stillicidium|vitium|tabesco|velut|voveo|desolo|caecus|quos|vix|careo|amplexus|curso|pauper|ultra|ut|ullus|sortitus|unde|volo|spectaculum|tero|talio|auctus|suus|saepe|defero
dolor|bibo|2022-06-15 23:28:08|2018-05-14 11:50:38|tracto|ars|odio|convoco|2020-10-15 14:36:19|tunc|apparatus|adnuo|non|video|cursim|atavus|delibero|adinventitias|denego|validus|bellum|compello|tot|curto|voluptatibus|clementia|veritatis|testimonium|bis|pauper|cubitum|appono|cruciamentum|infit|dapifer|repellat|decet|conservo|urbanus|textus|velit|vereor|crudelis|coruscus|tum|abeo|vinco|coaegresco|bestia|stipes|cur|adsuesco|asporto|comburo|video
succedo|cultura|2026-07-09 10:02:18|2023-10-06 05:15:01|tametsi|delinquo|totidem|perspiciatis|2017-03-17 16:17:47|auxilium|ambulo|utrimque|sono|tempora|tero|desparatus|similique|tempora|sui|ad|cohaero|sordeo|carmen|aspicio|xiphias|defendo|pecus|spes|nobis|adfero|studio|amiculum|blandior|tempus|unde|aqua|cruciamentum|dolore|quae|demoror|terreo|corrigo|ascisco|claudeo|solutio|unde|vorax|usitas|adipiscor|colo|pecco|cariosus|comptus|tumultus|possimus
advenio|trucido|2024-08-28 06:09:48|2023-06-13 19:29:00|amoveo|desolo|adeptio|voluptatum|2020-07-10 14:48:51|acer|spero|demulceo|quis|tristis|mollitia|tergeo|sopor|minus|admitto|accedo|canto|arceo|celebrer|tam|admitto|voluptatum|ante|cras|cursim|soleo|velum|viduo|ascit|texo|abeo|versus|ars|suscipio|canis|stillicidium|umerus|nam|adipisci|compono|atrocitas|cavus|cito|argumentum|dolores|demoror|patruus|crepusculum|voluptatum|charisma|volva
sub|perspiciatis|2024-04-13 12:52:38|2019-08-25 20:07:12|sublime|curso|adamo|copiose|2017-05-25 00:23:22|adaugeo|admiratio|deprecator|ventus|suffragium|ambitus|odio|depromo|decens|conservo|adipisci|templum|sub|impedit|aliquid|arbitro|umquam|corporis|aqua|sol|aiunt|vulnus|tergiversatio|sui|omnis|approbo|arbor|vinculum|cimentarius|subseco|barba|delibero|aegrotatio|defetiscor|sit|vallum|basium|vobis|tertius|eos|tremo|sumo|tabernus|alienus|tersus|ea
comprehendo|aliquam|2025-11-20 16:02:08|2023-07-20 07:22:06|confugo|vomer|corona|vivo|2025-10-25 17:10:10|accommodo|delectus|verbum|color|defessus|subiungo|debitis|tergo|arcesso|magnam|nesciunt|cognomen|cohaero|curtus|depraedor|vito|varius|caterva|decor|totus|claro|adstringo|crastinus|voluptatum|virgo|ullam|laudantium|virga|uxor|arma|tepidus|nihil|antea|adnuo|temeritas|aequus|vobis|viriliter|advoco|celer|texo|quasi|despecto|magni|accommodo|deinde
vulnero|cresco|2017-06-10 00:49:29|2024-05-19 06:11:04|eum|vomito|cunae|demo|2024-11-16 08:43:16|cinis|ultra|uberrime|abscido|iste|abutor|accedo|tyrannus|desino|vere|at|abbas|denuncio|aegrotatio|denique|tristis|rem|defleo|trans|adulatio|claro|necessitatibus|velut|laudantium|vel|delicate|annus|reprehenderit|territo|quia|utroque|solitudo|rem|utrimque|incidunt|demoror|cubicularis|demum|sortitus|dicta|voluptas|allatus|eaque|trucido|velit|dolorem
cribro|absque|2026-08-14 11:34:18|2026-09-01 11:06:46|cubo|vox|titulus|candidus|2024-02-18 07:21:50|bonus|tactus|soluta|tenuis|defaeco|coma|acervus|totus|tondeo|aranea|cumque|tricesimus|bardus|sursum|autus|abstergo|temperantia|capillus|tolero|verbum|villa|commodi|cattus|soluta|aranea|sordeo|demum|capitulus|usitas|reiciendis|tener|aurum|bonus|corona|aeternus|vis|demulceo|adeptio|suus|copiose|fugit|voluptatibus|carpo|comis|facilis|comparo
esse|articulus|2019-05-17 11:10:58|2023-01-01 02:02:09|capillus|ademptio|inflammatio|creta|2022-07-13 06:29:43|voluptates|valetudo|adsidue|beatus|alioqui|caterva|vado|videlicet|ocer|aestivus|iusto|consuasor|bestia|traho|consequuntur|auxilium|pauci|thesaurus|sponte|aperte|umbra|tres|denique|valetudo|crux|adipisci|adfero|velut|asper|tametsi|curriculum|aduro|subiungo|creber|minus|defluo|angustus|umquam|color|calcar|venustas|sit|abstergo|vinum|defendo|vulariter
chirographum|ver|2026-07-06 09:05:17|2021-03-04 16:08:21|copiose|subito|timor|speciosus|2021-04-01 03:05:50|vinitor|caste|vix|claudeo|maiores|conicio|thermae|conor|thesis|abscido|confido|agnosco|vitae|demitto|tenuis|aequitas|strues|cibus|solium|cernuus|suffragium|adversus|decretum|autem|maxime|cometes|supellex|cetera|asperiores|suffoco|temporibus|absorbeo|tracto|dedico|studio|pel|vita|degenero|alias|administratio|ciminatio|vulgo|dolorem|trans|utilis|suscipit
antiquus|nisi|2024-08-22 09:16:17|2017-07-20 18:01:49|studio|ciminatio|spiculum|synagoga|2021-05-01 09:48:37|allatus|quibusdam|subito|crastinus|vilitas|aggero|curo|ultra|demo|voluptatum|pauci|thesaurus|magni|contra|villa|arguo|accedo|praesentium|arceo|vado|curto|tabernus|dolor|attero|ipsam|armarium|attonbitus|dolore|sumptus|candidus|tribuo|catena|astrum|alii|tergeo|capillus|amicitia|tamdiu|campana|suppellex|tyrannus|commodi|cito|ab|enim|creber
usque|dolorem|2024-12-31 05:32:16|2019-02-10 00:38:33|xiphias|umbra|taedium|virtus|2023-09-12 19:45:49|caste|teres|thymbra|tabula|repellendus|fugiat|suus|conforto|supplanto|vulgaris|antepono|aestas|traho|cohaero|vomer|esse|admiratio|comes|sit|video|testimonium|denuncio|vilis|vel|timidus|ultio|tergiversatio|tutamen|vero|derideo|ventito|avaritia|demoror|amicitia|vulgivagus|bellicus|toties|tergeo|contra|adopto|cicuta|pel|causa|deprimo|conicio|adfero
sto|quae|2018-11-10 10:59:57|2024-04-30 02:45:33|convoco|cognatus|quis|aliquam|2021-10-06 04:29:59|praesentium|timor|adfectus|auctus|conor|dolor|delicate|uberrime|peior|solus|basium|baiulus|vae|tenus|termes|pel|texo|valeo|ventito|adinventitias|subvenio|carmen|patrocinor|aveho|soluta|turbo|condico|comptus|vulgo|usus|derideo|vinculum|annus|conor|aegrus|texo|quisquam|addo|valetudo|copia|cubo|adulescens|copia|victus|chirographum|adipiscor
amaritudo|antea|2019-05-22 16:46:27|2018-03-12 07:37:18|auctor|degero|conspergo|capitulus|2019-05-29 00:27:32|dapifer|derelinquo|valde|occaecati|provident|acer|vulgaris|vomito|ambulo|vulariter|veniam|cimentarius|toties|audentia|minima|uberrime|tardus|carmen|consequuntur|spes|barba|tam|canonicus|quae|alioqui|vociferor|aperiam|strenuus|ubi|defluo|animus|culpa|comminor|unde|sed|debilito|maiores|recusandae|delego|condico|vinculum|arguo|veniam|cattus|acceptus|adeo
ipsum|spiritus|2016-12-03 15:28:24|2016-11-05 22:28:56|incidunt|alienus|paulatim|arx|2026-02-16 08:14:46|curis|deleo|canonicus|suus|supra|complectus|coerceo|eum|aveho|tredecim|deinde|statim|aegre|conventus|doloribus|verbum|deprimo|brevis|benigne|textilis|deleo|voluptate|brevis|solitudo|fugit|vomer|arbitro|arceo|tenetur|patior|cotidie|cavus|universe|cura|tandem|odit|tabesco|ambulo|substantia|cuppedia|possimus|vulariter|sunt|communis|absum|cras
angustus|antepono|2024-07-28 22:35:22|2019-03-14 08:18:21|vitium|arcesso|antepono|molestias|2018-08-29 10:59:24|vesper|adsuesco|pax|teres|villa|depono|verecundia|tumultus|cresco|amissio|aequus|subvenio|tristis|demitto|necessitatibus|valetudo|quo|abscido|territo|quas|aegrus|tergum|totus|auditor|tamisium|numquam|speciosus|vester|debitis|corona|cedo|clamo|solum|solus|odio|cultura|corona|tristis|at|vel|amor|verbum|conservo|amplus|dens|copia
brevis|contego|2019-01-31 17:15:05|2024-02-25 20:11:29|attollo|nemo|triumphus|nostrum|2024-03-12 00:32:13|depromo|succedo|vomito|adamo|vulgivagus|volubilis|sumptus|acidus|volubilis|quaerat|utique|distinctio|toties|deinde|velociter|iusto|bos|amicitia|benevolentia|rerum|abeo|suggero|culpa|sordeo|non|comminor|villa|ocer|surculus|placeat|arbitro|congregatio|absque|cursus|angulus|arma|minus|pariatur|provident|vitiosus|suadeo|vinitor|decumbo|virga|demum|cauda
debitis|triduana|2022-04-03 19:54:13|2017-10-08 15:28:59|abbas|verto|hic|tutis|2017-09-28 21:48:08|cupiditate|armarium|atrocitas|at|sulum|vulpes|suspendo|vigilo|tum|vae|vociferor|error|cinis|arca|facere|viduo|voveo|creber|terga|ustilo|quisquam|corrupti|viduo|credo|derideo|crinis|tunc|fugit|supplanto|acsi|id|theatrum|curis|arbor|adeptio|soleo|astrum|aureus|animi|sortitus|aequus|ago|delectus|admitto|administratio|traho
atavus|in|2021-09-11 21:21:29|2017-06-09 02:56:37|magni|colligo|virgo|stella|2017-03-06 01:13:31|corroboro|altus|vacuus|accusator|delinquo|socius|vobis|villa|adipisci|traho|depopulo|stipes|caute|conforto|corona|timor|tutis|casus|avaritia|cornu|supellex|astrum|bestia|delicate|auxilium|laudantium|sustineo|commodi|casus|socius|adfero|facere|adversus|tutis|atqui|crux|demo|absum|titulus|solio|turpis|cito|chirographum|enim|supra|collum
autem|aequitas|2016-11-30 14:21:50|2018-05-14 22:24:17|subvenio|architecto|cilicium|abbas|2022-10-25 03:18:52|sopor|cornu|admiratio|clam|spiritus|tamdiu|terror|ancilla|vulariter|adsidue|desparatus|repellendus|ratione|vester|amplexus|tabula|centum|xiphias|decerno|patria|arceo|abundans|adipiscor|utilis|vel|denique|complectus|cohaero|copiose|impedit|beatae|aestus|benigne|bibo|decens|triduana|sit|corrigo|cresco|nulla|tergum|currus|conduco|vita|vespillo|colligo
voluptatum|aro|2021-04-06 15:58:44|2019-11-06 17:26:17|amplus|pectus|vestrum|non|2019-07-15 14:29:29|cauda|denuo|denique|contabesco|bene|doloremque|desparatus|vita|conqueror|pecto|cornu|consectetur|apto|torqueo|temporibus|nulla|cohaero|deserunt|trucido|tamdiu|cotidie|comparo|appositus|vulnero|appono|tantum|cunae|perspiciatis|confido|spes|infit|spiritus|defessus|vester|benigne|vestigium|voluptatem|omnis|repudiandae|quos|tenus|vix|viduo|pariatur|virgo|aureus
crinis|contra|2021-06-20 21:58:04|2025-12-30 21:33:13|acsi|vado|canis|sodalitas|2022-03-21 21:41:10|cerno|tepidus|vilicus|titulus|supra|excepturi|tenetur|conor|virga|atavus|copiose|colligo|fugit|cometes|repellendus|vir|deleo|carbo|suscipit|valeo|cilicium|cupiditas|demergo|facere|usus|brevis|curtus|certus|conventus|aedificium|socius|quas|confido|celebrer|tribuo|ara|itaque|artificiose|pauper|aufero|ascit|coniecto|cubicularis|fugiat|temporibus|carus
sulum|creator|2017-04-13 09:09:21|2022-07-23 18:46:01|complectus|aut|vivo|eum|2021-03-20 13:27:55|animi|aperio|crapula|denique|tyrannus|uterque|sui|vos|aut|terebro|vociferor|quaerat|corona|id|vorago|anser|hic|tersus|vinitor|centum|temperantia|cito|volva|animus|vitium|ustulo|ait|sto|conitor|derelinquo|temeritas|cilicium|decens|deinde|cohaero|solitudo|surculus|turba|tui|triduana|cupio|supellex|alias|omnis|conturbo|tenus
amiculum|tero|2018-11-05 08:32:48|2018-10-18 00:56:26|accusantium|desparatus|tamquam|dapifer|2018-07-08 23:58:44|arto|usus|vulticulus|virgo|confugo|audentia|casus|trado|degero|conventus|ater|crastinus|amplexus|bellicus|desparatus|carmen|amo|ascisco|talus|aggero|atrox|sub|iusto|tergum|appello|ex|adsidue|utpote|denuncio|similique|deripio|ciminatio|nemo|sursum|cattus|solus|caritas|surgo|desino|veritas|illum|subnecto|cilicium|theatrum|modi|reprehenderit
comprehendo|avaritia|2018-11-20 17:08:03|2024-09-29 11:15:20|subseco|strues|clam|viscus|2016-10-07 03:57:15|cunctatio|solium|et|uredo|attero|adeo|vinitor|ut|depereo|traho|charisma|delinquo|suadeo|arbor|vereor|admitto|barba|aliquid|synagoga|bos|assumenda|creber|vis|fugit|amita|bos|abstergo|coerceo|ait|super|arca|tempore|confugo|corroboro|voluptatum|adflicto|eligendi|carus|decimus|spiritus|tamdiu|ipsam|universe|cum|averto|cotidie
tergiversatio|ad|2022-10-30 13:59:29|2018-09-20 13:19:42|aspicio|iusto|rerum|sum|2025-10-08 20:59:58|quod|ceno|bardus|claudeo|demonstro|cogito|tamquam|audeo|deinde|esse|et|curriculum|suggero|vorax|arto|vorago|tribuo|repudiandae|creta|vinculum|defluo|sapiente|stultus|deprecator|bardus|illo|deludo|verus|conturbo|clementia|derelinquo|cubitum|vis|validus|damno|impedit|tumultus|ocer|apparatus|cupio|demoror|porro|antea|sollers|alioqui|aperiam
eum|celer|2025-04-03 00:14:01|2026-02-18 21:51:36|ultio|vomica|adnuo|totidem|2022-12-25 22:15:26|patria|minus|commodi|cruentus|cursus|aegrotatio|canis|cimentarius|nam|ait|talis|cupressus|odio|depulso|amplus|praesentium|trucido|casus|aeternus|vado|cogo|delinquo|clarus|coniecto|fuga|creber|compono|allatus|tamen|claustrum|dedecor|casus|decet|tametsi|benevolentia|adamo|aedificium|volo|caecus|tamen|aliqua|subnecto|colo|dicta|ipsa|delectatio
ago|vitium|2022-02-15 18:03:49|2025-10-21 00:37:53|calculus|dolor|adstringo|conor|2026-01-17 07:52:19|auditor|cupio|valetudo|spero|explicabo|textor|tactus|summopere|attollo|arbor|condico|aufero|cenaculum|facere|correptius|suffragium|nihil|vapulus|tabula|culpo|torrens|atqui|aestus|natus|thermae|circumvenio|cetera|cubicularis|cupiditate|desparatus|curo|vulariter|argumentum|suppellex|acervus|alius|amor|sodalitas|amoveo|alioqui|cursim|ustilo|subnecto|ultra|defluo|facilis
conicio|casus|2018-06-14 20:22:27|2022-07-07 09:43:24|approbo|eos|adamo|aptus|2018-09-03 07:47:12|ustilo|cunae|clam|coaegresco|villa|tamisium|vorax|cauda|tener|benigne|theca|templum|volubilis|pectus|suffragium|unus|decipio|commodo|modi|compono|talus|voluptatibus|placeat|ceno|sollers|usus|derideo|cultellus|argumentum|mollitia|complectus|suffoco|abundans|cohaero|denique|truculenter|venia|quos|ante|uter|defessus|compello|ait|crepusculum|auxilium|colo
torqueo|terga|2017-06-06 18:18:29|2018-06-08 15:47:32|stipes|claro|vestigium|delicate|2018-10-04 21:17:36|abeo|sursum|repellendus|conitor|teneo|adicio|adfero|cohors|rerum|culpa|comis|apud|tollo|abduco|suffoco|abstergo|crudelis|illo|angulus|totus|xiphias|calamitas|claustrum|theca|conatus|adhaero|adulescens|sub|deripio|tui|textilis|theologus|vero|ait|caecus|carpo|animadverto|clibanus|deputo|appono|degero|vero|sustineo|cursim|attero|voluptas
demulceo|vomito|2025-10-19 03:37:18|2025-12-13 06:09:30|iste|summopere|theatrum|vere|2018-11-19 14:52:59|officiis|amiculum|quis|quaerat|verto|callide|decerno|auctus|cicuta|adulescens|vitium|quia|consuasor|vinitor|una|virgo|undique|terga|bibo|via|aestus|defero|apud|error|voluptas|aegrotatio|tardus|cavus|pax|vulgo|degenero|fugiat|ventosus|ipsum|socius|deficio|quisquam|ter|tam|et|coniuratio|placeat|culpa|triduana|cavus|aveho
tristis|textor|2019-07-06 21:05:39|2019-08-19 03:56:50|ancilla|arx|suppellex|tabella|2018-10-08 20:37:31|hic|curriculum|volubilis|suppellex|taedium|arcus|demens|balbus|cado|id|una|vix|patria|excepturi|depereo|corroboro|abbas|testimonium|caelestis|conor|aegre|cilicium|blandior|cum|deporto|subito|placeat|tabesco|combibo|audeo|concido|advoco|demergo|pel|ait|aliquid|vergo|stips|utroque|timidus|adulescens|quia|tamdiu|cicuta|quis|excepturi
aut|coruscus|2024-03-06 08:36:41|2024-06-15 14:26:44|cilicium|clam|strues|conturbo|2024-09-20 14:27:44|adhaero|delego|cariosus|conduco|patrocinor|apostolus|articulus|eum|cervus|capio|voluntarius|usus|alii|cunctatio|asporto|enim|titulus|cras|suasoria|stella|sol|canonicus|vomer|creo|tamdiu|caritas|usitas|textus|assentator|comparo|derideo|aliqua|adsidue|sit|peior|caelestis|desipio|texo|speciosus|auctor|stabilis|cumque|maiores|villa|velociter|autem
aufero|optio|2018-05-26 18:42:56|2018-07-11 01:21:53|tabesco|amplitudo|sollicito|nisi|2020-12-03 19:15:43|asperiores|stabilis|decipio|abbas|vitiosus|tersus|accommodo|canonicus|curto|amplus|crudelis|comminor|conor|quas|aptus|solvo|solvo|coepi|creber|arx|terga|complectus|comes|nisi|velut|bellicus|tyrannus|tyrannus|optio|ducimus|acidus|substantia|supra|thema|viriliter|talio|odit|cedo|venio|vapulus|contigo|conculco|trans|cavus|cubo|casus
acer|coma|2019-10-17 17:27:49|2022-10-25 01:41:30|nostrum|casus|tredecim|arguo|2023-02-21 11:16:56|caute|appello|desparatus|decerno|appono|admiratio|derideo|termes|callide|statim|conspergo|catena|quis|theca|undique|est|strues|aliqua|deputo|omnis|credo|clamo|volaticus|talio|amplus|delego|votum|spoliatio|atrocitas|deduco|error|pecus|averto|volubilis|tepidus|perferendis|cunae|distinctio|video|utor|cernuus|suppellex|carbo|dapifer|aeternus|centum
patruus|angulus|2025-06-21 07:09:31|2020-07-10 21:06:08|spiculum|cognatus|theca|ut|2018-05-19 23:37:19|averto|accusator|clamo|ut|tactus|aetas|ter|abundans|celer|comptus|tabernus|provident|constans|vomito|magni|eveniet|abscido|aperiam|coruscus|bis|tenax|confero|tres|comminor|verus|cohors|arma|tenus|repellendus|cena|aliqua|verecundia|tego|campana|tutamen|voluptatum|comes|consequuntur|creta|tredecim|coadunatio|sponte|cedo|pax|similique|despecto
decerno|custodia|2021-03-29 16:57:36|2020-10-21 21:59:29|bardus|aequitas|campana|admiratio|2017-02-03 14:05:08|quaerat|chirographum|quibusdam|vulnus|libero|copia|ultra|terebro|atavus|denego|creator|curis|similique|quasi|dolorum|minima|admoveo|trado|tabella|adopto|varietas|decimus|valetudo|charisma|stultus|solvo|iusto|abutor|consequatur|subvenio|adduco|celo|triumphus|comminor|corroboro|derelinquo|verumtamen|considero|arcesso|arca|spiritus|quam|curtus|talis|crur|comminor
tergeo|unde|2022-09-24 21:15:54|2018-03-29 15:28:12|pecto|stillicidium|surgo|sodalitas|2024-09-16 04:12:02|commemoro|crastinus|conforto|caveo|demulceo|calamitas|canto|deinde|absens|appono|spiritus|aeternus|depono|aggero|bos|undique|audio|quasi|vobis|alius|amplexus|fugit|thymbra|defero|super|aestivus|capto|blanditiis|pauci|ipsam|odit|paulatim|quo|vinitor|agnosco|aranea|caries|vigor|corrigo|ambitus|ago|amoveo|sit|strenuus|beneficium|audax
aeneus|comburo|2025-01-17 10:55:39|2019-07-27 11:44:51|cenaculum|auctor|valetudo|vacuus|2022-10-03 17:51:57|sit|speciosus|vir|videlicet|concedo|comitatus|terminatio|ascisco|minus|sulum|thesis|virga|conduco|alii|adinventitias|aetas|somniculosus|at|aeternus|angustus|altus|advenio|natus|aperte|cruentus|amor|deleniti|degero|talis|crapula|carmen|omnis|eligendi|calcar|caecus|velut|commemoro|eos|somnus|thesaurus|toties|somniculosus|bene|studio|catena|contabesco
coerceo|viridis|2018-12-28 18:25:03|2023-12-07 16:54:15|depulso|atavus|truculenter|defaeco|2020-10-09 14:52:03|uredo|officia|tunc|nesciunt|bardus|civitas|cerno|aperte|aqua|summa|esse|degusto|cum|adfero|temptatio|succurro|tersus|aer|perspiciatis|curso|consuasor|aveho|aegrus|peior|varius|harum|ex|admoneo|vespillo|facere|temperantia|subiungo|volva|vivo|aduro|color|videlicet|timidus|tametsi|una|soleo|rem|cetera|voluptates|speculum|villa
animi|derideo|2017-06-30 18:24:00|2022-07-14 06:44:19|arbitro|absens|ver|sapiente|2023-10-26 20:55:41|varius|angelus|una|curatio|vicissitudo|vitiosus|textor|ustulo|deinde|valde|tamisium|comburo|cresco|coepi|summa|crux|cotidie|averto|barba|illum|audax|auctor|absconditus|confugo|pariatur|absens|vetus|laboriosam|virgo|socius|cultura|vulariter|spargo|correptius|admoneo|crepusculum|totus|vae|abeo|verbum|urbanus|audentia|cognatus|vomer|arbustum|colo
comptus|deludo|2018-05-29 18:10:02|2021-08-20 13:51:16|cibo|sed|demonstro|quaerat|2020-05-19 22:39:26|decumbo|libero|defluo|eos|canto|velum|auctus|autus|debilito|amo|laudantium|atqui|tabgo|spoliatio|quis|demergo|vigilo|nostrum|desparatus|voro|varietas|dolorum|capitulus|capillus|ago|perspiciatis|arbustum|cunabula|volup|textilis|aperio|audacia|vilicus|tenax|vilis|coniecto|provident|deorsum|arto|adfero|thesaurus|defluo|calamitas|viriliter|tabula|territo
tepesco|auctus|2024-11-16 15:09:51|2019-11-16 01:57:21|cras|vulpes|defaeco|versus|2026-02-16 10:22:12|celebrer|taceo|infit|arca|ipsum|acidus|compono|trucido|temporibus|subito|vestrum|auctus|socius|dolor|distinctio|valde|ambulo|ademptio|confero|acer|subito|pecus|cimentarius|cursus|validus|assumenda|casso|sortitus|accendo|verto|ullam|alius|desidero|ventosus|eaque|curtus|voluptatem|pauper|clamo|armarium|caelestis|earum|ustulo|derideo|censura|perspiciatis
eum|solutio|2024-03-14 23:30:31|2025-02-06 06:10:46|culpo|vigilo|conatus|vos|2022-05-21 10:56:51|adeo|solvo|acidus|arceo|debilito|speciosus|video|beatus|nihil|averto|auctor|utique|utor|magni|artificiose|utor|torrens|corrigo|alius|assumenda|defessus|contra|alter|capio|ab|vix|blandior|defaeco|arbor|ars|tredecim|celebrer|viriliter|terror|celebrer|cognatus|verumtamen|terga|cohors|adinventitias|placeat|aqua|strenuus|conturbo|curatio|surculus
ambulo|tripudio|2023-01-11 19:56:19|2026-09-09 14:13:55|demitto|combibo|depromo|hic|2020-05-10 17:01:47|ullus|adflicto|clarus|utpote|succedo|impedit|creber|fugiat|voco|corrigo|porro|vero|dolorum|apto|tergum|carpo|eveniet|deripio|vinitor|audacia|alienus|abduco|validus|supra|theca|summopere|unde|quos|arto|subnecto|aequus|temperantia|odit|cauda|conor|clementia|earum|creo|ambitus|quibusdam|aurum|defaeco|sophismata|vigor|infit|vito
sto|officia|2018-08-03 10:36:39|2020-03-03 11:56:13|vesco|spiritus|nam|conculco|2021-05-08 14:06:11|thermae|summa|antepono|aegrus|ambitus|verus|aiunt|caritas|venio|complectus|caute|suppellex|ustulo|commodi|volutabrum|currus|talis|spes|substantia|colligo|stillicidium|illo|cattus|video|unde|defetiscor|aeternus|eius|cado|cunabula|concido|textor|aliquid|distinctio|beneficium|cuppedia|apostolus|unde|acidus|ulterius|verumtamen|deleo|pecco|voluptates|ter|ultio
curiositas|correptius|2022-12-14 02:44:20|2019-02-03 02:43:32|cimentarius|suasoria|derideo|defaeco|2020-11-10 20:51:59|curatio|unde|conspergo|fugiat|tergum|benevolentia|aggero|cattus|tempora|via|villa|curo|blanditiis|casus|vacuus|dens|depulso|rem|magnam|adstringo|thesaurus|curia|velum|enim|sursum|congregatio|callide|solus|ambulo|vilis|asperiores|cultellus|vesper|vergo|dolor|artificiose|universe|acceptus|supellex|temporibus|censura|eveniet|verumtamen|carbo|mollitia|credo
tergiversatio|verecundia|2019-03-30 07:12:54|2022-03-11 22:12:45|decerno|desipio|solvo|vel|2018-06-02 17:01:04|deduco|commodo|usitas|sopor|condico|decor|comparo|unde|cado|vulpes|sortitus|possimus|dedico|beatus|ulterius|valens|alioqui|cognatus|supra|taedium|apud|aufero|adversus|vesco|nihil|valeo|tepesco|demum|admiratio|beneficium|corrumpo|accommodo|aeger|arbustum|blanditiis|vespillo|aqua|curatio|tribuo|cognomen|aegrotatio|quasi|caecus|cubicularis|clibanus|nemo
facilis|ipsa|2018-11-26 05:22:10|2018-07-12 23:12:45|vix|sol|aduro|contra|2021-07-14 03:45:58|ventito|delectus|temporibus|aegrotatio|timidus|cupio|copiose|explicabo|vomer|carmen|comburo|amiculum|vigilo|utrum|synagoga|dignissimos|conatus|crustulum|similique|in|demens|patria|crustulum|concido|trucido|celebrer|umquam|tempora|sponte|talio|sortitus|vesper|quibusdam|confero|totam|dolor|cuppedia|curiositas|perspiciatis|uxor|blandior|adnuo|damnatio|succedo|minima|antepono
asperiores|aeternus|2025-12-22 11:48:27|2017-12-06 13:31:41|cur|contigo|adfero|bellum|2025-05-17 05:14:19|adinventitias|adipiscor|thalassinus|tenuis|anser|advenio|cognomen|compono|voluptatibus|dolores|architecto|thymum|adfectus|comes|tempora|dolor|triumphus|certus|cras|paens|velut|adhaero|damnatio|paens|casus|accendo|timor|aeger|dedico|possimus|suggero|ustilo|colo|tamisium|creator|peior|debitis|asperiores|synagoga|claro|amitto|tabgo|molestias|solum|appositus|vulpes
solum|amissio|2019-07-11 02:43:56|2016-12-08 08:32:14|toties|teres|vesper|theca|2025-12-03 15:49:26|sit|dolores|alienus|vinculum|demergo|aeneus|hic|cibus|terminatio|aranea|appono|adsidue|contabesco|libero|demonstro|neque|trepide|timidus|cuppedia|clibanus|id|id|admiratio|tergum|summopere|amo|capitulus|comparo|adipiscor|sodalitas|aptus|atqui|sapiente|ocer|cohors|desparatus|sub|crastinus|supellex|uterque|cursus|tot|corona|repellendus|confugo|cui
uredo|deserunt|2026-02-15 20:38:26|2024-09-27 19:36:45|vomica|cilicium|deporto|fugit|2017-08-04 16:40:20|claro|cibo|acsi|sustineo|celebrer|utroque|benigne|vilis|vitium|trans|doloremque|distinctio|attollo|audio|doloribus|allatus|adimpleo|cogito|bonus|voluptatum|cursim|uterque|delectus|abstergo|ter|sint|theca|solutio|ademptio|deripio|coepi|alius|iste|tres|infit|voluptas|amiculum|cupressus|consuasor|delectus|cuppedia|benigne|decumbo|conor|copiose|sto
apud|curriculum|2022-01-28 04:26:54|2020-11-18 20:43:44|eius|agnitio|officiis|tenax|2020-06-15 05:20:06|ascisco|curvo|abstergo|bos|terebro|video|in|curatio|bibo|inflammatio|pauper|admoneo|cras|bis|acquiro|sub|tollo|vorago|decretum|patruus|depereo|cribro|arbitro|necessitatibus|facere|sublime|caries|sopor|bonus|adicio|vito|arceo|aegrotatio|supellex|placeat|degenero|tempora|nisi|vesica|stella|defluo|admitto|tactus|abstergo|culpa|thesis
argumentum|tricesimus|2017-07-08 12:31:50|2023-07-27 23:52:25|suffragium|crinis|civitas|tero|2017-08-19 12:44:54|quia|attollo|magni|vesper|summa|culpo|talus|perspiciatis|conscendo|non|cibus|caterva|peior|centum|alter|denuncio|deprimo|tepesco|defleo|contra|callide|tenuis|calcar|audacia|dolorum|depulso|theca|terror|cubo|dedico|anser|demo|atrox|dolore|sordeo|sollicito|cenaculum|cubitum|alienus|excepturi|pauci|tunc|circumvenio|aegrus|accusamus|tum
aeneus|confero|2022-03-05 11:32:20|2022-03-14 08:08:51|varietas|aro|cui|creator|2021-04-27 16:01:34|universe|ea|coerceo|pecco|dolor|calamitas|crustulum|video|ars|corrupti|vesco|capio|uterque|sint|adhuc|argumentum|balbus|assumenda|spiritus|denego|magnam|alienus|vulpes|adsum|cado|quasi|thermae|censura|quasi|deleo|aurum|defero|valeo|bardus|abstergo|alo|calco|conor|aptus|catena|tamquam|statim|vito|uterque|aer|adicio
via|quibusdam|2022-04-09 15:34:06|2023-07-29 05:59:02|talio|adipiscor|tamdiu|spiritus|2020-11-28 19:07:44|carbo|vulpes|commodo|tertius|quisquam|consequatur|desipio|varietas|tertius|curso|sequi|vel|soluta|distinctio|vetus|crapula|eligendi|amplus|calcar|tempora|vita|convoco|temptatio|quo|strenuus|conforto|despecto|porro|demo|comptus|quibusdam|volubilis|vociferor|complectus|alius|error|desparatus|uxor|atavus|nobis|curtus|nisi|alioqui|socius|bis|thymbra
aliquid|vester|2017-02-12 13:54:37|2022-02-18 19:17:25|aqua|deprimo|acies|adhaero|2026-01-16 01:29:31|concedo|cicuta|arguo|tum|dolorem|valetudo|suscipit|vero|tenuis|labore|asperiores|voco|cultellus|tergo|arca|quam|strenuus|carus|sit|crustulum|animus|dedecor|crapula|earum|claustrum|suggero|textilis|validus|tenax|adsum|vacuus|certe|amet|aegrus|denuncio|tondeo|defetiscor|tutamen|vir|ancilla|eius|apostolus|sophismata|thesis|subito|tabgo
sollers|soleo|2022-06-20 21:56:10|2020-02-12 23:58:37|supellex|ad|caritas|sumo|2022-04-17 05:51:06|testimonium|casus|campana|facilis|aegre|sustineo|adeo|soluta|tempora|tricesimus|crepusculum|ascisco|caveo|valde|decens|texo|baiulus|accusantium|depromo|pauci|collum|adstringo|defessus|stips|conturbo|volup|confido|sulum|vox|carmen|solitudo|traho|vacuus|cupiditate|adstringo|asperiores|callide|sapiente|excepturi|appono|sulum|appositus|bellum|clarus|cometes|adsuesco
optio|animi|2024-10-24 16:13:09|2018-03-26 07:52:37|carcer|surculus|tam|apto|2026-01-20 22:50:36|modi|totam|sunt|auctus|magni|arma|adinventitias|angustus|porro|vigilo|voluptatibus|aedificium|vigor|accusamus|bestia|color|adeptio|iste|cerno|tepidus|explicabo|balbus|tergiversatio|uredo|omnis|coniecto|carpo|abbas|thalassinus|sum|vilis|clarus|triduana|saepe|labore|esse|agnitio|tredecim|voluptas|voluntarius|theologus|pariatur|tam|pariatur|amita|amplus
solutio|suppono|2022-04-05 06:47:35|2018-01-08 04:21:25|usque|civis|cimentarius|caelum|2017-09-20 17:51:02|centum|verus|amaritudo|beneficium|sperno|adeptio|ubi|succurro|terebro|pectus|claro|adstringo|quasi|dolorem|vomito|fuga|cicuta|audacia|vespillo|accommodo|causa|cupiditate|basium|amet|decretum|succurro|curiositas|doloremque|molestias|stips|thema|complectus|tam|utique|creptio|turbo|compono|suspendo|cognatus|vester|ter|venio|beatae|apparatus|accusantium|custodia
usque|textor|2022-08-11 01:17:22|2025-02-25 19:30:13|vitae|animi|arbitro|acquiro|2020-07-24 09:35:03|turbo|appello|colo|dicta|spero|verumtamen|tametsi|sono|valeo|voco|tredecim|vito|umerus|officiis|usitas|comptus|caterva|nam|tutamen|vinitor|urbanus|acervus|peior|suspendo|ulterius|adiuvo|adeptio|cunae|denuncio|auxilium|vaco|rerum|iure|cado|nulla|tendo|adulescens|quaerat|placeat|cogo|comitatus|tego|soluta|temeritas|termes|decimus
incidunt|usque|2018-07-03 10:19:17|2017-09-07 22:19:34|vallum|currus|quod|supellex|2021-11-12 09:55:52|arma|at|doloremque|nesciunt|undique|tracto|ustilo|thesaurus|laudantium|tumultus|curis|doloribus|vergo|accusantium|terreo|tersus|aro|currus|cultura|rem|vesco|aptus|corrupti|bis|antepono|concido|copia|concido|decens|bis|curso|vespillo|attollo|cena|cognatus|cuius|alioqui|terminatio|constans|adsidue|derelinquo|occaecati|cresco|ventito|tricesimus|degusto
cupiditate|congregatio|2017-01-12 05:20:46|2021-04-06 03:20:45|synagoga|capitulus|somniculosus|tenus|2026-01-07 18:28:42|convoco|derideo|videlicet|aegre|cui|aeternus|una|caute|in|despecto|depraedor|annus|avaritia|architecto|delego|desolo|suscipit|tero|nesciunt|tenax|vomito|adimpleo|aggero|absconditus|cribro|corpus|tertius|vapulus|temporibus|excepturi|dedico|cornu|itaque|tam|abeo|congregatio|compello|villa|adsidue|apto|testimonium|crur|candidus|sustineo|volutabrum|sit
accendo|tolero|2018-09-20 11:11:38|2018-04-01 23:02:13|vereor|vesco|speculum|inventore|2021-02-01 15:15:20|teres|certe|truculenter|conscendo|optio|angulus|crebro|ager|territo|sunt|volaticus|turba|aestus|adamo|videlicet|attollo|theatrum|aro|fuga|via|correptius|accusamus|cedo|auditor|aequitas|valde|vicissitudo|timor|nesciunt|timor|ventus|creber|demum|apto|tabella|excepturi|comptus|cilicium|verbum|fugit|fugiat|pariatur|territo|summisse|atque|ademptio
sit|argentum|2021-12-14 09:09:27|2017-07-12 03:54:04|adipisci|subito|pariatur|summa|2025-07-13 13:55:00|alo|aestas|traho|delectus|labore|ciminatio|cubitum|thermae|paens|amoveo|tero|calcar|appono|voluptas|ipsa|creber|thymbra|aspernatur|vesper|nobis|bos|quo|utrimque|eum|vomer|cui|aut|tenax|aestus|sapiente|tergeo|tertius|tricesimus|thema|cupio|ventus|auditor|cruciamentum|casso|sum|testimonium|cruentus|explicabo|aeneus|soluta|veritas
thermae|bellum|2017-09-17 05:38:07|2025-02-01 15:04:26|aufero|pauper|excepturi|tolero|2025-09-09 20:52:30|illo|claudeo|cunabula|accendo|defessus|admiratio|pectus|confero|sustineo|minima|tendo|comedo|caecus|curiositas|delectatio|amet|solutio|tantum|fugit|audacia|vociferor|peccatus|adulatio|triduana|amiculum|calamitas|sint|thymum|vapulus|civis|apto|ultra|compello|statim|attero|velum|debitis|carpo|ultra|concido|tabula|beneficium|arcesso|clarus|traho|voluptatum
molestiae|pecco|2021-11-01 13:12:49|2020-08-18 01:33:03|crepusculum|torqueo|copia|vetus|2021-05-21 10:43:32|vitiosus|credo|abutor|verbum|theca|doloribus|teneo|officiis|adsuesco|beatus|deludo|coma|synagoga|vulgaris|voco|tempora|facere|aurum|aliquid|vulticulus|viscus|delego|cernuus|acies|dapifer|bestia|spero|curatio|magnam|cultura|vicinus|convoco|stillicidium|arcesso|terror|aranea|deleo|nulla|templum|adinventitias|cultura|claro|tego|verumtamen|turba|surculus
verecundia|peior|2021-09-28 15:22:52|2024-01-12 07:28:16|deprimo|stella|quae|statim|2024-12-08 23:16:36|caries|ubi|cui|beneficium|dedico|doloribus|denuo|facilis|degero|degusto|viduo|tardus|curo|theatrum|termes|argumentum|thorax|sodalitas|doloremque|sum|advenio|thermae|verumtamen|blanditiis|aperte|vestigium|ventus|supra|tendo|ipsum|sortitus|admitto|causa|patruus|arx|umbra|patior|totidem|ocer|vester|adeo|sapiente|cibo|caritas|derideo|cornu
calcar|conventus|2016-11-01 22:08:35|2021-11-26 09:27:18|aut|summa|pecco|aliquid|2018-06-15 09:05:54|iusto|deficio|unde|saepe|arbustum|creptio|adimpleo|agnitio|cibus|vulpes|consequatur|carpo|antiquus|theologus|numquam|convoco|temeritas|benevolentia|culpa|commodo|in|aperio|aegrus|credo|necessitatibus|sub|teneo|valde|vita|itaque|cuius|abstergo|depono|conforto|theca|sonitus|tristis|deduco|vilicus|sursum|eos|confugo|culpa|arto|stella|temeritas
coepi|apparatus|2019-12-03 12:23:35|2021-03-19 18:06:20|aiunt|traho|vigor|atavus|2022-06-29 11:04:48|supra|sumptus|defessus|suus|animus|validus|venustas|vociferor|infit|bellicus|attollo|brevis|absens|crepusculum|provident|sopor|conqueror|turbo|bis|angulus|peccatus|aegrotatio|casus|vulariter|voluptas|animadverto|solitudo|casso|alius|vivo|illum|defero|summa|carcer|tenuis|thesaurus|callide|vaco|exercitationem|conicio|arbor|aliquid|iusto|minus|concido|decumbo
cui|culpo|2024-12-15 11:06:22|2025-05-27 16:31:57|strenuus|timidus|cerno|cupiditas|2025-11-02 06:16:41|denuo|cribro|debeo|amicitia|sollicito|spes|aiunt|adversus|deserunt|cruentus|substantia|cibus|corrumpo|bos|sollicito|cogo|decerno|repellat|cubitum|combibo|aspernatur|decor|curso|admoneo|validus|currus|beneficium|consequuntur|tyrannus|tyrannus|vereor|atque|arca|tero|demonstro|utroque|speculum|tonsor|quae|tondeo|vester|vado|iusto|tres|adiuvo|dens
quidem|sollers|2016-10-12 23:38:01|2016-12-04 23:28:04|aliquam|mollitia|thalassinus|audentia|2021-04-22 03:18:20|ver|astrum|defetiscor|reprehenderit|stabilis|aperiam|cimentarius|solvo|thesis|aequus|atque|utor|crepusculum|aestas|surgo|maxime|alii|tergo|bestia|celo|adipiscor|crinis|vomito|verbum|asperiores|totus|tamquam|degenero|delectatio|certus|alioqui|tergeo|supplanto|fugit|arca|conscendo|vinculum|decretum|crebro|ab|temperantia|decimus|tenetur|civitas|placeat|cum
defleo|adduco|2019-10-22 21:34:43|2018-02-26 12:02:36|ascit|trucido|thalassinus|cupiditas|2022-09-11 00:54:17|cognatus|desolo|arbor|timidus|sit|ducimus|absconditus|complectus|atque|traho|cavus|tempore|ab|abscido|textor|ubi|credo|suadeo|aspernatur|defluo|tempus|utique|substantia|provident|auditor|unus|tribuo|desparatus|deduco|aurum|tantillus|dedico|dedico|astrum|thema|beatae|ager|accedo|sol|cubitum|quam|clam|stultus|desidero|cubitum|corrupti
aggero|doloremque|2016-12-13 23:24:34|2017-12-22 12:58:30|despecto|accusamus|natus|conscendo|2021-11-16 07:16:11|tabgo|casso|virtus|absens|curatio|occaecati|depono|caritas|chirographum|urbanus|inflammatio|vacuus|adhuc|vacuus|usitas|celer|confido|ustilo|urbanus|accommodo|accusantium|cetera|peior|nobis|accusator|cito|cedo|abeo|antea|ulterius|aequitas|amita|depereo|non|vitae|officia|adaugeo|curia|cras|tergum|aggredior|voluptatem|accusamus|talio|pecco|cogo
thema|ipsum|2017-04-28 13:26:29|2020-07-08 19:30:46|deleo|tumultus|vetus|dens|2023-09-15 06:35:43|varius|ventus|quo|acies|celer|cuius|toties|solutio|coniuratio|cavus|animi|deprecator|dolorum|varietas|dolorem|umquam|paulatim|summisse|defessus|cicuta|natus|abeo|doloremque|conculco|et|acer|sodalitas|dedecor|assumenda|ubi|aegrotatio|maxime|quas|atqui|clam|validus|vulpes|cibo|aegrotatio|coniecto|vinculum|adipiscor|vesica|viriliter|tristis|creptio
patruus|abeo|2021-07-24 22:12:45|2022-03-24 12:52:06|callide|calamitas|nobis|chirographum|2021-03-09 20:33:42|ulterius|clam|cetera|eligendi|paulatim|verus|sollers|tergiversatio|nesciunt|delectatio|concido|aureus|vindico|vespillo|usitas|odio|utpote|calcar|decens|voluptatum|deinde|turpis|decumbo|canonicus|traho|copia|cumque|coniuratio|sublime|desolo|tertius|utroque|depromo|audeo|turba|usque|hic|crux|sumptus|viridis|cur|inventore|inflammatio|tertius|ut|absum
calamitas|surgo|2022-08-27 00:11:36|2017-06-10 02:38:15|appositus|accusamus|vinculum|valde|2026-03-15 12:08:50|vinitor|deripio|talus|minima|cedo|temperantia|crudelis|compono|perspiciatis|aegre|ater|utrum|adsuesco|cribro|valeo|angustus|desparatus|suscipit|thema|tamen|agnitio|aut|eaque|statua|templum|comprehendo|cohors|quis|at|suffoco|ver|totus|tergeo|coma|argumentum|vilicus|consequuntur|tertius|acquiro|territo|defleo|cunae|theatrum|ambitus|avarus|tabgo
victoria|vitiosus|2018-07-27 21:15:01|2018-09-14 19:18:49|vel|cariosus|debeo|accommodo|2022-03-03 09:30:00|campana|solio|convoco|convoco|arbustum|cornu|valetudo|demergo|admoneo|placeat|vado|occaecati|in|commodi|aetas|quae|delectus|acidus|volup|ducimus|combibo|ut|volup|possimus|tubineus|creator|conservo|solutio|trado|commodo|tamquam|totus|aer|taedium|dignissimos|vero|claudeo|via|theca|accusator|studio|appositus|neque|alii|sub|corrigo
ambulo|alii|2025-03-09 11:57:05|2026-05-07 13:40:11|denique|tero|thymbra|volutabrum|2023-05-28 16:17:41|verbera|administratio|sum|tabella|conscendo|uterque|cimentarius|una|cornu|arbitro|ustulo|cur|venio|amissio|verecundia|volubilis|vesco|aqua|bardus|voco|tepesco|umerus|torqueo|cohaero|cupio|deputo|venia|amaritudo|corrigo|cohors|cauda|natus|angulus|ascit|cubicularis|credo|adfectus|sortitus|odio|quia|aureus|assumenda|cedo|celo|aliquam|audentia
delibero|catena|2017-01-27 11:16:03|2019-07-17 11:32:37|amor|umquam|statua|ventosus|2024-10-02 02:15:14|vapulus|adstringo|suppono|est|contra|sopor|tricesimus|itaque|tempus|depulso|terga|concedo|distinctio|depereo|pecus|vehemens|agnosco|cetera|tantum|conduco|turpis|adsum|tibi|umerus|spectaculum|audax|illum|totus|damnatio|pauper|tempora|delego|catena|pecco|nostrum|deserunt|patrocinor|vacuus|excepturi|theca|tamdiu|constans|compono|combibo|socius|qui
amoveo|cubitum|2024-02-27 21:34:43|2021-04-26 23:07:46|decumbo|cuppedia|ea|sumptus|2024-05-13 20:01:46|antepono|comburo|amaritudo|appositus|creta|amplus|amoveo|vigor|aestus|statim|deporto|ipsam|valens|adiuvo|super|absorbeo|cum|vesica|tertius|claustrum|quam|amplus|thorax|repellendus|stipes|qui|cubo|terminatio|vulgo|tunc|tamisium|canis|viriliter|ipsam|ambitus|aestus|asporto|apto|voluptatem|collum|ante|cervus|nemo|patrocinor|acquiro|cattus
aggredior|quo|2024-12-05 04:12:33|2017-07-27 23:38:41|vulnus|tepidus|toties|acsi|2023-12-09 09:36:46|cultellus|admiratio|perferendis|tendo|adeptio|amita|calculus|tandem|capio|voco|addo|atrox|trepide|arcus|eum|cur|defetiscor|tenus|creator|despecto|decimus|derideo|cursim|uter|color|clibanus|caveo|colo|vester|teres|sumo|capillus|vix|aeger|vere|pax|turpis|conturbo|commemoro|cruentus|deripio|ubi|desparatus|averto|apparatus|beneficium
commemoro|aestus|2025-02-03 10:30:28|2025-05-01 01:42:08|textus|apud|accedo|suffoco|2024-03-19 10:12:20|adsuesco|vulnero|quod|temptatio|cerno|tametsi|textilis|est|viridis|triduana|spectaculum|volaticus|ipsum|laborum|amplexus|convoco|supra|audeo|cunabula|autus|vulticulus|at|carus|averto|sulum|stillicidium|contigo|cilicium|viridis|bibo|provident|stillicidium|culpo|turpis|aduro|tantum|denego|nisi|carpo|supplanto|defungo|vulgaris|demulceo|consuasor|placeat|defetiscor
canto|atqui|2023-11-16 16:52:14|2020-10-04 07:22:16|arceo|hic|suffragium|virtus|2021-03-13 12:35:54|communis|temeritas|summopere|charisma|aliquid|agnitio|pax|antepono|sopor|aggero|depereo|avaritia|earum|accusator|pecus|absens|turbo|vigor|aliquam|fuga|unde|thesaurus|autem|doloremque|crepusculum|beatae|abeo|quae|ea|ascisco|tres|turpis|sophismata|utpote|usus|terreo|suus|utrum|arguo|tendo|surgo|demergo|vix|temeritas|quos|synagoga
deleo|voluptatibus|2021-12-29 02:12:15|2020-07-17 23:41:26|vestigium|deleo|libero|adaugeo|2022-05-18 00:41:17|cicuta|agnitio|cedo|depereo|aiunt|creber|asper|sol|in|patrocinor|demonstro|vita|somniculosus|sol|claustrum|veritas|vergo|subito|supra|bonus|odio|super|dolorum|ait|tremo|cinis|sublime|viscus|infit|nulla|conculco|cunabula|asper|beatus|molestiae|demum|adsidue|ait|cui|crustulum|infit|audentia|calculus|sursum|sui|velit
commemoro|canto|2023-09-19 02:43:34|2019-05-12 05:27:45|tempora|statua|tactus|adstringo|2022-09-28 02:45:31|crur|desipio|fugiat|libero|similique|sonitus|peccatus|voluptatum|uterque|soleo|attero|comitatus|theca|cerno|maxime|acidus|ad|vallum|pax|sumptus|auditor|ipsum|villa|ducimus|sopor|ago|tres|dignissimos|sperno|aut|vesco|atrox|aliqua|sopor|thymum|optio|damno|autus|virtus|succedo|iusto|dolore|trado|vulariter|somniculosus|reiciendis
delicate|statua|2025-12-23 13:34:34|2020-05-14 18:20:22|aggredior|despecto|soluta|depulso|2020-04-01 14:22:37|cito|maiores|veritas|saepe|sodalitas|ambulo|statua|auditor|tego|celo|conqueror|ubi|voco|dedico|tumultus|speculum|cervus|varius|ars|adiuvo|tardus|conitor|vito|creo|accusantium|votum|delectus|vulnero|verumtamen|artificiose|strues|surgo|cognomen|benevolentia|peior|asperiores|sollicito|sapiente|sursum|hic|verumtamen|arbustum|tendo|brevis|ratione|timidus
conor|decet|2024-07-23 15:12:24|2019-04-15 18:11:01|aegrus|peior|supellex|villa|2017-12-01 13:41:48|vitium|ipsa|adinventitias|contego|carmen|explicabo|speculum|sustineo|magni|unde|vere|appono|demergo|deleo|curso|cerno|error|timidus|amoveo|corrupti|dolores|baiulus|combibo|uxor|vitium|admiratio|vomica|turba|patria|adulescens|somnus|conicio|vehemens|valens|neque|cognomen|suppellex|volubilis|cinis|fugiat|nisi|adhuc|tergo|caput|illo|subiungo
conor|caecus|2017-06-10 01:21:49|2018-10-14 07:04:49|suffragium|commodi|studio|correptius|2022-03-28 23:59:19|sulum|votum|tepidus|sponte|excepturi|crux|agnitio|delinquo|tepesco|thymum|decens|delego|provident|at|stultus|abutor|sto|pecto|calamitas|denuncio|sum|credo|quam|sopor|alter|creo|degenero|comis|cubo|decimus|amplus|trepide|civitas|vilicus|vesco|confero|conatus|talus|creber|totidem|curia|ulciscor|video|ventosus|tricesimus|suspendo
ea|canis|2019-01-11 00:31:45|2024-07-19 11:36:54|vomer|pecco|depulso|thymbra|2020-10-18 09:00:45|astrum|antiquus|terebro|truculenter|corrumpo|acceptus|ocer|theatrum|aut|debeo|corrigo|anser|sulum|deprimo|stella|depopulo|crustulum|audacia|sollers|creptio|canto|verus|sodalitas|terga|utpote|correptius|ullam|cras|timidus|comptus|alius|a|cavus|depulso|vomer|viscus|coniuratio|cultura|contra|audacia|combibo|supra|arx|nemo|veritatis|cui
pecus|delibero|2019-12-09 21:20:45|2016-12-02 11:55:41|acer|doloremque|articulus|callide|2025-04-09 16:49:02|cavus|arx|tempore|accendo|ipsum|conservo|ex|thalassinus|viscus|cui|virga|volva|benevolentia|cunae|molestias|denego|cedo|vorax|adiuvo|utpote|subvenio|suppellex|textus|tabesco|viriliter|sint|deduco|alii|claustrum|ipsam|verbum|beatus|veniam|confido|audacia|demum|tenetur|iste|sustineo|attero|tenus|adstringo|trans|tantillus|acidus|urbanus
thema|coepi|2018-06-01 20:11:48|2018-09-29 20:41:11|amoveo|cursim|demulceo|certus|2018-08-23 23:26:50|desino|votum|minus|tyrannus|tantillus|creator|tantillus|tero|terra|tristis|strenuus|volo|vitae|cras|tumultus|celer|cras|tergo|volva|quisquam|utrum|attonbitus|claustrum|nemo|cornu|voluptate|depromo|advenio|trepide|vestrum|terminatio|sulum|appono|tendo|commodi|atrocitas|subvenio|cogito|corroboro|deleo|curtus|adulescens|traho|sollers|peccatus|depraedor
terra|calculus|2021-11-26 07:31:19|2022-10-15 07:51:18|patria|magni|cognatus|cenaculum|2022-12-16 13:34:24|corpus|tandem|adfectus|a|vesco|rem|arca|desidero|harum|abundans|vos|voro|terreo|deprimo|audacia|correptius|similique|vociferor|una|deporto|quae|trado|tot|aequus|dolores|talio|curatio|voluntarius|comes|aequitas|terebro|coniecto|ante|alienus|contigo|saepe|attonbitus|verecundia|cupressus|sunt|vilis|tripudio|bellicus|vulgivagus|bibo|consuasor
sto|clam|2020-06-07 19:21:53|2016-09-12 15:23:52|universe|caveo|tamdiu|curriculum|2021-01-30 05:55:38|eos|sponte|qui|doloribus|nobis|artificiose|accusantium|patrocinor|vergo|varius|tenus|arbustum|colligo|confero|officia|vicinus|decumbo|sustineo|decumbo|eos|caste|amplitudo|aveho|ars|cado|decipio|certe|constans|administratio|ulciscor|civis|tenetur|umbra|cimentarius|casus|consuasor|comburo|corrumpo|hic|cultura|aduro|claudeo|acidus|theologus|ater|vigilo
tredecim|alii|2018-08-25 12:15:41|2020-10-29 12:13:39|aedificium|subito|vapulus|dolore|2026-07-08 11:54:33|excepturi|coma|solutio|autem|curo|communis|harum|maxime|consequuntur|abundans|perspiciatis|degenero|vulgaris|certe|adopto|arto|sublime|amoveo|aureus|adflicto|vapulus|maiores|vorago|ademptio|non|cura|desidero|calamitas|corrupti|viriliter|torqueo|conicio|defetiscor|consequuntur|a|aspernatur|curtus|curo|adipiscor|ocer|acidus|conculco|textilis|eaque|atrox|celebrer
viridis|talis|2018-03-31 04:13:12|2025-12-28 19:19:25|conscendo|totam|volubilis|casso|2025-03-05 17:33:40|tenuis|voro|basium|verus|aeger|vomito|comitatus|cuppedia|varius|sordeo|cui|carus|volva|usitas|texo|porro|coadunatio|neque|dicta|solio|coerceo|versus|audio|voluptas|caries|coepi|sollers|ater|celo|laborum|suppono|vorax|ut|magni|explicabo|denuo|attero|nisi|reiciendis|aequus|crebro|argentum|uberrime|confugo|acquiro|clamo
claustrum|cupiditas|2017-03-20 16:53:58|2022-11-27 00:31:36|deprimo|circumvenio|bis|arceo|2017-06-19 16:20:18|viscus|deputo|temeritas|itaque|crapula|deprecator|cupiditate|sit|infit|canonicus|basium|trado|comes|possimus|comminor|adiuvo|commodi|quasi|attero|uxor|adaugeo|tabula|alienus|trucido|amita|cilicium|utor|statim|tyrannus|blandior|custodia|officia|vicissitudo|quo|vix|vito|acies|conforto|tergo|valeo|coaegresco|adiuvo|conqueror|alo|benigne|temeritas
mollitia|tollo|2025-10-31 16:15:20|2021-12-21 07:33:59|sumo|asperiores|similique|candidus|2025-05-23 19:13:31|vociferor|nulla|tamisium|defluo|apostolus|voro|texo|spectaculum|cito|concedo|alii|cibus|verto|cognomen|possimus|vindico|conitor|adicio|inventore|rem|cohibeo|convoco|tyrannus|aliquid|aufero|tunc|asperiores|speculum|amor|corporis|adflicto|consequatur|conservo|dignissimos|absum|cupiditate|combibo|terra|summa|vallum|accusantium|cariosus|amissio|caelestis|arma|laudantium
templum|vesper|2017-03-04 08:11:13|2018-01-05 23:58:40|ars|curto|consuasor|desipio|2021-04-20 17:52:25|rerum|adeo|cruentus|cornu|crudelis|dicta|umquam|viridis|atavus|terra|sulum|summopere|voluptates|conor|tibi|vespillo|viduo|cunctatio|sol|recusandae|tametsi|adipiscor|commodo|vestrum|utrimque|clibanus|sol|modi|annus|confugo|coaegresco|corporis|pecus|abscido|vinitor|temptatio|pauper|cunctatio|ventus|surgo|virga|necessitatibus|calco|correptius|amet|aequus
umerus|cetera|2018-09-21 17:57:29|2025-05-16 01:56:08|carbo|tamdiu|curiositas|cohaero|2025-12-21 08:37:56|adicio|vilis|absque|cresco|nesciunt|contra|decet|causa|accommodo|studio|atrocitas|valde|admitto|socius|volutabrum|adfectus|suffragium|basium|xiphias|depono|magni|recusandae|talus|consectetur|subnecto|truculenter|advoco|thermae|caelestis|sponte|una|quos|dolores|atavus|admoneo|atavus|beatae|attonbitus|cetera|utrimque|aiunt|supplanto|ultio|corona|dens|thorax
vulgaris|careo|2022-11-14 08:29:33|2026-04-26 15:00:12|spoliatio|curtus|autus|virgo|2023-06-26 23:09:34|caecus|crastinus|derelinquo|fugiat|agnosco|absque|clarus|volaticus|animus|cohibeo|deprecator|cursim|cariosus|calco|vinco|toties|corpus|quibusdam|tutamen|velum|condico|totam|expedita|paulatim|cunabula|annus|vallum|explicabo|tamisium|velociter|debeo|bellicus|vinitor|utpote|avaritia|reprehenderit|amoveo|texo|ars|hic|admitto|vorax|circumvenio|canis|magni|surculus
thesaurus|uxor|2020-08-30 02:50:52|2019-05-09 20:08:00|sed|accendo|una|desidero|2023-10-09 10:45:25|atrocitas|canonicus|considero|cras|admitto|claudeo|alius|copiose|catena|non|depraedor|sopor|voveo|cattus|comitatus|sollicito|currus|dapifer|vero|eius|architecto|maxime|bis|teneo|aggredior|votum|peccatus|itaque|nobis|decimus|cado|cupressus|conscendo|alo|asperiores|communis|avarus|theatrum|adficio|considero|tenuis|depopulo|totam|ater|viriliter|accommodo
attonbitus|curtus|2021-06-16 12:27:50|2025-10-04 12:33:18|agnitio|quia|pariatur|decimus|2020-05-27 04:22:08|decor|cerno|defero|modi|molestiae|artificiose|vester|tempora|tenax|conspergo|delinquo|cognomen|stips|corroboro|decet|vitium|tantillus|cotidie|cohors|aegrotatio|acsi|numquam|velit|dolorum|absorbeo|coma|autem|vicinus|claudeo|tenus|deludo|uter|ulciscor|cogo|torrens|rerum|torqueo|vereor|ager|adiuvo|rem|clementia|traho|sono|confero|asporto
dedico|aegre|2018-06-03 06:09:42|2024-05-28 03:33:35|villa|totus|terebro|conventus|2022-02-02 15:17:39|derideo|totus|demo|cursus|laborum|blandior|benigne|reiciendis|triduana|sono|adulatio|victus|testimonium|tunc|vel|defero|conspergo|vae|trucido|patruus|acies|vulticulus|ocer|succedo|sequi|curvo|demitto|verbera|vix|comparo|votum|desparatus|quos|coerceo|harum|decretum|beatae|angelus|numquam|tyrannus|aeger|corrumpo|auditor|tribuo|dicta|absconditus
ipsam|teres|2025-09-05 19:22:07|2025-10-05 15:37:54|tabgo|amiculum|dens|accusator|2023-06-27 10:31:37|convoco|temptatio|viscus|demoror|cogo|deleniti|cultura|combibo|coniuratio|valens|baiulus|bellicus|aurum|auxilium|deinde|natus|tutamen|curto|tepesco|creptio|coniecto|ventosus|accedo|tenus|vestigium|avarus|taceo|vester|apparatus|degusto|temporibus|coruscus|textus|cubitum|vilis|sopor|cenaculum|cometes|aegrotatio|considero|teres|infit|terra|vicinus|suadeo|tergiversatio
ut|dignissimos|2016-12-12 00:05:22|2023-05-13 01:46:02|crastinus|angustus|corona|curvo|2016-10-25 05:40:13|aiunt|virga|totus|totus|avarus|conicio|sulum|vitiosus|asperiores|sollers|sui|vinco|utpote|patruus|decipio|tabgo|bis|terreo|taedium|correptius|verecundia|minus|adhaero|tabesco|tergum|carcer|attero|audax|officiis|capitulus|aegrus|vero|ocer|abbas|caute|fugit|valetudo|aer|arguo|accusator|centum|volo|crapula|ciminatio|tametsi|demoror
triumphus|tolero|2017-06-27 02:05:53|2023-12-31 11:27:56|timidus|claustrum|tendo|tero|2018-05-02 01:33:29|uter|amissio|vinum|aer|coadunatio|terebro|ambitus|sollicito|qui|explicabo|atrocitas|confero|cibus|bonus|cado|infit|denique|enim|vindico|thorax|vel|tabella|officia|cauda|aedificium|quisquam|cedo|deserunt|asperiores|occaecati|sollers|celebrer|vix|voluptate|cado|demulceo|tardus|vita|reprehenderit|patior|cunctatio|teneo|adicio|volubilis|advoco|termes
possimus|crudelis|2024-11-18 22:59:49|2018-01-17 16:08:17|animus|caelum|claudeo|conatus|2016-10-12 13:28:59|cornu|alienus|sumptus|thymbra|claudeo|sponte|contra|triduana|vespillo|atavus|thesis|combibo|ara|adsuesco|recusandae|arguo|tertius|tenax|benigne|quam|volo|teres|ipsam|tam|theca|repudiandae|dolorem|facere|cervus|cuppedia|utique|celer|voveo|attollo|alienus|eveniet|viduo|tabula|constans|demoror|terminatio|sublime|deorsum|eaque|ipsum|adversus
beatae|defendo|2019-11-14 03:05:29|2022-06-06 05:38:28|vigor|vigor|dedecor|totidem|2025-10-07 19:33:38|succurro|blandior|una|virgo|explicabo|uberrime|sublime|comparo|vapulus|stipes|truculenter|quisquam|reiciendis|dolorum|bestia|vetus|ceno|creptio|qui|temptatio|assumenda|viduo|tametsi|repudiandae|tenax|approbo|appello|blandior|alioqui|territo|aestus|aliquid|sunt|vicinus|tabesco|temperantia|quis|arma|curtus|cerno|amo|triduana|attonbitus|hic|considero|curiositas
venustas|illo|2017-10-25 13:42:20|2023-08-12 13:41:17|quos|volutabrum|corrumpo|blanditiis|2019-07-30 23:40:34|vae|abundans|officia|calculus|creptio|fugiat|corrupti|depereo|defero|advenio|impedit|tracto|aqua|vilis|combibo|patior|corpus|sequi|aiunt|pecco|anser|comparo|desidero|officia|alioqui|vereor|vix|consequatur|amor|tepidus|aspicio|acidus|cado|voluntarius|qui|confero|tabula|tolero|derideo|deripio|uredo|vado|nemo|animus|labore|triduana
cariosus|reprehenderit|2021-07-18 00:09:47|2023-09-27 12:15:20|statim|sortitus|aureus|velit|2024-04-13 12:20:47|sol|valde|optio|vetus|adaugeo|vilis|utique|peior|utrimque|vere|certus|adflicto|thesis|astrum|vomito|adopto|comptus|vociferor|crustulum|suscipit|voluptate|praesentium|deinde|creptio|claustrum|natus|ceno|beneficium|vulnus|demum|decimus|absque|curiositas|soluta|talis|cognomen|venia|decet|adstringo|cubicularis|vulgus|basium|deputo|supplanto|cibus|beneficium
tabernus|animus|2019-04-12 09:05:36|2021-05-01 14:35:53|celebrer|convoco|tener|rem|2023-08-27 01:41:52|comprehendo|viridis|absens|desparatus|ver|cultellus|tabgo|tunc|credo|aetas|titulus|cenaculum|comparo|amo|vaco|sponte|consequatur|dedecor|corrigo|ceno|et|vesper|crepusculum|crustulum|minima|cresco|valens|viriliter|truculenter|quia|sollicito|voveo|sono|apud|sophismata|cursus|cohaero|denuncio|benigne|cultellus|aegrotatio|supplanto|territo|celer|audacia|laboriosam
apostolus|articulus|2024-08-31 11:46:35|2017-09-30 12:07:43|sub|tamen|laborum|vespillo|2023-01-19 00:15:02|tergiversatio|conicio|contigo|tenuis|convoco|addo|carcer|cinis|veniam|eligendi|suspendo|ad|cetera|enim|iste|amissio|ventus|vorax|totus|benigne|cura|conspergo|inflammatio|depereo|virga|suppellex|spiritus|similique|adsum|caecus|currus|coepi|ustilo|vehemens|aeternus|cohaero|adhuc|virtus|ipsum|aureus|dens|conventus|repudiandae|perspiciatis|vesper|velit
appello|apud|2022-07-28 06:58:08|2022-03-31 14:28:03|attonbitus|dapifer|caste|calamitas|2023-08-05 08:04:21|vomer|tribuo|somnus|vehemens|defendo|sulum|corroboro|strues|abstergo|incidunt|voveo|thymum|caput|ante|conturbo|certus|succedo|suppono|tempore|illo|atavus|dicta|tui|avarus|turbo|vilitas|abduco|currus|concido|villa|ducimus|cornu|stultus|curto|curso|conor|umbra|eum|neque|odio|vulticulus|adiuvo|cum|cubitum|cunctatio|cursus
totam|triumphus|2023-12-20 11:04:06|2025-08-28 23:22:00|vinum|defetiscor|acidus|territo|2024-03-12 06:11:51|aer|statim|architecto|aut|audacia|solum|congregatio|crapula|acerbitas|dolor|comburo|suppono|caelum|sol|tutis|triduana|ara|aetas|delectus|animus|vilicus|aperio|vicissitudo|vita|vitium|timor|praesentium|adfero|valetudo|degenero|ceno|adfero|deficio|tego|tantum|odit|aiunt|terra|at|calco|voluntarius|ullam|aegre|patior|amplitudo|clamo
arbor|sit|2022-08-24 16:06:31|2018-12-30 02:09:30|trucido|attonbitus|tardus|vox|2018-09-16 09:53:22|rerum|coruscus|curo|vulnero|tertius|corroboro|ab|abduco|solitudo|cum|usque|canis|tergum|apostolus|damno|error|armarium|concido|conduco|terra|acervus|delibero|claro|verto|talis|admiratio|tergum|deleniti|ait|armarium|antea|delectatio|defetiscor|theca|arto|vindico|desidero|adopto|crudelis|audacia|spargo|acies|antepono|arca|volubilis|vester
adficio|aufero|2021-07-14 19:59:52|2019-07-30 17:07:02|avaritia|textor|pel|non|2022-11-11 23:25:35|terebro|tabernus|beneficium|certe|truculenter|urbs|villa|vetus|volutabrum|arguo|cupressus|aggredior|cruciamentum|arto|absorbeo|tepidus|tot|aperte|autus|via|vetus|votum|celo|enim|desino|confido|traho|cohibeo|vilicus|damno|absque|alias|vae|iste|temperantia|deleo|vitae|doloribus|constans|dedico|hic|textus|trans|alter|thymum|acerbitas
abbas|thalassinus|2019-10-25 23:43:11|2019-11-07 10:11:20|conicio|sopor|caelestis|excepturi|2018-07-14 23:03:59|provident|creator|beneficium|confido|viriliter|absorbeo|blandior|curiositas|delectus|cedo|texo|curiositas|eius|ultio|laborum|ventus|laboriosam|dolore|sulum|auctus|aestas|adsum|validus|conscendo|canonicus|rerum|delectatio|tandem|sortitus|termes|tabgo|valetudo|balbus|delibero|unde|addo|degenero|provident|usus|traho|tyrannus|animus|aer|uterque|optio|adficio
canto|basium|2021-01-04 23:49:28|2018-09-27 15:14:25|voluptas|comburo|vix|adfectus|2019-06-30 12:12:51|culpa|subseco|ciminatio|audeo|aeger|cur|terra|ipsam|eligendi|explicabo|harum|cupressus|cumque|articulus|reprehenderit|pecus|titulus|cogo|sortitus|appello|laborum|vomito|tabernus|adeo|sperno|tergeo|chirographum|coniuratio|chirographum|ipsum|amplitudo|cernuus|defleo|capitulus|maxime|vinitor|talus|ago|cohors|alias|deinde|caelestis|torrens|cornu|ab|animadverto
valeo|comes|2023-03-13 01:24:12|2019-02-18 04:43:35|adicio|quaerat|decimus|amplus|2017-11-04 06:23:41|timor|degero|odio|patrocinor|cavus|vehemens|amet|aspicio|celer|denego|vestrum|ducimus|ab|accusantium|colo|cenaculum|suus|soluta|tunc|usitas|voro|theca|vereor|triumphus|compono|abutor|error|clementia|vestrum|capio|appositus|tumultus|voluptates|amplus|triumphus|aegre|desino|strues|creber|adfectus|atrox|cultellus|natus|velut|casso|nihil
teres|toties|2019-02-28 01:27:40|2026-07-31 10:57:40|pax|amplus|timidus|tenus|2019-03-20 01:09:16|vitae|tendo|calco|doloribus|strenuus|depraedor|ars|cometes|conor|decor|tepidus|aetas|aegrotatio|cicuta|demitto|error|aer|reprehenderit|arcesso|balbus|conor|una|carmen|vacuus|advoco|aqua|agnosco|sunt|antea|creptio|aegre|cimentarius|traho|stella|alioqui|vox|conventus|tero|omnis|vespillo|veniam|capitulus|curvo|optio|itaque|crux
totam|avaritia|2020-06-06 03:28:20|2025-04-22 06:55:14|patior|utique|canto|summisse|2016-11-06 07:28:49|abundans|dolores|nihil|corpus|beneficium|defessus|urbanus|tempus|centum|suffragium|cohors|calamitas|animus|aqua|clibanus|adnuo|vis|spectaculum|suus|tristis|deprecator|aqua|cattus|ustulo|tero|cedo|casus|angelus|comparo|cohibeo|suscipit|abutor|acer|defessus|anser|sursum|auditor|claudeo|aequitas|id|reprehenderit|accommodo|ustulo|colo|vicinus|dedico
patrocinor|desino|2018-11-25 07:29:20|2017-02-27 15:00:11|ubi|vox|delibero|iste|2021-01-17 14:49:13|complectus|cohibeo|advoco|fugiat|censura|vapulus|surculus|volutabrum|cupio|tabella|statim|deficio|carus|voluptatibus|ubi|trado|cometes|maiores|vinum|et|usque|cognatus|venia|vos|deludo|currus|subito|voluptatibus|confero|cattus|tenus|repellendus|cauda|velit|vobis|necessitatibus|ascit|tristis|tabesco|amitto|denique|harum|comparo|arcus|rem|ocer
comprehendo|aliquam|2018-12-17 20:24:48|2018-11-09 00:38:37|sufficio|ea|apto|vita|2025-03-14 15:06:50|argumentum|assentator|cotidie|vestrum|calculus|verumtamen|vulgo|confido|trepide|custodia|tener|corrumpo|virtus|amplus|cognatus|spiculum|victus|aegrus|animus|ipsum|reprehenderit|tum|perferendis|cunctatio|inventore|vigor|cognatus|unus|debeo|terga|optio|abscido|suffoco|suppellex|voluptate|vitiosus|amita|amo|vitae|eos|temperantia|claro|ex|umbra|suffoco|verbera
enim|thesis|2017-02-22 19:11:04|2023-10-22 07:19:51|angelus|celo|ante|adficio|2022-06-21 04:29:15|theatrum|curatio|tepesco|uredo|dolor|cibus|ventus|conforto|cunabula|supplanto|suscipit|capio|summa|defaeco|ancilla|desparatus|victoria|coerceo|sol|sequi|soluta|atqui|volva|recusandae|videlicet|natus|antiquus|tempore|ceno|curo|terra|tantillus|cubitum|tabula|acsi|facilis|alii|stabilis|subnecto|delicate|clementia|ducimus|aptus|pariatur|sollicito|laboriosam
synagoga|apud|2022-10-19 23:57:04|2017-07-07 01:04:34|excepturi|thorax|stultus|deputo|2021-07-06 18:05:36|perferendis|subito|corrumpo|cometes|celo|ager|patria|amiculum|convoco|vinco|cursus|tempora|amplus|vae|debeo|conscendo|beatus|tunc|spiculum|deprimo|capio|comedo|aperiam|suffragium|ocer|amiculum|aranea|vorago|tergum|deripio|crinis|communis|repellat|appositus|desparatus|dolorem|contigo|aestivus|trans|aspicio|corrigo|animi|deporto|vesper|beatae|quo
cum|harum|2019-10-29 11:12:06|2026-01-25 13:36:41|altus|tener|concido|colligo|2025-01-29 14:35:46|acquiro|sursum|repellat|solvo|vilis|demo|amplus|ancilla|crinis|titulus|curtus|confero|ipsa|trans|vere|tot|demo|cras|consuasor|deripio|valde|triumphus|compono|uredo|assentator|tunc|numquam|velociter|stillicidium|vito|ventito|tener|soleo|architecto|sui|tabesco|pecus|defendo|possimus|degusto|appono|stips|ut|iusto|tandem|subnecto
vestrum|vereor|2019-04-05 18:48:40|2018-08-18 01:55:43|soluta|similique|audentia|ipsa|2026-02-27 15:53:31|agnitio|volutabrum|artificiose|decet|assentator|beneficium|viridis|vilicus|degero|reiciendis|admitto|desolo|strues|incidunt|sumptus|amitto|tactus|comitatus|pecto|magnam|desidero|tot|vulnero|curvo|suffragium|appello|certus|necessitatibus|cattus|ver|adsidue|canis|contego|valeo|tripudio|aspernatur|supplanto|laborum|vaco|cras|capitulus|beneficium|constans|utpote|deputo|debitis
articulus|umquam|2023-04-17 04:48:30|2026-08-24 03:03:47|corpus|crastinus|vallum|et|2020-09-18 02:13:24|asper|conatus|alter|aduro|paens|repellendus|benigne|sint|temperantia|adinventitias|tergeo|ter|asper|turbo|vesco|utique|terra|defleo|voluptates|iure|ventito|ultra|versus|animus|ascit|casso|testimonium|timidus|deripio|incidunt|qui|absens|speculum|stabilis|decens|decet|voluptas|cum|consequatur|despecto|admiratio|cruentus|thalassinus|eum|sapiente|auctor
vesica|earum|2020-11-29 09:51:34|2019-07-21 19:37:17|conventus|comitatus|fugit|animi|2025-02-18 09:36:12|asporto|solitudo|vindico|modi|tutamen|adicio|tabesco|appello|cogo|quod|deporto|timor|tonsor|aperte|praesentium|sursum|territo|minus|volaticus|advenio|uberrime|vociferor|alo|crepusculum|asperiores|teres|enim|synagoga|voluptatem|cicuta|texo|consuasor|despecto|acceptus|certe|atrocitas|villa|spiculum|corpus|crastinus|sit|audeo|unus|contra|condico|nihil
armarium|laboriosam|2017-02-22 01:13:40|2019-04-24 05:55:05|corrupti|trado|abutor|amaritudo|2024-01-18 00:09:43|torrens|doloribus|depromo|tubineus|defungo|venustas|peior|ultio|territo|tolero|audentia|terreo|aranea|sophismata|venia|carus|tersus|viriliter|consuasor|ambulo|tenax|talis|attero|ultio|virgo|appello|deludo|vulgus|charisma|studio|pecto|vomer|adstringo|ullam|ater|vicinus|comes|textor|alioqui|acies|thorax|accendo|adficio|conscendo|eius|facere
carpo|coerceo|2018-08-27 17:07:49|2019-01-19 16:10:48|clamo|somnus|pariatur|certe|2025-10-05 04:35:36|copiose|accendo|testimonium|sto|suppellex|celer|contabesco|alii|convoco|tunc|iste|damnatio|approbo|sulum|curiositas|abduco|commodi|una|campana|uter|pel|caries|spero|derelinquo|apparatus|natus|quae|tepidus|ascit|absens|agnosco|cur|aestus|tum|cito|cunae|ambitus|labore|vobis|coerceo|ratione|texo|deludo|tener|sumo|cursim
varietas|suggero|2019-11-27 15:40:54|2022-01-29 23:47:57|cervus|celer|patruus|omnis|2022-08-18 12:21:33|artificiose|ulterius|soleo|clibanus|caute|rerum|comptus|cunctatio|rem|solvo|thymum|socius|turpis|caste|admoneo|audio|deleniti|abutor|adopto|contigo|suffoco|speciosus|absens|supplanto|subito|minima|admitto|amissio|natus|dignissimos|careo|acceptus|tergiversatio|cognatus|apostolus|confero|utor|aegrus|cupressus|sunt|carbo|pauci|texo|trucido|vis|verbum
veritatis|attollo|2017-08-10 22:06:40|2023-05-15 08:41:04|corrumpo|amet|aegrus|aliquid|2022-07-02 23:13:00|uxor|verto|aurum|deorsum|decipio|aestas|tutis|fugit|cur|atavus|voluptates|adstringo|sortitus|acerbitas|depraedor|auditor|patrocinor|dolorum|aliquam|ipsa|utroque|vorax|ubi|absconditus|calco|arca|degusto|causa|est|debilito|sonitus|vulnus|adflicto|tener|sui|pax|cubicularis|enim|nulla|bibo|votum|defendo|tempora|cedo|acies|turbo
sui|cuius|2026-02-13 10:06:50|2018-02-05 15:05:52|arbor|confero|corroboro|volubilis|2021-04-15 14:24:19|tego|torqueo|conor|collum|benevolentia|amiculum|abduco|valde|caveo|concedo|congregatio|thalassinus|ambitus|paens|atqui|creo|eos|accusator|conventus|magni|aedificium|decipio|thymbra|doloribus|turpis|officiis|volaticus|volutabrum|volubilis|corporis|accusantium|conservo|similique|aureus|adipisci|conturbo|tracto|absum|demum|sollicito|virga|quidem|pecus|minus|bestia|assumenda
tepesco|temeritas|2024-03-18 18:48:54|2018-05-05 19:48:52|ultio|praesentium|vinco|cunabula|2018-08-09 21:57:10|decimus|cuppedia|dedecor|truculenter|substantia|derelinquo|temperantia|verecundia|deleo|correptius|conatus|cresco|communis|corrigo|adhuc|tempora|baiulus|ventosus|soleo|candidus|pauci|viridis|utpote|statua|crux|substantia|deporto|vir|teres|spargo|curto|architecto|voluptates|depromo|adaugeo|audentia|tero|atqui|agnitio|vespillo|candidus|arca|aegrus|crepusculum|conculco|calculus
spargo|termes|2019-07-19 00:36:46|2026-06-25 09:57:11|nulla|culpo|abscido|solum|2021-12-19 07:11:20|amitto|iure|ciminatio|curso|vigilo|quis|vel|reprehenderit|calcar|votum|neque|sodalitas|delicate|surgo|somniculosus|vespillo|peior|atrox|careo|aegrotatio|arbor|desparatus|aeneus|tracto|denuo|thalassinus|thema|vulnus|ab|ut|defaeco|amita|super|undique|corrigo|tres|dedecor|pax|cupiditate|vacuus|corrumpo|recusandae|carcer|reiciendis|cura|cena
aranea|coaegresco|2020-12-02 08:16:05|2017-05-23 08:02:28|cubicularis|vesco|astrum|adicio|2019-12-26 09:04:13|vomer|amoveo|ante|sufficio|et|ratione|defluo|natus|verecundia|comminor|civitas|alii|tondeo|debeo|spoliatio|tutamen|arcus|adulatio|utique|villa|tergeo|accusator|pel|circumvenio|capio|volubilis|tamisium|accusator|curso|ustilo|ullam|aperiam|crebro|patria|vilitas|conspergo|volva|comes|contigo|sui|textus|voluptas|defungo|temptatio|et|suffoco
perferendis|hic|2020-03-13 13:30:54|2023-07-11 04:33:50|talis|taedium|toties|tyrannus|2020-08-11 22:53:05|utroque|surgo|suggero|tardus|tactus|pauci|paulatim|consequuntur|viridis|cupiditate|cattus|dolores|surgo|abstergo|clementia|candidus|cohaero|taedium|arto|defleo|modi|conturbo|saepe|deficio|utor|ascit|somniculosus|corpus|viridis|voluptatum|taedium|distinctio|antiquus|velit|damnatio|utroque|quod|incidunt|barba|toties|nulla|alveus|consequatur|cupiditas|comburo|pel